2026-03-14 17:32:43 [INFO]: MongoDB connected
2026-03-14 17:32:43 [INFO]: Server running on port 5000 in development mode
2026-03-14 17:37:05 [INFO]: MongoDB connected
2026-03-14 17:37:05 [INFO]: Server running on port 5000 in development mode
2026-03-14 17:37:19 [INFO]: MongoDB connected
2026-03-14 17:37:19 [INFO]: Server running on port 5000 in development mode
2026-03-14 17:37:46 [INFO]: MongoDB connected
2026-03-14 17:37:46 [INFO]: Server running on port 5000 in development mode
2026-03-14 17:37:48 [INFO]: MongoDB connected
2026-03-14 17:37:48 [INFO]: Server running on port 5000 in development mode
2026-03-14 17:38:38 [INFO]: MongoDB connected
2026-03-14 17:38:38 [INFO]: Server running on port 5000 in development mode
2026-03-14 17:38:45 [INFO]: MongoDB connected
2026-03-14 17:38:45 [INFO]: Server running on port 5000 in development mode
2026-03-14 17:38:47 [INFO]: MongoDB connected
2026-03-14 17:38:47 [INFO]: Server running on port 5000 in development mode
2026-03-14 17:39:06 [INFO]: MongoDB connected
2026-03-14 17:39:06 [INFO]: Server running on port 5000 in development mode
2026-03-14 17:39:08 [INFO]: MongoDB connected
2026-03-14 17:39:08 [INFO]: Server running on port 5000 in development mode
2026-03-14 17:39:16 [INFO]: MongoDB connected
2026-03-14 17:39:16 [INFO]: Server running on port 5000 in development mode
2026-03-14 17:39:18 [INFO]: MongoDB connected
2026-03-14 17:39:18 [INFO]: Server running on port 5000 in development mode
2026-03-14 17:39:20 [INFO]: MongoDB connected
2026-03-14 17:39:20 [INFO]: Server running on port 5000 in development mode
2026-03-14 17:39:54 [INFO]: MongoDB connected
2026-03-14 17:39:54 [INFO]: Server running on port 5000 in development mode
2026-03-14 17:42:35 [INFO]: MongoDB connected
2026-03-14 17:42:35 [INFO]: Server running on port 5000 in development mode
2026-03-14 17:46:24 [INFO]: MongoDB connected for skill seeding
2026-03-14 17:46:26 [INFO]: Pass 1 complete: all 12 skills upserted
2026-03-14 17:46:26 [INFO]: Pass 2 complete: prerequisites resolved and linked
2026-03-14 17:46:32 [INFO]: MongoDB connected for problem seeding
2026-03-14 17:46:33 [INFO]: Seeded 3 problems for Arrays
2026-03-14 17:46:33 [INFO]: Seeded 3 problems for Strings
2026-03-14 17:46:34 [INFO]: Seeded 3 problems for Hashing
2026-03-14 17:46:34 [INFO]: Seeded 3 problems for Recursion
2026-03-14 17:46:34 [INFO]: Seeded 3 problems for Sorting
2026-03-14 17:46:34 [INFO]: Seeded 3 problems for Searching
2026-03-14 17:46:34 [INFO]: Seeded 3 problems for Linked Lists
2026-03-14 17:46:34 [INFO]: Seeded 3 problems for Stacks & Queues
2026-03-14 17:46:35 [INFO]: Seeded 3 problems for Trees
2026-03-14 17:46:35 [INFO]: Seeded 3 problems for Graphs
2026-03-14 17:46:35 [INFO]: Seeded 3 problems for Dynamic Programming
2026-03-14 17:46:35 [INFO]: Seeded 3 problems for Greedy Algorithms
2026-03-14 17:46:35 [INFO]: Problem seeding finished — 36 problems upserted
2026-03-14 17:51:09 [INFO]: MongoDB connected
2026-03-14 17:51:09 [INFO]: Server running on port 5000 in development mode
2026-03-14 17:51:15 [INFO]: MongoDB connected
2026-03-14 17:51:15 [INFO]: Server running on port 5000 in development mode
2026-03-14 17:51:20 [INFO]: MongoDB connected
2026-03-14 17:51:20 [INFO]: Server running on port 5000 in development mode
2026-03-14 17:51:33 [INFO]: MongoDB connected
2026-03-14 17:51:33 [INFO]: Server running on port 5000 in development mode
2026-03-14 17:51:47 [INFO]: MongoDB connected
2026-03-14 17:51:47 [INFO]: Server running on port 5000 in development mode
2026-03-14 17:52:41 [INFO]: MongoDB connected
2026-03-14 17:52:41 [INFO]: Server running on port 5000 in development mode
2026-03-14 17:53:03 [INFO]: MongoDB connected
2026-03-14 17:53:03 [INFO]: Server running on port 5000 in development mode
2026-03-14 17:53:07 [INFO]: MongoDB connected
2026-03-14 17:53:07 [INFO]: Server running on port 5000 in development mode
2026-03-14 17:54:03 [INFO]: MongoDB connected
2026-03-14 17:54:03 [INFO]: Server running on port 5000 in development mode
2026-03-14 17:54:49 [INFO]: MongoDB connected
2026-03-14 17:54:49 [INFO]: Server running on port 5000 in development mode
2026-03-14 17:54:51 [INFO]: MongoDB connected
2026-03-14 17:54:51 [INFO]: Server running on port 5000 in development mode
2026-03-14 17:55:52 [INFO]: MongoDB connected
2026-03-14 17:55:52 [INFO]: Server running on port 5000 in development mode
2026-03-14 17:55:54 [INFO]: MongoDB connected
2026-03-14 17:55:54 [INFO]: Server running on port 5000 in development mode
2026-03-14 17:56:32 [INFO]: MongoDB connected
2026-03-14 17:56:32 [INFO]: Server running on port 5000 in development mode
2026-03-14 17:56:43 [INFO]: MongoDB connected
2026-03-14 17:56:43 [INFO]: Server running on port 5000 in development mode
2026-03-14 17:56:58 [INFO]: MongoDB connected
2026-03-14 17:56:58 [INFO]: Server running on port 5000 in development mode
2026-03-14 17:57:03 [INFO]: MongoDB connected
2026-03-14 17:57:03 [INFO]: Server running on port 5000 in development mode
2026-03-14 17:59:20 [INFO]: MongoDB connected
2026-03-14 18:27:49 [INFO]: New user registered: supreethreddypannala@gmail.com
2026-03-14 18:27:49 [INFO]: [0mPOST /api/auth/register [32m201[0m 1696.672 ms - 441[0m
2026-03-14 18:27:49 [INFO]: Socket connected: PdJZTNm0GSZFlGTsAAAB
2026-03-14 18:27:49 [INFO]: Socket PdJZTNm0GSZFlGTsAAAB joined room user:69b55b4c2a4ff06cb7d760fa
2026-03-14 18:27:49 [INFO]: [0mGET /api/skills/my-states [32m200[0m 194.764 ms - 6375[0m
2026-03-14 18:27:49 [INFO]: [0mGET /api/users/profile [32m200[0m 249.782 ms - 6476[0m
2026-03-14 18:27:49 [INFO]: [0mGET /api/skills/my-states [36m304[0m 167.173 ms - -[0m
2026-03-14 18:27:49 [INFO]: [0mGET /api/users/profile [36m304[0m 182.901 ms - -[0m
2026-03-14 18:27:50 [INFO]: [0mGET /api/submissions/history?limit=10 [32m200[0m 648.484 ms - 107[0m
2026-03-14 18:27:50 [INFO]: [0mGET /api/submissions/history?limit=10 [36m304[0m 84.108 ms - -[0m
2026-03-14 18:27:50 [INFO]: [0mGET /api/users/recommendations [32m200[0m 851.074 ms - 1607[0m
2026-03-14 18:27:50 [INFO]: [0mGET /api/users/recommendations [36m304[0m 173.274 ms - -[0m
2026-03-14 18:27:55 [INFO]: [0mGET /api/problems?page=1&limit=12 [32m200[0m 119.887 ms - 12238[0m
2026-03-14 18:27:55 [INFO]: [0mGET /api/skills [32m200[0m 145.057 ms - 4858[0m
2026-03-14 18:27:55 [INFO]: [0mGET /api/problems?page=1&limit=12 [36m304[0m 181.442 ms - -[0m
2026-03-14 18:27:55 [INFO]: [0mGET /api/skills [36m304[0m 181.147 ms - -[0m
2026-03-14 18:27:59 [INFO]: [0mGET /api/problems/69b551a430f4ccf0382a10a9 [32m200[0m 258.735 ms - 1393[0m
2026-03-14 18:27:59 [INFO]: [0mGET /api/problems/69b551a430f4ccf0382a10a9 [36m304[0m 325.674 ms - -[0m
2026-03-14 18:28:17 [INFO]: [0mGET /api/submissions/history?limit=20 [32m200[0m 122.599 ms - 107[0m
2026-03-14 18:28:17 [INFO]: [0mGET /api/users/profile [36m304[0m 150.125 ms - -[0m
2026-03-14 18:28:17 [INFO]: [0mGET /api/submissions/history?limit=20 [36m304[0m 56.865 ms - -[0m
2026-03-14 18:28:17 [INFO]: [0mGET /api/users/profile [36m304[0m 115.536 ms - -[0m
2026-03-14 18:28:27 [INFO]: [0mGET /api/users/profile [36m304[0m 153.676 ms - -[0m
2026-03-14 18:28:27 [INFO]: [0mGET /api/skills/my-states [36m304[0m 160.281 ms - -[0m
2026-03-14 18:28:27 [INFO]: [0mGET /api/users/recommendations [36m304[0m 239.786 ms - -[0m
2026-03-14 18:28:27 [INFO]: [0mGET /api/users/profile [36m304[0m 116.083 ms - -[0m
2026-03-14 18:28:27 [INFO]: [0mGET /api/skills/my-states [36m304[0m 144.334 ms - -[0m
2026-03-14 18:28:27 [INFO]: [0mGET /api/users/recommendations [36m304[0m 276.082 ms - -[0m
2026-03-14 18:28:27 [INFO]: [0mGET /api/submissions/history?limit=10 [36m304[0m 626.140 ms - -[0m
2026-03-14 18:28:27 [INFO]: [0mGET /api/submissions/history?limit=10 [36m304[0m 85.754 ms - -[0m
2026-03-14 18:33:21 [INFO]: Socket disconnected: PdJZTNm0GSZFlGTsAAAB
2026-03-14 18:33:51 [INFO]: MongoDB connected
2026-03-14 18:33:51 [INFO]: Server running on port 5000 in development mode
2026-03-14 18:34:19 [INFO]: MongoDB connected
2026-03-14 18:34:19 [INFO]: Server running on port 5000 in development mode
2026-03-14 18:38:25 [INFO]: MongoDB connected
2026-03-14 18:38:25 [INFO]: Server running on port 5000 in development mode
2026-03-14 18:38:46 [INFO]: MongoDB connected
2026-03-14 18:38:46 [INFO]: Server running on port 5000 in development mode
2026-03-14 18:44:23 [INFO]: MongoDB connected for problem seeding
2026-03-14 18:44:23 [INFO]: Seeded 3 problems for Arrays
2026-03-14 18:44:23 [INFO]: Seeded 3 problems for Strings
2026-03-14 18:44:24 [INFO]: Seeded 3 problems for Hashing
2026-03-14 18:44:24 [INFO]: Seeded 3 problems for Recursion
2026-03-14 18:44:24 [INFO]: Seeded 3 problems for Sorting
2026-03-14 18:44:24 [INFO]: Seeded 3 problems for Searching
2026-03-14 18:44:24 [INFO]: Seeded 3 problems for Linked Lists
2026-03-14 18:44:25 [INFO]: Seeded 3 problems for Stacks & Queues
2026-03-14 18:44:25 [INFO]: Seeded 3 problems for Trees
2026-03-14 18:44:25 [INFO]: Seeded 3 problems for Graphs
2026-03-14 18:44:25 [INFO]: Seeded 3 problems for Dynamic Programming
2026-03-14 18:44:26 [INFO]: Seeded 3 problems for Greedy Algorithms
2026-03-15 10:36:03 [INFO]: MongoDB connected for problem seeding
2026-03-15 10:36:03 [INFO]: Seeded 3 problems for Arrays
2026-03-15 10:36:04 [INFO]: Seeded 3 problems for Strings
2026-03-15 10:36:04 [INFO]: Seeded 3 problems for Hashing
2026-03-15 10:36:04 [INFO]: Seeded 3 problems for Recursion
2026-03-15 10:36:04 [INFO]: Seeded 3 problems for Sorting
2026-03-15 10:36:04 [INFO]: Seeded 3 problems for Searching
2026-03-15 10:36:04 [INFO]: Seeded 3 problems for Linked Lists
2026-03-15 10:36:04 [INFO]: Seeded 3 problems for Stacks & Queues
2026-03-15 10:36:04 [INFO]: Seeded 3 problems for Trees
2026-03-15 10:36:05 [INFO]: Seeded 3 problems for Graphs
2026-03-15 10:36:05 [INFO]: Seeded 3 problems for Dynamic Programming
2026-03-15 10:36:05 [INFO]: Seeded 3 problems for Greedy Algorithms
2026-03-15 11:56:22 [INFO]: MongoDB connection attempt 1/3
2026-03-15 11:56:23 [INFO]: MongoDB connected successfully
2026-03-15 11:56:23 [INFO]: Server running on port 5000 in development mode
2026-03-15 12:01:25 [INFO]: MongoDB connection attempt 1/3
2026-03-15 12:01:26 [INFO]: MongoDB connected successfully
2026-03-15 12:01:26 [INFO]: Server running on port 5000 in development mode
2026-03-15 12:01:55 [INFO]: User logged in: supreethreddypannala@gmail.com
2026-03-15 12:01:55 [INFO]: [0mPOST /api/auth/login [32m200[0m 176.758 ms - 441[0m
2026-03-15 12:01:55 [INFO]: Socket connected: _nONQ-FvThOIxI5wAAAB
2026-03-15 12:01:55 [INFO]: Socket _nONQ-FvThOIxI5wAAAB joined room user:69b55b4c2a4ff06cb7d760fa
2026-03-15 12:01:55 [INFO]: [0mGET /api/submissions/history?limit=10 [32m200[0m 111.711 ms - 107[0m
2026-03-15 12:01:55 [INFO]: [0mGET /api/submissions/history?limit=10 [36m304[0m 56.087 ms - -[0m
2026-03-15 12:01:55 [INFO]: [0mGET /api/users/recommendations [32m200[0m 234.220 ms - 2080[0m
2026-03-15 12:01:55 [INFO]: [0mGET /api/users/profile [32m200[0m 428.359 ms - 6476[0m
2026-03-15 12:01:55 [INFO]: [0mGET /api/skills/my-states [32m200[0m 443.535 ms - 6375[0m
2026-03-15 12:01:55 [INFO]: [0mGET /api/users/recommendations [36m304[0m 212.035 ms - -[0m
2026-03-15 12:01:55 [INFO]: [0mGET /api/skills/my-states [36m304[0m 100.513 ms - -[0m
2026-03-15 12:01:55 [INFO]: [0mGET /api/users/profile [36m304[0m 371.734 ms - -[0m
2026-03-15 12:02:05 [INFO]: [0mGET /api/skills [32m200[0m 102.037 ms - 4858[0m
2026-03-15 12:02:05 [INFO]: [0mGET /api/problems?page=1&limit=15 [32m200[0m 135.019 ms - 23607[0m
2026-03-15 12:02:05 [INFO]: [0mGET /api/skills [36m304[0m 118.886 ms - -[0m
2026-03-15 12:02:06 [INFO]: [0mGET /api/problems?page=1&limit=15 [36m304[0m 204.434 ms - -[0m
2026-03-15 12:02:09 [INFO]: [0mGET /api/problems/69b551a430f4ccf0382a10a9 [32m200[0m 190.674 ms - 1845[0m
2026-03-15 12:02:09 [INFO]: [0mGET /api/problems/69b551a430f4ccf0382a10a9 [36m304[0m 143.697 ms - -[0m
2026-03-15 12:03:58 [ERROR]: Code execution failed {"error":"Request failed with status code 401","language":"java"}
2026-03-15 12:03:58 [ERROR]: Code execution failed {"error":"Request failed with status code 401","language":"java"}
2026-03-15 12:03:58 [ERROR]: Code execution failed {"error":"Request failed with status code 401","language":"java"}
2026-03-15 12:03:59 [INFO]: Submission created: user=69b55b4c2a4ff06cb7d760fa problem=69b551a430f4ccf0382a10a9 correct=false xp=0
2026-03-15 12:03:59 [INFO]: [0mPOST /api/submissions [32m201[0m 3075.593 ms - 3005[0m
2026-03-15 12:04:40 [ERROR]: Code execution failed {"error":"Request failed with status code 401","language":"java"}
2026-03-15 12:04:40 [ERROR]: Code execution failed {"error":"Request failed with status code 401","language":"java"}
2026-03-15 12:04:40 [ERROR]: Code execution failed {"error":"Request failed with status code 401","language":"java"}
2026-03-15 12:04:41 [INFO]: Submission created: user=69b55b4c2a4ff06cb7d760fa problem=69b551a430f4ccf0382a10a9 correct=false xp=0
2026-03-15 12:04:41 [INFO]: [0mPOST /api/submissions [32m201[0m 2277.066 ms - 3004[0m
2026-03-15 12:04:51 [INFO]: [0mGET /api/skills/my-states [32m200[0m 90.506 ms - 6391[0m
2026-03-15 12:04:51 [INFO]: [0mGET /api/users/profile [32m200[0m 102.356 ms - 8576[0m
2026-03-15 12:04:51 [INFO]: [0mGET /api/skills/my-states [36m304[0m 185.566 ms - -[0m
2026-03-15 12:04:51 [INFO]: [0mGET /api/users/recommendations [36m304[0m 285.507 ms - -[0m
2026-03-15 12:04:51 [INFO]: [0mGET /api/users/profile [36m304[0m 191.232 ms - -[0m
2026-03-15 12:04:52 [INFO]: [0mGET /api/users/recommendations [36m304[0m 208.922 ms - -[0m
2026-03-15 12:04:52 [INFO]: [0mGET /api/submissions/history?limit=10 [32m200[0m 691.412 ms - 2169[0m
2026-03-15 12:04:52 [INFO]: [0mGET /api/submissions/history?limit=10 [36m304[0m 101.340 ms - -[0m
2026-03-15 12:05:16 [INFO]: Socket disconnected: _nONQ-FvThOIxI5wAAAB
2026-03-15 12:05:17 [INFO]: [0mGET /api/auth/me [32m200[0m 55.008 ms - 357[0m
2026-03-15 12:05:17 [INFO]: [0mGET /api/auth/me [36m304[0m 65.789 ms - -[0m
2026-03-15 12:05:17 [INFO]: Socket connected: mtX0krVGk2UnKbI4AAAE
2026-03-15 12:05:17 [INFO]: Socket mtX0krVGk2UnKbI4AAAE joined room user:69b55b4c2a4ff06cb7d760fa
2026-03-15 12:05:17 [INFO]: [0mGET /api/submissions/history?limit=10 [36m304[0m 98.790 ms - -[0m
2026-03-15 12:05:17 [INFO]: [0mGET /api/skills/my-states [36m304[0m 112.679 ms - -[0m
2026-03-15 12:05:17 [INFO]: [0mGET /api/users/profile [36m304[0m 119.306 ms - -[0m
2026-03-15 12:05:17 [INFO]: [0mGET /api/users/recommendations [36m304[0m 163.045 ms - -[0m
2026-03-15 12:05:17 [INFO]: [0mGET /api/skills/my-states [36m304[0m 114.143 ms - -[0m
2026-03-15 12:05:17 [INFO]: [0mGET /api/submissions/history?limit=10 [36m304[0m 129.965 ms - -[0m
2026-03-15 12:05:17 [INFO]: [0mGET /api/users/profile [36m304[0m 118.759 ms - -[0m
2026-03-15 12:05:18 [INFO]: [0mGET /api/users/recommendations [36m304[0m 178.270 ms - -[0m
2026-03-15 12:05:20 [INFO]: [0mGET /api/skills [36m304[0m 103.053 ms - -[0m
2026-03-15 12:05:20 [INFO]: [0mGET /api/problems?page=1&limit=15 [36m304[0m 136.041 ms - -[0m
2026-03-15 12:05:21 [INFO]: [0mGET /api/skills [36m304[0m 159.744 ms - -[0m
2026-03-15 12:05:21 [INFO]: [0mGET /api/problems?page=1&limit=15 [36m304[0m 177.158 ms - -[0m
2026-03-15 12:05:21 [INFO]: [0mGET /api/skills/my-states [36m304[0m 121.746 ms - -[0m
2026-03-15 12:05:21 [INFO]: [0mGET /api/submissions/history?limit=10 [36m304[0m 124.112 ms - -[0m
2026-03-15 12:05:21 [INFO]: [0mGET /api/users/profile [36m304[0m 132.378 ms - -[0m
2026-03-15 12:05:21 [INFO]: [0mGET /api/users/recommendations [36m304[0m 185.140 ms - -[0m
2026-03-15 12:05:21 [INFO]: [0mGET /api/submissions/history?limit=10 [36m304[0m 99.681 ms - -[0m
2026-03-15 12:05:21 [INFO]: [0mGET /api/skills/my-states [36m304[0m 118.642 ms - -[0m
2026-03-15 12:05:21 [INFO]: [0mGET /api/users/profile [36m304[0m 114.709 ms - -[0m
2026-03-15 12:05:21 [INFO]: [0mGET /api/users/recommendations [36m304[0m 169.014 ms - -[0m
2026-03-15 12:05:24 [INFO]: [0mGET /api/skills [36m304[0m 103.254 ms - -[0m
2026-03-15 12:05:24 [INFO]: [0mGET /api/problems?page=1&limit=15 [36m304[0m 174.706 ms - -[0m
2026-03-15 12:05:25 [INFO]: [0mGET /api/skills [36m304[0m 123.889 ms - -[0m
2026-03-15 12:05:25 [INFO]: [0mGET /api/problems?page=1&limit=15 [36m304[0m 138.944 ms - -[0m
2026-03-15 12:05:31 [INFO]: [0mGET /api/skills/my-states [36m304[0m 101.518 ms - -[0m
2026-03-15 12:05:31 [INFO]: [0mGET /api/users/recommendations [36m304[0m 167.626 ms - -[0m
2026-03-15 12:05:31 [INFO]: [0mGET /api/skills/my-states [36m304[0m 121.099 ms - -[0m
2026-03-15 12:05:31 [INFO]: [0mGET /api/users/recommendations [36m304[0m 176.395 ms - -[0m
2026-03-15 12:05:40 [INFO]: Socket connected: SwfkLYkfq83IBb8iAAAG
2026-03-15 12:05:40 [INFO]: Socket SwfkLYkfq83IBb8iAAAG joined room user:69b55b4c2a4ff06cb7d760fa
2026-03-15 12:05:43 [INFO]: Socket disconnected: SwfkLYkfq83IBb8iAAAG
2026-03-15 12:05:43 [INFO]: [0mGET /api/users/profile [36m304[0m 125.005 ms - -[0m
2026-03-15 12:05:43 [INFO]: [0mGET /api/submissions/history?limit=20 [32m200[0m 138.888 ms - 2169[0m
2026-03-15 12:05:44 [INFO]: [0mGET /api/submissions/history?limit=20 [36m304[0m 81.471 ms - -[0m
2026-03-15 12:05:44 [INFO]: [0mGET /api/users/profile [36m304[0m 135.246 ms - -[0m
2026-03-15 12:05:44 [INFO]: Socket connected: TUfN0bR434WrKqIbAAAI
2026-03-15 12:05:44 [INFO]: Socket TUfN0bR434WrKqIbAAAI joined room user:69b55b4c2a4ff06cb7d760fa
2026-03-15 12:05:50 [INFO]: Socket disconnected: TUfN0bR434WrKqIbAAAI
2026-03-15 12:05:50 [INFO]: [0mGET /api/submissions/history?limit=20 [36m304[0m 98.313 ms - -[0m
2026-03-15 12:05:50 [INFO]: [0mGET /api/users/profile [36m304[0m 102.525 ms - -[0m
2026-03-15 12:05:50 [INFO]: [0mGET /api/submissions/history?limit=20 [36m304[0m 94.227 ms - -[0m
2026-03-15 12:05:50 [INFO]: [0mGET /api/users/profile [36m304[0m 139.062 ms - -[0m
2026-03-15 12:05:50 [ERROR]: Redis connection failed {"error":"Connection is closed."}
2026-03-15 12:06:10 [ERROR]: Redis connection failed {"error":"Connection is closed."}
2026-03-15 12:06:21 [ERROR]: Redis cache read error {"error":"Reached the max retries per request limit (which is 3). Refer to \"maxRetriesPerRequest\" option for details."}
2026-03-15 12:06:30 [INFO]: [0mGET /api/skills [36m304[0m 190.879 ms - -[0m
2026-03-15 12:06:30 [INFO]: [0mGET /api/problems?page=1&limit=15 [36m304[0m 194.172 ms - -[0m
2026-03-15 12:06:30 [INFO]: [0mGET /api/skills [36m304[0m 151.534 ms - -[0m
2026-03-15 12:06:31 [INFO]: [0mGET /api/problems?page=1&limit=15 [36m304[0m 193.731 ms - -[0m
2026-03-15 12:06:36 [INFO]: [0mGET /api/problems/69b551a430f4ccf0382a10a9 [32m200[0m 549.588 ms - 1845[0m
2026-03-15 12:06:37 [INFO]: [0mGET /api/problems/69b551a430f4ccf0382a10a9 [36m304[0m 199.575 ms - -[0m
2026-03-15 12:06:41 [ERROR]: Redis cache read error {"error":"Reached the max retries per request limit (which is 3). Refer to \"maxRetriesPerRequest\" option for details."}
2026-03-15 12:06:41 [ERROR]: Redis cache read error {"error":"Reached the max retries per request limit (which is 3). Refer to \"maxRetriesPerRequest\" option for details."}
2026-03-15 12:06:41 [ERROR]: Redis cache read error {"error":"Reached the max retries per request limit (which is 3). Refer to \"maxRetriesPerRequest\" option for details."}
2026-03-15 12:06:48 [ERROR]: Code execution failed {"error":"Request failed with status code 401","language":"java"}
2026-03-15 12:06:48 [ERROR]: Code execution failed {"error":"Request failed with status code 401","language":"java"}
2026-03-15 12:06:48 [ERROR]: Code execution failed {"error":"Request failed with status code 401","language":"java"}
2026-03-15 12:06:49 [INFO]: Submission created: user=69b55b4c2a4ff06cb7d760fa problem=69b551a430f4ccf0382a10a9 correct=false xp=0
2026-03-15 12:06:49 [INFO]: [0mPOST /api/submissions [32m201[0m 2991.835 ms - 3005[0m
2026-03-15 12:07:02 [ERROR]: Redis cache write error {"error":"Reached the max retries per request limit (which is 3). Refer to \"maxRetriesPerRequest\" option for details."}
2026-03-15 12:07:02 [INFO]: [0mGET /api/leaderboard [32m200[0m 81663.220 ms - 163[0m
2026-03-15 12:07:22 [ERROR]: Redis cache write error {"error":"Reached the max retries per request limit (which is 3). Refer to \"maxRetriesPerRequest\" option for details."}
2026-03-15 12:07:22 [ERROR]: Redis cache write error {"error":"Reached the max retries per request limit (which is 3). Refer to \"maxRetriesPerRequest\" option for details."}
2026-03-15 12:07:22 [ERROR]: Redis cache write error {"error":"Reached the max retries per request limit (which is 3). Refer to \"maxRetriesPerRequest\" option for details."}
2026-03-15 12:07:22 [INFO]: [0mGET /api/leaderboard [32m200[0m 81936.737 ms - 163[0m
2026-03-15 12:07:22 [INFO]: [0mGET /api/leaderboard [32m200[0m 78171.788 ms - 163[0m
2026-03-15 12:07:22 [INFO]: [0mGET /api/leaderboard [32m200[0m 78171.592 ms - 163[0m
2026-03-15 12:09:55 [INFO]: Socket disconnected: mtX0krVGk2UnKbI4AAAE
2026-03-15 12:18:18 [INFO]: MongoDB connection attempt 1/3
2026-03-15 12:18:20 [INFO]: MongoDB connected successfully
2026-03-15 12:18:20 [INFO]: Server running on port 5000 in development mode
2026-03-15 12:18:33 [INFO]: [0mGET /api/auth/me [32m200[0m 118.116 ms - 357[0m
2026-03-15 12:18:33 [INFO]: [0mGET /api/auth/me [36m304[0m 105.904 ms - -[0m
2026-03-15 12:18:34 [INFO]: Socket connected: oMin1sr714IE2sjJAAAD
2026-03-15 12:18:34 [INFO]: Socket oMin1sr714IE2sjJAAAD joined room user:69b55b4c2a4ff06cb7d760fa
2026-03-15 12:18:34 [INFO]: [0mGET /api/users/recommendations [36m304[0m 286.679 ms - -[0m
2026-03-15 12:18:34 [INFO]: [0mGET /api/submissions/history?limit=10 [32m200[0m 285.625 ms - 3402[0m
2026-03-15 12:18:34 [INFO]: [0mGET /api/submissions/history?limit=10 [36m304[0m 136.912 ms - -[0m
2026-03-15 12:18:34 [INFO]: [0mGET /api/users/recommendations [36m304[0m 302.642 ms - -[0m
2026-03-15 12:18:34 [INFO]: [0mGET /api/users/profile [32m200[0m 702.647 ms - 9809[0m
2026-03-15 12:18:34 [INFO]: [0mGET /api/skills/my-states [32m200[0m 704.190 ms - 6391[0m
2026-03-15 12:18:34 [INFO]: [0mGET /api/users/profile [36m304[0m 154.340 ms - -[0m
2026-03-15 12:18:34 [INFO]: [0mGET /api/skills/my-states [36m304[0m 194.667 ms - -[0m
2026-03-15 12:18:36 [INFO]: Socket disconnected: oMin1sr714IE2sjJAAAD
2026-03-15 12:18:49 [INFO]: [0mGET /api/auth/me [36m304[0m 103.147 ms - -[0m
2026-03-15 12:18:49 [INFO]: [0mGET /api/auth/me [36m304[0m 109.587 ms - -[0m
2026-03-15 12:18:49 [INFO]: Socket connected: mjO1jZlMxwxbRv-SAAAG
2026-03-15 12:18:49 [INFO]: Socket mjO1jZlMxwxbRv-SAAAG joined room user:69b55b4c2a4ff06cb7d760fa
2026-03-15 12:18:49 [INFO]: [0mGET /api/skills/my-states [36m304[0m 188.280 ms - -[0m
2026-03-15 12:18:49 [INFO]: [0mGET /api/users/profile [36m304[0m 210.524 ms - -[0m
2026-03-15 12:18:50 [INFO]: [0mGET /api/skills/my-states [36m304[0m 229.352 ms - -[0m
2026-03-15 12:18:50 [INFO]: [0mGET /api/users/profile [36m304[0m 225.701 ms - -[0m
2026-03-15 12:18:50 [INFO]: [0mGET /api/submissions/history?limit=10 [36m304[0m 689.066 ms - -[0m
2026-03-15 12:18:50 [INFO]: [0mGET /api/users/recommendations [36m304[0m 816.655 ms - -[0m
2026-03-15 12:18:50 [INFO]: [0mGET /api/submissions/history?limit=10 [36m304[0m 229.496 ms - -[0m
2026-03-15 12:18:50 [INFO]: [0mGET /api/users/recommendations [36m304[0m 330.254 ms - -[0m
2026-03-15 12:20:08 [INFO]: Socket disconnected: mjO1jZlMxwxbRv-SAAAG
2026-03-15 12:26:40 [INFO]: MongoDB connection attempt 1/3
2026-03-15 12:26:42 [INFO]: MongoDB connected successfully
2026-03-15 12:26:42 [INFO]: Server running on port 5000 in development mode
2026-03-15 13:04:09 [INFO]: MongoDB connection attempt 1/3
2026-03-15 13:04:11 [INFO]: MongoDB connected successfully
2026-03-15 13:04:11 [INFO]: Server running on port 5000 in development mode
2026-03-15 13:46:18 [INFO]: MongoDB connection attempt 1/3
2026-03-15 13:46:19 [INFO]: MongoDB connected successfully
2026-03-15 13:46:19 [INFO]: Server running on port 5000 in development mode
2026-03-15 14:01:54 [INFO]: MongoDB connection attempt 1/3
2026-03-15 14:01:55 [INFO]: MongoDB connected successfully
2026-03-15 14:01:55 [INFO]: Server running on port 5000 in development mode
2026-03-15 15:13:38 [INFO]: MongoDB connection attempt 1/3
2026-03-15 15:13:39 [INFO]: MongoDB connected successfully
2026-03-15 15:13:39 [INFO]: Server running on port 5000 in development mode
2026-04-21 17:11:28 [INFO]: MongoDB connection attempt 1/3
2026-04-21 17:11:28 [ERROR]: MongoDB connection attempt 1 failed {"error":"querySrv ENOTFOUND _mongodb._tcp.cognitive-campus.eget20z.mongodb.net"}
2026-04-21 17:11:28 [INFO]: Retrying in 5s...
2026-04-21 17:11:33 [INFO]: MongoDB connection attempt 2/3
2026-04-21 17:11:33 [ERROR]: MongoDB connection attempt 2 failed {"error":"querySrv ENOTFOUND _mongodb._tcp.cognitive-campus.eget20z.mongodb.net"}
2026-04-21 17:11:33 [INFO]: Retrying in 5s...
2026-04-21 17:11:38 [INFO]: MongoDB connection attempt 3/3
2026-04-21 17:11:38 [ERROR]: MongoDB connection attempt 3 failed {"error":"querySrv ENOTFOUND _mongodb._tcp.cognitive-campus.eget20z.mongodb.net"}
2026-04-22 10:03:53 [INFO]: MongoDB connection attempt 1/3
2026-04-22 10:03:53 [ERROR]: MongoDB connection attempt 1 failed {"error":"querySrv ENOTFOUND _mongodb._tcp.cognitive-campus.eget20z.mongodb.net"}
2026-04-22 10:03:53 [INFO]: Retrying in 5s...
2026-04-22 10:03:58 [INFO]: MongoDB connection attempt 2/3
2026-04-22 10:03:58 [ERROR]: MongoDB connection attempt 2 failed {"error":"querySrv ENOTFOUND _mongodb._tcp.cognitive-campus.eget20z.mongodb.net"}
2026-04-22 10:03:58 [INFO]: Retrying in 5s...
2026-04-22 10:04:03 [INFO]: MongoDB connection attempt 3/3
2026-04-22 10:04:03 [ERROR]: MongoDB connection attempt 3 failed {"error":"querySrv ENOTFOUND _mongodb._tcp.cognitive-campus.eget20z.mongodb.net"}
2026-04-22 10:06:45 [INFO]: MongoDB connection attempt 1/3
2026-04-22 10:06:45 [INFO]: MongoDB connected successfully
2026-04-22 10:08:00 [INFO]: MongoDB connection attempt 1/3
2026-04-22 10:08:01 [INFO]: MongoDB connected successfully
2026-04-22 10:08:01 [INFO]: Server running on port 5000 in development mode
2026-04-22 10:09:56 [INFO]: [0mPOST /api/auth/register [33m409[0m 42.653 ms - 50[0m
2026-04-22 10:09:59 [INFO]: [0mPOST /api/auth/login [33m401[0m 131.187 ms - 49[0m
2026-04-22 10:10:15 [INFO]: User logged in: supreethreddypannala@gmail.com
2026-04-22 10:10:15 [INFO]: [0mPOST /api/auth/login [32m200[0m 118.314 ms - 441[0m
2026-04-22 10:10:16 [INFO]: Socket connected: ExdXw1EQepEFXABLAAAB
2026-04-22 10:10:16 [INFO]: Socket ExdXw1EQepEFXABLAAAB joined room user:69b55b4c2a4ff06cb7d760fa
2026-04-22 10:10:16 [INFO]: [0mGET /api/submissions/history?limit=10 [32m200[0m 80.300 ms - 3402[0m
2026-04-22 10:10:16 [INFO]: [0mGET /api/users/recommendations [32m200[0m 112.872 ms - 2080[0m
2026-04-22 10:10:16 [INFO]: [0mGET /api/submissions/history?limit=10 [36m304[0m 57.683 ms - -[0m
2026-04-22 10:10:16 [INFO]: [0mGET /api/users/recommendations [36m304[0m 82.547 ms - -[0m
2026-04-22 10:10:16 [INFO]: [0mGET /api/users/profile [32m200[0m 286.295 ms - 9809[0m
2026-04-22 10:10:16 [INFO]: [0mGET /api/skills/my-states [32m200[0m 274.699 ms - 6391[0m
2026-04-22 10:10:16 [INFO]: [0mGET /api/users/profile [36m304[0m 55.070 ms - -[0m
2026-04-22 10:10:16 [INFO]: [0mGET /api/skills/my-states [36m304[0m 61.480 ms - -[0m
2026-04-22 10:11:54 [INFO]: Socket connected: -0n7KKTR3rhXBEZqAAAE
2026-04-22 10:37:58 [INFO]: [0mGET /api/skills [32m200[0m 74.022 ms - 4858[0m
2026-04-22 10:37:58 [INFO]: [0mGET /api/problems?page=1&limit=15 [32m200[0m 114.397 ms - 23607[0m
2026-04-22 10:37:58 [INFO]: [0mGET /api/skills [36m304[0m 53.346 ms - -[0m
2026-04-22 10:37:58 [INFO]: [0mGET /api/problems?page=1&limit=15 [36m304[0m 82.800 ms - -[0m
2026-04-22 10:38:01 [INFO]: [0mGET /api/problems?page=1&limit=15&difficulty=easy [32m200[0m 110.879 ms - 16989[0m
2026-04-22 10:38:03 [INFO]: [0mGET /api/problems/69b551a430f4ccf0382a10a9 [32m200[0m 107.954 ms - 1845[0m
2026-04-22 10:38:03 [INFO]: [0mGET /api/problems/69b551a430f4ccf0382a10a9 [36m304[0m 85.188 ms - -[0m
2026-04-22 10:39:23 [ERROR]: Code execution failed {"error":"","language":"java"}
2026-04-22 10:39:23 [ERROR]: Code execution failed {"error":"","language":"java"}
2026-04-22 10:39:23 [ERROR]: Code execution failed {"error":"","language":"java"}
2026-04-22 10:39:23 [INFO]: Test run complete: 0/3 passed (java)
2026-04-22 10:39:24 [INFO]: Submission created: user=69b55b4c2a4ff06cb7d760fa problem=69b551a430f4ccf0382a10a9 correct=false xp=0
2026-04-22 10:39:24 [INFO]: [0mPOST /api/submissions [32m201[0m 466.746 ms - 2964[0m
2026-04-22 10:39:58 [ERROR]: Code execution failed {"error":"","language":"java"}
2026-04-22 10:39:58 [ERROR]: Code execution failed {"error":"","language":"java"}
2026-04-22 10:39:58 [ERROR]: Code execution failed {"error":"","language":"java"}
2026-04-22 10:39:58 [INFO]: Test run complete: 0/3 passed (java)
2026-04-22 10:39:59 [INFO]: Submission created: user=69b55b4c2a4ff06cb7d760fa problem=69b551a430f4ccf0382a10a9 correct=false xp=0
2026-04-22 10:39:59 [INFO]: [0mPOST /api/submissions [32m201[0m 481.096 ms - 2965[0m
2026-04-22 10:45:20 [INFO]: Socket disconnected: ExdXw1EQepEFXABLAAAB
2026-04-22 10:47:48 [INFO]: MongoDB connection attempt 1/3
2026-04-22 10:47:49 [INFO]: MongoDB connected successfully
2026-04-22 10:47:49 [INFO]: Server running on port 5000 in development mode
2026-04-22 10:47:49 [INFO]: Socket connected: GmptnHw2E49nJOU0AAAB
2026-04-22 10:48:02 [INFO]: MongoDB connection attempt 1/3
2026-04-22 10:48:02 [INFO]: MongoDB connected successfully
2026-04-22 10:48:02 [INFO]: Server running on port 5000 in development mode
2026-04-22 10:48:03 [INFO]: Socket connected: iweq3D5cxbmmqBlFAAAB
2026-04-22 10:48:57 [INFO]: Socket connected: YcHlHbuAOPO8mtDxAAAD
2026-04-22 10:48:57 [INFO]: Socket YcHlHbuAOPO8mtDxAAAD joined room user:69b55b4c2a4ff06cb7d760fa
2026-04-22 10:49:25 [INFO]: MongoDB connection attempt 1/3
2026-04-22 10:49:26 [INFO]: MongoDB connected successfully
2026-04-22 10:49:26 [INFO]: Server running on port 5000 in development mode
2026-04-22 10:49:26 [INFO]: Socket connected: 4mqdMPqlguUH5Mt5AAAB
2026-04-22 10:49:31 [INFO]: Socket connected: METd14DY86vywvuZAAAD
2026-04-22 10:49:31 [INFO]: Socket METd14DY86vywvuZAAAD joined room user:69b55b4c2a4ff06cb7d760fa
2026-04-22 10:49:42 [INFO]: Socket disconnected: METd14DY86vywvuZAAAD
2026-04-22 10:49:43 [INFO]: [0mGET /api/auth/me [32m200[0m 53.191 ms - 357[0m
2026-04-22 10:49:43 [INFO]: [0mGET /api/auth/me [36m304[0m 29.060 ms - -[0m
2026-04-22 10:49:43 [INFO]: Socket connected: ze7eEfPsH8UgJtF1AAAG
2026-04-22 10:49:43 [INFO]: Socket ze7eEfPsH8UgJtF1AAAG joined room user:69b55b4c2a4ff06cb7d760fa
2026-04-22 10:49:43 [INFO]: [0mGET /api/problems/69b551a430f4ccf0382a10a9 [32m200[0m 107.341 ms - 1845[0m
2026-04-22 10:49:43 [INFO]: [0mGET /api/problems/69b551a430f4ccf0382a10a9 [36m304[0m 90.182 ms - -[0m
2026-04-22 10:49:46 [INFO]: Socket disconnected: ze7eEfPsH8UgJtF1AAAG
2026-04-22 10:49:47 [INFO]: [0mGET /api/auth/me [36m304[0m 33.208 ms - -[0m
2026-04-22 10:49:47 [INFO]: [0mGET /api/auth/me [36m304[0m 30.117 ms - -[0m
2026-04-22 10:49:47 [INFO]: Socket connected: mEyRjaEGfUvHrW44AAAJ
2026-04-22 10:49:47 [INFO]: Socket mEyRjaEGfUvHrW44AAAJ joined room user:69b55b4c2a4ff06cb7d760fa
2026-04-22 10:49:47 [INFO]: [0mGET /api/problems/69b551a430f4ccf0382a10a9 [36m304[0m 118.824 ms - -[0m
2026-04-22 10:49:47 [INFO]: [0mGET /api/problems/69b551a430f4ccf0382a10a9 [36m304[0m 108.307 ms - -[0m
2026-04-22 10:50:02 [ERROR]: Code execution failed {"error":"","language":"java"}
2026-04-22 10:50:02 [ERROR]: Code execution failed {"error":"","language":"java"}
2026-04-22 10:50:02 [ERROR]: Code execution failed {"error":"","language":"java"}
2026-04-22 10:50:02 [INFO]: Test run complete: 0/3 passed (java)
2026-04-22 10:50:03 [INFO]: Submission created: user=69b55b4c2a4ff06cb7d760fa problem=69b551a430f4ccf0382a10a9 correct=false xp=0
2026-04-22 10:50:03 [INFO]: [0mPOST /api/submissions [32m201[0m 520.144 ms - 3006[0m
2026-04-22 10:59:00 [INFO]: Socket disconnected: 4mqdMPqlguUH5Mt5AAAB
2026-04-22 11:06:49 [INFO]: MongoDB connection attempt 1/3
2026-04-22 11:06:50 [INFO]: MongoDB connected successfully
2026-04-22 11:06:50 [INFO]: Server running on port 5000 in development mode
2026-04-22 11:06:54 [INFO]: Socket connected: wZteFU8xMqXylS0LAAAB
2026-04-22 11:06:54 [INFO]: Socket wZteFU8xMqXylS0LAAAB joined room user:69b55b4c2a4ff06cb7d760fa
2026-04-22 11:07:00 [INFO]: Socket disconnected: wZteFU8xMqXylS0LAAAB
2026-04-22 11:07:10 [INFO]: [0mGET /api/auth/me [32m200[0m 33.920 ms - 357[0m
2026-04-22 11:07:10 [INFO]: [0mGET /api/auth/me [36m304[0m 25.525 ms - -[0m
2026-04-22 11:07:11 [INFO]: Socket connected: tJ_HA5maqvtGAS7uAAAE
2026-04-22 11:07:11 [INFO]: Socket tJ_HA5maqvtGAS7uAAAE joined room user:69b55b4c2a4ff06cb7d760fa
2026-04-22 11:07:11 [INFO]: [0mGET /api/problems/69b551a430f4ccf0382a10a9 [32m200[0m 111.760 ms - 1845[0m
2026-04-22 11:07:11 [INFO]: [0mGET /api/problems/69b551a430f4ccf0382a10a9 [36m304[0m 77.864 ms - -[0m
2026-04-22 11:07:50 [ERROR]: Code execution failed {"error":"","language":"java"}
2026-04-22 11:07:50 [ERROR]: Code execution failed {"error":"","language":"java"}
2026-04-22 11:07:50 [ERROR]: Code execution failed {"error":"","language":"java"}
2026-04-22 11:07:50 [INFO]: Test run complete: 0/3 passed (java)
2026-04-22 11:07:51 [INFO]: Submission created: user=69b55b4c2a4ff06cb7d760fa problem=69b551a430f4ccf0382a10a9 correct=false xp=0
2026-04-22 11:07:51 [INFO]: [0mPOST /api/submissions [32m201[0m 549.913 ms - 3131[0m
2026-04-22 11:11:19 [WARN]: Socket.io CORS rejected origin: http://192.168.1.16:5000
2026-04-22 11:11:19 [WARN]: Socket.io CORS rejected origin: http://192.168.1.16:5000
2026-04-22 11:11:19 [WARN]: Socket.io CORS rejected origin: http://192.168.1.16:5000
2026-04-22 11:11:22 [WARN]: Socket.io CORS rejected origin: http://192.168.1.16:5000
2026-04-22 11:11:22 [WARN]: Socket.io CORS rejected origin: http://192.168.1.16:5000
2026-04-22 11:11:22 [WARN]: Socket.io CORS rejected origin: http://192.168.1.16:5000
2026-04-22 11:11:24 [WARN]: Socket.io CORS rejected origin: http://192.168.1.16:5000
2026-04-22 11:11:24 [WARN]: Socket.io CORS rejected origin: http://192.168.1.16:5000
2026-04-22 11:12:49 [INFO]: MongoDB connection attempt 1/3
2026-04-22 11:12:50 [INFO]: MongoDB connected successfully
2026-04-22 11:12:50 [INFO]: Server running on port 5000 in development mode
2026-04-22 11:12:51 [INFO]: Socket connected: 0R8O2bOErS-BMFj-AAAB
2026-04-22 11:12:51 [INFO]: Socket 0R8O2bOErS-BMFj-AAAB joined room user:69b55b4c2a4ff06cb7d760fa
2026-04-22 11:13:08 [INFO]: Socket disconnected: 0R8O2bOErS-BMFj-AAAB
2026-04-22 11:14:13 [INFO]: [0mGET /api/auth/me [32m200[0m 37.429 ms - 357[0m
2026-04-22 11:14:13 [INFO]: [0mGET /api/auth/me [36m304[0m 26.194 ms - -[0m
2026-04-22 11:14:13 [INFO]: [0mGET /api/problems/69b551a430f4ccf0382a10a9 [32m200[0m 92.185 ms - 1845[0m
2026-04-22 11:14:13 [INFO]: Socket connected: CrZlDvLUmzqk1ChvAAAE
2026-04-22 11:14:13 [INFO]: Socket CrZlDvLUmzqk1ChvAAAE joined room user:69b55b4c2a4ff06cb7d760fa
2026-04-22 11:14:13 [INFO]: [0mGET /api/problems/69b551a430f4ccf0382a10a9 [36m304[0m 80.079 ms - -[0m
2026-04-22 11:14:14 [INFO]: Socket disconnected: CrZlDvLUmzqk1ChvAAAE
2026-04-22 11:14:15 [INFO]: [0mGET /api/auth/me [36m304[0m 28.165 ms - -[0m
2026-04-22 11:14:15 [INFO]: [0mGET /api/auth/me [36m304[0m 29.106 ms - -[0m
2026-04-22 11:14:15 [INFO]: Socket connected: xDl-7Soj-OhA39DxAAAH
2026-04-22 11:14:15 [INFO]: Socket xDl-7Soj-OhA39DxAAAH joined room user:69b55b4c2a4ff06cb7d760fa
2026-04-22 11:14:15 [INFO]: [0mGET /api/problems/69b551a430f4ccf0382a10a9 [36m304[0m 131.632 ms - -[0m
2026-04-22 11:14:15 [INFO]: [0mGET /api/problems/69b551a430f4ccf0382a10a9 [36m304[0m 79.559 ms - -[0m
2026-04-22 11:14:43 [ERROR]: Code execution failed {"error":"connect ECONNREFUSED 127.0.0.1:2000","language":"java"}
2026-04-22 11:14:43 [ERROR]: Code execution failed {"error":"connect ECONNREFUSED 127.0.0.1:2000","language":"java"}
2026-04-22 11:14:43 [ERROR]: Code execution failed {"error":"connect ECONNREFUSED 127.0.0.1:2000","language":"java"}
2026-04-22 11:14:43 [INFO]: Test run complete: 0/3 passed (java)
2026-04-22 11:14:43 [INFO]: Submission created: user=69b55b4c2a4ff06cb7d760fa problem=69b551a430f4ccf0382a10a9 correct=false xp=0
2026-04-22 11:14:43 [INFO]: [0mPOST /api/submissions [32m201[0m 410.785 ms - 3135[0m
2026-04-22 11:16:55 [INFO]: MongoDB connection attempt 1/3
2026-04-22 11:16:56 [INFO]: MongoDB connected successfully
2026-04-22 11:16:56 [INFO]: Server running on port 5000 in development mode
2026-04-22 11:16:56 [INFO]: Socket connected: ccPgNZfWeVHWPVdSAAAB
2026-04-22 11:16:56 [INFO]: Socket ccPgNZfWeVHWPVdSAAAB joined room user:69b55b4c2a4ff06cb7d760fa
2026-04-22 11:19:59 [INFO]: MongoDB connection attempt 1/3
2026-04-22 11:19:59 [INFO]: MongoDB connected successfully
2026-04-22 11:19:59 [INFO]: Server running on port 5000 in development mode
2026-04-22 11:20:05 [INFO]: Socket connected: HctOGmKVYJSGIjGrAAAB
2026-04-22 11:20:05 [INFO]: Socket HctOGmKVYJSGIjGrAAAB joined room user:69b55b4c2a4ff06cb7d760fa
2026-04-22 11:20:33 [INFO]: Socket disconnected: HctOGmKVYJSGIjGrAAAB
2026-04-22 11:20:34 [INFO]: [0mGET /api/auth/me [32m200[0m 65.614 ms - 357[0m
2026-04-22 11:20:34 [INFO]: [0mGET /api/auth/me [36m304[0m 31.640 ms - -[0m
2026-04-22 11:20:35 [INFO]: Socket connected: KzGXIrU-9mLY9DUUAAAE
2026-04-22 11:20:35 [INFO]: Socket KzGXIrU-9mLY9DUUAAAE joined room user:69b55b4c2a4ff06cb7d760fa
2026-04-22 11:20:35 [INFO]: [0mGET /api/problems/69b551a430f4ccf0382a10a9 [32m200[0m 354.229 ms - 1845[0m
2026-04-22 11:20:35 [INFO]: [0mGET /api/problems/69b551a430f4ccf0382a10a9 [36m304[0m 88.220 ms - -[0m
2026-04-22 11:23:56 [INFO]: Socket connected: oVzVmfqDNwtLc9qOAAAG
2026-04-22 11:23:59 [INFO]: Socket disconnected: oVzVmfqDNwtLc9qOAAAG
2026-04-22 11:24:20 [INFO]: User logged in: supreethreddypannala@gmail.com
2026-04-22 11:24:20 [INFO]: [0mPOST /api/auth/login [32m200[0m 149.323 ms - 441[0m
2026-04-22 11:24:21 [INFO]: Socket connected: iBSwWUqp5KjzXqn2AAAJ
2026-04-22 11:24:21 [INFO]: Socket iBSwWUqp5KjzXqn2AAAJ joined room user:69b55b4c2a4ff06cb7d760fa
2026-04-22 11:24:21 [INFO]: [0mGET /api/submissions/history?limit=10 [32m200[0m 113.466 ms - 8574[0m
2026-04-22 11:24:21 [INFO]: [0mGET /api/users/recommendations [32m200[0m 161.808 ms - 2080[0m
2026-04-22 11:24:21 [INFO]: [0mGET /api/submissions/history?limit=10 [36m304[0m 98.172 ms - -[0m
2026-04-22 11:24:21 [INFO]: [0mGET /api/users/recommendations [36m304[0m 93.886 ms - -[0m
2026-04-22 11:24:21 [INFO]: [0mGET /api/users/profile [32m200[0m 397.159 ms - 11685[0m
2026-04-22 11:24:21 [INFO]: [0mGET /api/skills/my-states [32m200[0m 419.775 ms - 6391[0m
2026-04-22 11:24:21 [INFO]: [0mGET /api/users/profile [36m304[0m 62.217 ms - -[0m
2026-04-22 11:24:21 [INFO]: [0mGET /api/skills/my-states [36m304[0m 57.294 ms - -[0m
2026-04-22 11:24:31 [INFO]: [0mGET /api/skills [32m200[0m 129.762 ms - 4858[0m
2026-04-22 11:24:31 [INFO]: [0mGET /api/problems?page=1&limit=15 [32m200[0m 166.677 ms - 23607[0m
2026-04-22 11:24:31 [INFO]: [0mGET /api/skills [36m304[0m 48.355 ms - -[0m
2026-04-22 11:24:31 [INFO]: [0mGET /api/problems?page=1&limit=15 [36m304[0m 113.155 ms - -[0m
2026-04-22 11:24:33 [INFO]: [0mGET /api/problems?page=1&limit=15&difficulty=easy [32m200[0m 80.523 ms - 16989[0m
2026-04-22 11:24:34 [INFO]: [0mGET /api/problems/69b551a430f4ccf0382a10a9 [32m200[0m 81.482 ms - 1845[0m
2026-04-22 11:24:34 [INFO]: [0mGET /api/problems/69b551a430f4ccf0382a10a9 [36m304[0m 85.914 ms - -[0m
2026-04-22 11:24:59 [ERROR]: Code execution failed {"error":"Request failed with status code 400","language":"java"}
2026-04-22 11:24:59 [ERROR]: Code execution failed {"error":"Request failed with status code 400","language":"java"}
2026-04-22 11:24:59 [ERROR]: Code execution failed {"error":"Request failed with status code 400","language":"java"}
2026-04-22 11:24:59 [INFO]: Test run complete: 0/3 passed (java)
2026-04-22 11:25:00 [INFO]: Submission created: user=69b55b4c2a4ff06cb7d760fa problem=69b551a430f4ccf0382a10a9 correct=false xp=0
2026-04-22 11:25:00 [INFO]: [0mPOST /api/submissions [32m201[0m 1022.785 ms - 3135[0m
2026-04-22 11:28:57 [INFO]: MongoDB connection attempt 1/3
2026-04-22 11:28:58 [INFO]: MongoDB connected successfully
2026-04-22 11:28:58 [INFO]: Server running on port 5000 in development mode
2026-04-22 11:29:00 [INFO]: Socket connected: 445dLVkpJ0mbbxC1AAAB
2026-04-22 11:29:00 [INFO]: Socket 445dLVkpJ0mbbxC1AAAB joined room user:69b55b4c2a4ff06cb7d760fa
2026-04-22 11:29:03 [INFO]: Socket connected: N-8PWyHg6FHzcMdZAAAD
2026-04-22 11:29:03 [INFO]: Socket N-8PWyHg6FHzcMdZAAAD joined room user:69b55b4c2a4ff06cb7d760fa
2026-04-22 11:31:08 [INFO]: Socket disconnected: 445dLVkpJ0mbbxC1AAAB
2026-04-22 11:31:09 [INFO]: [0mGET /api/auth/me [32m200[0m 100.040 ms - 357[0m
2026-04-22 11:31:09 [INFO]: [0mGET /api/auth/me [36m304[0m 30.959 ms - -[0m
2026-04-22 11:31:09 [INFO]: Socket connected: s0KAnIWTWIBUhG4ZAAAG
2026-04-22 11:31:09 [INFO]: Socket s0KAnIWTWIBUhG4ZAAAG joined room user:69b55b4c2a4ff06cb7d760fa
2026-04-22 11:31:09 [INFO]: [0mGET /api/problems/69b551a430f4ccf0382a10a9 [32m200[0m 131.136 ms - 1845[0m
2026-04-22 11:31:10 [INFO]: [0mGET /api/problems/69b551a430f4ccf0382a10a9 [36m304[0m 154.925 ms - -[0m
2026-04-22 11:31:30 [INFO]: Test run complete: 0/3 passed (java)
2026-04-22 11:31:30 [INFO]: Submission created: user=69b55b4c2a4ff06cb7d760fa problem=69b551a430f4ccf0382a10a9 correct=false xp=0
2026-04-22 11:31:30 [INFO]: [0mPOST /api/submissions [32m201[0m 3412.608 ms - 3846[0m
2026-04-22 11:33:34 [INFO]: Socket disconnected: s0KAnIWTWIBUhG4ZAAAG
2026-04-22 11:36:31 [INFO]: MongoDB connection attempt 1/3
2026-04-22 11:36:32 [INFO]: MongoDB connected successfully
2026-04-22 11:39:34 [INFO]: MongoDB connection attempt 1/3
2026-04-22 11:39:35 [INFO]: MongoDB connected successfully
2026-04-22 11:39:35 [INFO]: Server running on port 5000 in development mode
2026-04-22 11:40:00 [INFO]: User logged in: supreethreddypannala@gmail.com
2026-04-22 11:40:00 [INFO]: [0mPOST /api/auth/login [32m200[0m 199.634 ms - 441[0m
2026-04-22 11:40:01 [INFO]: Socket connected: JOy5fDAh-rl4JrztAAAB
2026-04-22 11:40:01 [INFO]: Socket JOy5fDAh-rl4JrztAAAB joined room user:69b55b4c2a4ff06cb7d760fa
2026-04-22 11:40:01 [INFO]: [0mGET /api/submissions/history?limit=10 [32m200[0m 244.837 ms - 10680[0m
2026-04-22 11:40:01 [INFO]: [0mGET /api/users/recommendations [36m304[0m 276.827 ms - -[0m
2026-04-22 11:40:01 [INFO]: [0mGET /api/submissions/history?limit=10 [36m304[0m 61.617 ms - -[0m
2026-04-22 11:40:01 [INFO]: [0mGET /api/users/recommendations [36m304[0m 86.344 ms - -[0m
2026-04-22 11:40:01 [INFO]: [0mGET /api/skills/my-states [32m200[0m 405.910 ms - 6392[0m
2026-04-22 11:40:01 [INFO]: [0mGET /api/users/profile [32m200[0m 434.440 ms - 11773[0m
2026-04-22 11:40:01 [INFO]: [0mGET /api/skills/my-states [36m304[0m 56.697 ms - -[0m
2026-04-22 11:40:01 [INFO]: [0mGET /api/users/profile [36m304[0m 68.827 ms - -[0m
2026-04-22 11:40:03 [INFO]: [0mGET /api/skills [36m304[0m 61.188 ms - -[0m
2026-04-22 11:40:03 [INFO]: [0mGET /api/problems?page=1&limit=15 [36m304[0m 91.466 ms - -[0m
2026-04-22 11:40:03 [INFO]: [0mGET /api/skills [36m304[0m 52.371 ms - -[0m
2026-04-22 11:40:03 [INFO]: [0mGET /api/problems?page=1&limit=15 [36m304[0m 87.625 ms - -[0m
2026-04-22 11:40:05 [INFO]: [0mGET /api/problems?page=1&limit=15&difficulty=easy [36m304[0m 88.744 ms - -[0m
2026-04-22 11:40:06 [INFO]: [0mGET /api/problems/69b551a430f4ccf0382a10a9 [32m200[0m 91.054 ms - 1846[0m
2026-04-22 11:40:06 [INFO]: [0mGET /api/problems/69b551a430f4ccf0382a10a9 [36m304[0m 81.367 ms - -[0m
2026-04-22 11:40:19 [ERROR]: Code execution failed {"error":"","language":"java"}
2026-04-22 11:40:19 [ERROR]: Code execution failed {"error":"","language":"java"}
2026-04-22 11:40:19 [ERROR]: Code execution failed {"error":"","language":"java"}
2026-04-22 11:40:19 [INFO]: Test run complete: 0/3 passed (java)
2026-04-22 11:40:20 [INFO]: Submission created: user=69b55b4c2a4ff06cb7d760fa problem=69b551a430f4ccf0382a10a9 correct=false xp=0
2026-04-22 11:40:20 [INFO]: [0mPOST /api/submissions [32m201[0m 562.628 ms - 3133[0m
2026-04-22 11:40:23 [INFO]: Socket disconnected: JOy5fDAh-rl4JrztAAAB
2026-04-22 11:40:24 [INFO]: [0mGET /api/auth/me [32m200[0m 28.587 ms - 357[0m
2026-04-22 11:40:24 [INFO]: [0mGET /api/auth/me [36m304[0m 29.958 ms - -[0m
2026-04-22 11:40:25 [INFO]: Socket connected: Lm8mUe2GTY8cI0OaAAAE
2026-04-22 11:40:25 [INFO]: Socket Lm8mUe2GTY8cI0OaAAAE joined room user:69b55b4c2a4ff06cb7d760fa
2026-04-22 11:40:25 [INFO]: [0mGET /api/problems/69b551a430f4ccf0382a10a9 [32m200[0m 87.120 ms - 1846[0m
2026-04-22 11:40:25 [INFO]: [0mGET /api/problems/69b551a430f4ccf0382a10a9 [36m304[0m 89.051 ms - -[0m
2026-04-22 11:40:30 [ERROR]: Code execution failed {"error":"","language":"java"}
2026-04-22 11:40:30 [ERROR]: Code execution failed {"error":"","language":"java"}
2026-04-22 11:40:30 [ERROR]: Code execution failed {"error":"","language":"java"}
2026-04-22 11:40:30 [INFO]: Test run complete: 0/3 passed (java)
2026-04-22 11:40:31 [INFO]: Submission created: user=69b55b4c2a4ff06cb7d760fa problem=69b551a430f4ccf0382a10a9 correct=false xp=0
2026-04-22 11:40:31 [INFO]: [0mPOST /api/submissions [32m201[0m 378.910 ms - 3132[0m
2026-04-22 11:45:07 [INFO]: MongoDB connection attempt 1/3
2026-04-22 11:45:08 [INFO]: MongoDB connected successfully
2026-04-22 11:45:08 [INFO]: Server running on port 5000 in development mode
2026-04-22 11:45:40 [INFO]: MongoDB connection attempt 1/3
2026-04-22 11:45:41 [INFO]: MongoDB connected successfully
2026-04-22 11:45:41 [INFO]: Server running on port 5000 in development mode
2026-04-22 11:45:49 [INFO]: [0mGET /api/auth/me [32m200[0m 93.564 ms - 357[0m
2026-04-22 11:45:49 [INFO]: [0mGET /api/auth/me [36m304[0m 26.227 ms - -[0m
2026-04-22 11:45:50 [INFO]: Socket connected: u2xPIJs4BogskOf4AAAC
2026-04-22 11:45:50 [INFO]: Socket u2xPIJs4BogskOf4AAAC joined room user:69b55b4c2a4ff06cb7d760fa
2026-04-22 11:45:50 [INFO]: [0mGET /api/problems/69b551a430f4ccf0382a10a9 [32m200[0m 152.689 ms - 1846[0m
2026-04-22 11:45:50 [INFO]: [0mGET /api/problems/69b551a430f4ccf0382a10a9 [36m304[0m 118.430 ms - -[0m
2026-04-22 11:46:01 [ERROR]: Code execution failed {"error":"connect ECONNREFUSED 127.0.0.1:2000","language":"java"}
2026-04-22 11:46:01 [ERROR]: Code execution failed {"error":"connect ECONNREFUSED 127.0.0.1:2000","language":"java"}
2026-04-22 11:46:01 [ERROR]: Code execution failed {"error":"connect ECONNREFUSED 127.0.0.1:2000","language":"java"}
2026-04-22 11:46:01 [INFO]: Test run complete: 0/3 passed (java)
2026-04-22 11:46:02 [INFO]: Submission created: user=69b55b4c2a4ff06cb7d760fa problem=69b551a430f4ccf0382a10a9 correct=false xp=0
2026-04-22 11:46:02 [INFO]: [0mPOST /api/submissions [32m201[0m 412.443 ms - 3136[0m
2026-04-22 11:49:05 [INFO]: Socket connected: HHQs86z8HeWFzWdIAAAE
2026-04-22 11:54:11 [INFO]: Socket disconnected: u2xPIJs4BogskOf4AAAC
2026-04-22 11:54:11 [INFO]: [0mGET /api/auth/me [32m200[0m 48.281 ms - 357[0m
2026-04-22 11:54:11 [INFO]: [0mGET /api/auth/me [32m200[0m 29.720 ms - 357[0m
2026-04-22 11:54:11 [INFO]: [0mGET /api/problems/69b551a430f4ccf0382a10a9 [32m200[0m 82.890 ms - 1846[0m
2026-04-22 11:54:12 [INFO]: Socket connected: w-QlE7D5KIeAqmaBAAAI
2026-04-22 11:54:12 [INFO]: Socket w-QlE7D5KIeAqmaBAAAI joined room user:69b55b4c2a4ff06cb7d760fa
2026-04-22 11:54:12 [INFO]: [0mGET /api/problems/69b551a430f4ccf0382a10a9 [32m200[0m 329.283 ms - 1846[0m
2026-04-22 11:54:33 [INFO]: Test run complete: 1/3 passed (java)
2026-04-22 11:54:34 [INFO]: Submission created: user=69b55b4c2a4ff06cb7d760fa problem=69b551a430f4ccf0382a10a9 correct=false xp=3
2026-04-22 11:54:34 [INFO]: [0mPOST /api/submissions [32m201[0m 3918.195 ms - 3015[0m
2026-04-22 12:01:05 [INFO]: MongoDB connection attempt 1/3
2026-04-22 12:01:05 [INFO]: MongoDB connected successfully
2026-04-22 12:01:05 [INFO]: Server running on port 5000 in development mode
2026-04-22 12:01:06 [INFO]: Socket connected: cceDjDvJ1GxRDBBZAAAB
2026-04-22 12:01:06 [INFO]: Socket cceDjDvJ1GxRDBBZAAAB joined room user:69b55b4c2a4ff06cb7d760fa
2026-04-22 12:01:06 [INFO]: Socket connected: Cso4V9VSERidJJ-yAAAD
2026-04-22 12:07:09 [INFO]: Socket disconnected: Cso4V9VSERidJJ-yAAAD
2026-04-22 12:07:39 [INFO]: Socket disconnected: cceDjDvJ1GxRDBBZAAAB
2026-04-22 12:07:40 [INFO]: [0mGET /api/auth/me [32m200[0m 158.772 ms - 357[0m
2026-04-22 12:07:40 [INFO]: [0mGET /api/auth/me [36m304[0m 90.684 ms - -[0m
2026-04-22 12:07:40 [INFO]: Socket connected: 0SDS26Q4PRrsWS3SAAAG
2026-04-22 12:07:40 [INFO]: Socket 0SDS26Q4PRrsWS3SAAAG joined room user:69b55b4c2a4ff06cb7d760fa
2026-04-22 12:07:40 [INFO]: [0mGET /api/problems/69b551a430f4ccf0382a10a9 [32m200[0m 158.135 ms - 1863[0m
2026-04-22 12:07:41 [INFO]: [0mGET /api/problems/69b551a430f4ccf0382a10a9 [36m304[0m 108.250 ms - -[0m
2026-04-22 12:08:06 [INFO]: Test run complete: 1/3 passed (java)
2026-04-22 12:08:07 [INFO]: Submission created: user=69b55b4c2a4ff06cb7d760fa problem=69b551a430f4ccf0382a10a9 correct=false xp=3
2026-04-22 12:08:07 [INFO]: [0mPOST /api/submissions [32m201[0m 5493.565 ms - 3015[0m
2026-04-22 12:39:18 [INFO]: MongoDB connection attempt 1/3
2026-04-22 12:39:20 [INFO]: MongoDB connected successfully
2026-04-22 12:39:20 [INFO]: Server running on port 5000 in development mode
2026-04-22 12:39:20 [INFO]: Socket connected: Xo1qR4RqBqpridM5AAAB
2026-04-22 12:39:20 [INFO]: Socket Xo1qR4RqBqpridM5AAAB joined room user:69b55b4c2a4ff06cb7d760fa
2026-04-22 12:41:29 [INFO]: Socket disconnected: Xo1qR4RqBqpridM5AAAB
2026-04-22 12:41:30 [INFO]: [0mGET /api/auth/me [32m200[0m 51.329 ms - 357[0m
2026-04-22 12:41:30 [INFO]: [0mGET /api/auth/me [36m304[0m 31.910 ms - -[0m
2026-04-22 12:41:30 [INFO]: Socket connected: QbW5GnQNwJ1MGpTbAAAE
2026-04-22 12:41:30 [INFO]: Socket QbW5GnQNwJ1MGpTbAAAE joined room user:69b55b4c2a4ff06cb7d760fa
2026-04-22 12:41:30 [INFO]: [0mGET /api/problems/69b551a430f4ccf0382a10a9 [32m200[0m 100.607 ms - 1863[0m
2026-04-22 12:41:30 [INFO]: [0mGET /api/problems/69b551a430f4ccf0382a10a9 [36m304[0m 93.263 ms - -[0m
2026-04-22 12:41:33 [INFO]: Socket disconnected: QbW5GnQNwJ1MGpTbAAAE
2026-04-22 12:41:34 [INFO]: [0mGET /api/auth/me [36m304[0m 33.875 ms - -[0m
2026-04-22 12:41:34 [INFO]: [0mGET /api/auth/me [36m304[0m 34.143 ms - -[0m
2026-04-22 12:41:34 [INFO]: Socket connected: adu2350vHawnVAE5AAAH
2026-04-22 12:41:34 [INFO]: Socket adu2350vHawnVAE5AAAH joined room user:69b55b4c2a4ff06cb7d760fa
2026-04-22 12:41:34 [INFO]: [0mGET /api/problems/69b551a430f4ccf0382a10a9 [36m304[0m 81.996 ms - -[0m
2026-04-22 12:41:34 [INFO]: [0mGET /api/problems/69b551a430f4ccf0382a10a9 [36m304[0m 159.380 ms - -[0m
2026-04-22 12:41:56 [INFO]: Test run complete: 3/3 passed (java)
2026-04-22 12:41:57 [INFO]: Submission created: user=69b55b4c2a4ff06cb7d760fa problem=69b551a430f4ccf0382a10a9 correct=true xp=10
2026-04-22 12:41:57 [INFO]: [0mPOST /api/submissions [32m201[0m 6387.808 ms - 3010[0m
2026-04-22 12:46:03 [INFO]: [0mGET /api/submissions/history?limit=10 [32m200[0m 84.665 ms - 10630[0m
2026-04-22 12:46:03 [INFO]: [0mGET /api/users/recommendations [36m304[0m 105.071 ms - -[0m
2026-04-22 12:46:03 [INFO]: [0mGET /api/submissions/history?limit=10 [36m304[0m 70.597 ms - -[0m
2026-04-22 12:46:03 [INFO]: [0mGET /api/users/recommendations [36m304[0m 85.191 ms - -[0m
2026-04-22 12:46:03 [INFO]: [0mGET /api/skills/my-states [32m200[0m 305.079 ms - 6390[0m
2026-04-22 12:46:03 [INFO]: [0mGET /api/users/profile [32m200[0m 343.784 ms - 11779[0m
2026-04-22 12:46:03 [INFO]: [0mGET /api/skills/my-states [36m304[0m 55.647 ms - -[0m
2026-04-22 12:46:03 [INFO]: [0mGET /api/users/profile [36m304[0m 57.716 ms - -[0m
2026-04-22 12:46:09 [INFO]: [0mGET /api/problems/69b551a230f4ccf0382a1088 [32m200[0m 77.505 ms - 1915[0m
2026-04-22 12:46:09 [INFO]: [0mGET /api/problems/69b551a230f4ccf0382a1088 [36m304[0m 83.304 ms - -[0m
2026-04-22 12:51:09 [INFO]: [0mGET /api/users/profile [36m304[0m 102.619 ms - -[0m
2026-04-22 12:51:09 [INFO]: [0mGET /api/skills/my-states [36m304[0m 101.233 ms - -[0m
2026-04-22 12:51:10 [INFO]: [0mGET /api/skills/my-states [36m304[0m 65.457 ms - -[0m
2026-04-22 12:51:10 [INFO]: [0mGET /api/users/profile [36m304[0m 72.772 ms - -[0m
2026-04-22 12:51:10 [INFO]: [0mGET /api/submissions/history?limit=10 [36m304[0m 325.777 ms - -[0m
2026-04-22 12:51:10 [INFO]: [0mGET /api/users/recommendations [36m304[0m 359.535 ms - -[0m
2026-04-22 12:51:10 [INFO]: [0mGET /api/submissions/history?limit=10 [36m304[0m 103.459 ms - -[0m
2026-04-22 12:51:10 [INFO]: [0mGET /api/users/recommendations [36m304[0m 124.324 ms - -[0m
2026-04-22 12:51:15 [INFO]: [0mGET /api/skills [36m304[0m 50.843 ms - -[0m
2026-04-22 12:51:15 [INFO]: [0mGET /api/problems?page=1&limit=15 [36m304[0m 82.848 ms - -[0m
2026-04-22 12:51:15 [INFO]: [0mGET /api/skills [36m304[0m 54.391 ms - -[0m
2026-04-22 12:51:15 [INFO]: [0mGET /api/problems?page=1&limit=15 [36m304[0m 80.611 ms - -[0m
2026-04-22 12:51:17 [INFO]: [0mGET /api/problems?page=1&limit=15&difficulty=easy [36m304[0m 84.662 ms - -[0m
2026-04-22 12:51:17 [INFO]: [0mGET /api/problems?page=1&limit=15&difficulty=medium [32m200[0m 85.426 ms - 17892[0m
2026-04-22 12:51:19 [INFO]: [0mGET /api/problems?page=1&limit=15&difficulty=hard [32m200[0m 121.562 ms - 19337[0m
2026-04-22 12:51:20 [INFO]: [0mGET /api/problems?page=1&limit=15&difficulty=medium [36m304[0m 406.568 ms - -[0m
2026-04-22 12:51:28 [INFO]: [0mGET /api/problems?page=1&limit=15 [36m304[0m 80.415 ms - -[0m
2026-04-22 12:51:32 [INFO]: [0mGET /api/problems/69b551a430f4ccf0382a10a9 [32m200[0m 81.760 ms - 1846[0m
2026-04-22 12:51:32 [INFO]: [0mGET /api/problems/69b551a430f4ccf0382a10a9 [36m304[0m 81.606 ms - -[0m
2026-04-22 12:52:04 [INFO]: Test run complete: 3/3 passed (java)
2026-04-22 12:52:04 [INFO]: Submission created: user=69b55b4c2a4ff06cb7d760fa problem=69b551a430f4ccf0382a10a9 correct=true xp=10
2026-04-22 12:52:04 [INFO]: [0mPOST /api/submissions [32m201[0m 6370.396 ms - 3011[0m
2026-04-22 12:54:19 [INFO]: Test run complete: 1/3 passed (java)
2026-04-22 12:54:20 [INFO]: Submission created: user=69b55b4c2a4ff06cb7d760fa problem=69b551a430f4ccf0382a10a9 correct=false xp=3
2026-04-22 12:54:20 [INFO]: [0mPOST /api/submissions [32m201[0m 7264.404 ms - 3014[0m
2026-04-22 12:54:35 [INFO]: Test run complete: 3/3 passed (java)
2026-04-22 12:54:35 [INFO]: Submission created: user=69b55b4c2a4ff06cb7d760fa problem=69b551a430f4ccf0382a10a9 correct=true xp=10
2026-04-22 12:54:35 [INFO]: [0mPOST /api/submissions [32m201[0m 6440.600 ms - 3011[0m
2026-04-22 12:54:44 [INFO]: [0mGET /api/users/profile [32m200[0m 53.205 ms - 11857[0m
2026-04-22 12:54:44 [INFO]: [0mGET /api/skills/my-states [32m200[0m 53.216 ms - 6391[0m
2026-04-22 12:54:44 [INFO]: [0mGET /api/users/recommendations [36m304[0m 78.045 ms - -[0m
2026-04-22 12:54:44 [INFO]: [0mGET /api/users/profile [36m304[0m 63.726 ms - -[0m
2026-04-22 12:54:44 [INFO]: [0mGET /api/skills/my-states [36m304[0m 67.732 ms - -[0m
2026-04-22 12:54:44 [INFO]: [0mGET /api/users/recommendations [36m304[0m 106.775 ms - -[0m
2026-04-22 12:54:44 [INFO]: [0mGET /api/submissions/history?limit=10 [32m200[0m 284.744 ms - 10710[0m
2026-04-22 12:54:44 [INFO]: [0mGET /api/submissions/history?limit=10 [36m304[0m 51.349 ms - -[0m
2026-04-22 12:54:46 [INFO]: Socket connected: W6IpAmbSTJxkd4bLAAAK
2026-04-22 12:54:46 [INFO]: Socket W6IpAmbSTJxkd4bLAAAK joined room user:69b55b4c2a4ff06cb7d760fa
2026-04-22 12:54:46 [WARN]: Redis error — leaderboard will use MongoDB fallback {"error":"getaddrinfo ENOTFOUND mint-starling-71225.upstash.io"}
2026-04-22 12:54:46 [WARN]: Redis connect failed — using MongoDB fallback {"error":"Connection is closed."}
2026-04-22 12:54:46 [INFO]: [0mGET /api/leaderboard [32m200[0m 54.471 ms - 185[0m
2026-04-22 12:54:46 [WARN]: Redis error — leaderboard will use MongoDB fallback {"error":"getaddrinfo ENOTFOUND mint-starling-71225.upstash.io"}
2026-04-22 12:54:46 [INFO]: [0mGET /api/leaderboard [36m304[0m 48.216 ms - -[0m
2026-04-22 12:54:46 [WARN]: Redis error — leaderboard will use MongoDB fallback {"error":"getaddrinfo ENOTFOUND mint-starling-71225.upstash.io"}
2026-04-22 12:54:46 [WARN]: Redis error — leaderboard will use MongoDB fallback {"error":"getaddrinfo ENOTFOUND mint-starling-71225.upstash.io"}
2026-04-22 12:54:47 [WARN]: Redis error — leaderboard will use MongoDB fallback {"error":"getaddrinfo ENOTFOUND mint-starling-71225.upstash.io"}
2026-04-22 12:54:47 [WARN]: Redis error — leaderboard will use MongoDB fallback {"error":"getaddrinfo ENOTFOUND mint-starling-71225.upstash.io"}
2026-04-22 12:54:47 [WARN]: Redis error — leaderboard will use MongoDB fallback {"error":"getaddrinfo ENOTFOUND mint-starling-71225.upstash.io"}
2026-04-22 12:54:47 [INFO]: Socket disconnected: W6IpAmbSTJxkd4bLAAAK
2026-04-22 12:54:48 [INFO]: [0mGET /api/users/recommendations [36m304[0m 87.774 ms - -[0m
2026-04-22 12:54:48 [INFO]: [0mGET /api/skills/my-states [36m304[0m 89.150 ms - -[0m
2026-04-22 12:54:48 [WARN]: Redis error — leaderboard will use MongoDB fallback {"error":"getaddrinfo ENOTFOUND mint-starling-71225.upstash.io"}
2026-04-22 12:54:48 [INFO]: [0mGET /api/skills/my-states [36m304[0m 52.509 ms - -[0m
2026-04-22 12:54:48 [INFO]: [0mGET /api/users/recommendations [36m304[0m 81.354 ms - -[0m
2026-04-22 12:54:48 [WARN]: Redis error — leaderboard will use MongoDB fallback {"error":"getaddrinfo ENOTFOUND mint-starling-71225.upstash.io"}
2026-04-22 12:54:49 [WARN]: Redis error — leaderboard will use MongoDB fallback {"error":"getaddrinfo ENOTFOUND mint-starling-71225.upstash.io"}
2026-04-22 12:54:49 [WARN]: Redis error — leaderboard will use MongoDB fallback {"error":"getaddrinfo ENOTFOUND mint-starling-71225.upstash.io"}
2026-04-22 12:54:50 [WARN]: Redis error — leaderboard will use MongoDB fallback {"error":"getaddrinfo ENOTFOUND mint-starling-71225.upstash.io"}
2026-04-22 12:54:50 [WARN]: Redis error — leaderboard will use MongoDB fallback {"error":"getaddrinfo ENOTFOUND mint-starling-71225.upstash.io"}
2026-04-22 12:54:50 [INFO]: [0mGET /api/users/profile [36m304[0m 64.806 ms - -[0m
2026-04-22 12:54:50 [INFO]: [0mGET /api/submissions/history?limit=20 [32m200[0m 79.811 ms - 20230[0m
2026-04-22 12:54:50 [INFO]: [0mGET /api/users/profile [36m304[0m 60.441 ms - -[0m
2026-04-22 12:54:50 [INFO]: [0mGET /api/submissions/history?limit=20 [36m304[0m 73.199 ms - -[0m
2026-04-22 12:54:51 [WARN]: Redis error — leaderboard will use MongoDB fallback {"error":"getaddrinfo ENOTFOUND mint-starling-71225.upstash.io"}
2026-04-22 12:54:52 [WARN]: Redis error — leaderboard will use MongoDB fallback {"error":"getaddrinfo ENOTFOUND mint-starling-71225.upstash.io"}
2026-04-22 12:54:52 [WARN]: Redis error — leaderboard will use MongoDB fallback {"error":"getaddrinfo ENOTFOUND mint-starling-71225.upstash.io"}
2026-04-22 12:54:53 [WARN]: Redis error — leaderboard will use MongoDB fallback {"error":"getaddrinfo ENOTFOUND mint-starling-71225.upstash.io"}
2026-04-22 12:54:54 [WARN]: Redis error — leaderboard will use MongoDB fallback {"error":"getaddrinfo ENOTFOUND mint-starling-71225.upstash.io"}
2026-04-22 12:54:54 [INFO]: [0mGET /api/users/profile [36m304[0m 54.374 ms - -[0m
2026-04-22 12:54:54 [INFO]: [0mGET /api/skills/my-states [36m304[0m 56.183 ms - -[0m
2026-04-22 12:54:54 [INFO]: [0mGET /api/submissions/history?limit=10 [36m304[0m 57.003 ms - -[0m
2026-04-22 12:54:54 [INFO]: [0mGET /api/users/recommendations [36m304[0m 77.708 ms - -[0m
2026-04-22 12:54:55 [INFO]: [0mGET /api/users/profile [36m304[0m 73.889 ms - -[0m
2026-04-22 12:54:55 [INFO]: [0mGET /api/skills/my-states [36m304[0m 73.277 ms - -[0m
2026-04-22 12:54:55 [INFO]: [0mGET /api/submissions/history?limit=10 [36m304[0m 73.872 ms - -[0m
2026-04-22 12:54:55 [INFO]: [0mGET /api/users/recommendations [36m304[0m 83.153 ms - -[0m
2026-04-22 12:54:55 [WARN]: Redis error — leaderboard will use MongoDB fallback {"error":"getaddrinfo ENOTFOUND mint-starling-71225.upstash.io"}
2026-04-22 12:54:56 [WARN]: Redis error — leaderboard will use MongoDB fallback {"error":"getaddrinfo ENOTFOUND mint-starling-71225.upstash.io"}
2026-04-22 12:54:57 [WARN]: Redis error — leaderboard will use MongoDB fallback {"error":"getaddrinfo ENOTFOUND mint-starling-71225.upstash.io"}
2026-04-22 12:54:58 [WARN]: Redis error — leaderboard will use MongoDB fallback {"error":"getaddrinfo ENOTFOUND mint-starling-71225.upstash.io"}
2026-04-22 12:54:59 [WARN]: Redis error — leaderboard will use MongoDB fallback {"error":"getaddrinfo ENOTFOUND mint-starling-71225.upstash.io"}
2026-04-22 12:55:00 [WARN]: Redis error — leaderboard will use MongoDB fallback {"error":"getaddrinfo ENOTFOUND mint-starling-71225.upstash.io"}
2026-04-22 12:55:01 [WARN]: Redis error — leaderboard will use MongoDB fallback {"error":"getaddrinfo ENOTFOUND mint-starling-71225.upstash.io"}
2026-04-22 12:55:03 [WARN]: Redis error — leaderboard will use MongoDB fallback {"error":"getaddrinfo ENOTFOUND mint-starling-71225.upstash.io"}
2026-04-22 12:55:04 [WARN]: Redis error — leaderboard will use MongoDB fallback {"error":"getaddrinfo ENOTFOUND mint-starling-71225.upstash.io"}
2026-04-22 12:55:05 [WARN]: Redis error — leaderboard will use MongoDB fallback {"error":"getaddrinfo ENOTFOUND mint-starling-71225.upstash.io"}
2026-04-22 12:55:07 [WARN]: Redis error — leaderboard will use MongoDB fallback {"error":"getaddrinfo ENOTFOUND mint-starling-71225.upstash.io"}
2026-04-22 12:55:08 [WARN]: Redis error — leaderboard will use MongoDB fallback {"error":"getaddrinfo ENOTFOUND mint-starling-71225.upstash.io"}
2026-04-22 12:55:10 [WARN]: Redis error — leaderboard will use MongoDB fallback {"error":"getaddrinfo ENOTFOUND mint-starling-71225.upstash.io"}
2026-04-22 12:55:11 [WARN]: Redis error — leaderboard will use MongoDB fallback {"error":"getaddrinfo ENOTFOUND mint-starling-71225.upstash.io"}
2026-04-22 12:55:13 [WARN]: Redis error — leaderboard will use MongoDB fallback {"error":"getaddrinfo ENOTFOUND mint-starling-71225.upstash.io"}
2026-04-22 12:55:15 [WARN]: Redis error — leaderboard will use MongoDB fallback {"error":"getaddrinfo ENOTFOUND mint-starling-71225.upstash.io"}
2026-04-22 12:55:16 [WARN]: Redis error — leaderboard will use MongoDB fallback {"error":"getaddrinfo ENOTFOUND mint-starling-71225.upstash.io"}
2026-04-22 12:55:18 [WARN]: Redis error — leaderboard will use MongoDB fallback {"error":"getaddrinfo ENOTFOUND mint-starling-71225.upstash.io"}
2026-04-22 12:55:20 [WARN]: Redis error — leaderboard will use MongoDB fallback {"error":"getaddrinfo ENOTFOUND mint-starling-71225.upstash.io"}
2026-04-22 12:55:22 [WARN]: Redis error — leaderboard will use MongoDB fallback {"error":"getaddrinfo ENOTFOUND mint-starling-71225.upstash.io"}
2026-04-22 12:55:23 [INFO]: [0mGET /api/skills/my-states [36m304[0m 54.510 ms - -[0m
2026-04-22 12:55:23 [INFO]: [0mGET /api/users/recommendations [36m304[0m 75.348 ms - -[0m
2026-04-22 12:55:23 [INFO]: [0mGET /api/skills/my-states [36m304[0m 78.827 ms - -[0m
2026-04-22 12:55:23 [INFO]: [0mGET /api/users/recommendations [36m304[0m 86.337 ms - -[0m
2026-04-22 12:55:24 [WARN]: Redis error — leaderboard will use MongoDB fallback {"error":"getaddrinfo ENOTFOUND mint-starling-71225.upstash.io"}
2026-04-22 12:55:24 [INFO]: [0mGET /api/users/profile [36m304[0m 60.560 ms - -[0m
2026-04-22 12:55:24 [INFO]: [0mGET /api/submissions/history?limit=20 [36m304[0m 78.118 ms - -[0m
2026-04-22 12:55:24 [INFO]: [0mGET /api/users/profile [36m304[0m 51.638 ms - -[0m
2026-04-22 12:55:24 [INFO]: [0mGET /api/submissions/history?limit=20 [36m304[0m 77.833 ms - -[0m
2026-04-22 12:55:25 [INFO]: Socket connected: qMIVz56PAqvqHpzuAAAM
2026-04-22 12:55:25 [INFO]: Socket qMIVz56PAqvqHpzuAAAM joined room user:69b55b4c2a4ff06cb7d760fa
2026-04-22 12:55:25 [INFO]: [0mGET /api/leaderboard [36m304[0m 46.681 ms - -[0m
2026-04-22 12:55:25 [INFO]: [0mGET /api/leaderboard [36m304[0m 47.446 ms - -[0m
2026-04-22 12:55:26 [WARN]: Redis error — leaderboard will use MongoDB fallback {"error":"getaddrinfo ENOTFOUND mint-starling-71225.upstash.io"}
2026-04-22 12:55:26 [INFO]: Socket disconnected: qMIVz56PAqvqHpzuAAAM
2026-04-22 12:55:26 [INFO]: [0mGET /api/users/profile [36m304[0m 57.875 ms - -[0m
2026-04-22 12:55:26 [INFO]: [0mGET /api/submissions/history?limit=20 [36m304[0m 76.487 ms - -[0m
2026-04-22 12:55:27 [INFO]: [0mGET /api/users/profile [36m304[0m 56.545 ms - -[0m
2026-04-22 12:55:27 [INFO]: [0mGET /api/submissions/history?limit=20 [36m304[0m 89.875 ms - -[0m
2026-04-22 12:55:28 [WARN]: Redis error — leaderboard will use MongoDB fallback {"error":"getaddrinfo ENOTFOUND mint-starling-71225.upstash.io"}
2026-04-22 12:55:30 [WARN]: Redis error — leaderboard will use MongoDB fallback {"error":"getaddrinfo ENOTFOUND mint-starling-71225.upstash.io"}
2026-04-22 12:55:32 [WARN]: Redis error — leaderboard will use MongoDB fallback {"error":"getaddrinfo ENOTFOUND mint-starling-71225.upstash.io"}
2026-04-22 12:55:34 [WARN]: Redis error — leaderboard will use MongoDB fallback {"error":"getaddrinfo ENOTFOUND mint-starling-71225.upstash.io"}
2026-04-22 12:55:36 [WARN]: Redis error — leaderboard will use MongoDB fallback {"error":"getaddrinfo ENOTFOUND mint-starling-71225.upstash.io"}
2026-04-22 12:55:38 [WARN]: Redis error — leaderboard will use MongoDB fallback {"error":"getaddrinfo ENOTFOUND mint-starling-71225.upstash.io"}
2026-04-22 12:55:40 [WARN]: Redis error — leaderboard will use MongoDB fallback {"error":"getaddrinfo ENOTFOUND mint-starling-71225.upstash.io"}
2026-04-22 12:55:42 [WARN]: Redis error — leaderboard will use MongoDB fallback {"error":"getaddrinfo ENOTFOUND mint-starling-71225.upstash.io"}
2026-04-22 12:55:44 [WARN]: Redis error — leaderboard will use MongoDB fallback {"error":"getaddrinfo ENOTFOUND mint-starling-71225.upstash.io"}
2026-04-22 12:55:46 [WARN]: Redis error — leaderboard will use MongoDB fallback {"error":"getaddrinfo ENOTFOUND mint-starling-71225.upstash.io"}
2026-04-22 12:55:48 [WARN]: Redis error — leaderboard will use MongoDB fallback {"error":"getaddrinfo ENOTFOUND mint-starling-71225.upstash.io"}
2026-04-22 12:55:50 [WARN]: Redis error — leaderboard will use MongoDB fallback {"error":"getaddrinfo ENOTFOUND mint-starling-71225.upstash.io"}
2026-04-22 12:55:52 [WARN]: Redis error — leaderboard will use MongoDB fallback {"error":"getaddrinfo ENOTFOUND mint-starling-71225.upstash.io"}
2026-04-22 12:55:54 [WARN]: Redis error — leaderboard will use MongoDB fallback {"error":"getaddrinfo ENOTFOUND mint-starling-71225.upstash.io"}
2026-04-22 12:55:56 [WARN]: Redis error — leaderboard will use MongoDB fallback {"error":"getaddrinfo ENOTFOUND mint-starling-71225.upstash.io"}
2026-04-22 12:55:58 [WARN]: Redis error — leaderboard will use MongoDB fallback {"error":"getaddrinfo ENOTFOUND mint-starling-71225.upstash.io"}
2026-04-22 12:56:00 [WARN]: Redis error — leaderboard will use MongoDB fallback {"error":"getaddrinfo ENOTFOUND mint-starling-71225.upstash.io"}
2026-04-22 12:56:02 [WARN]: Redis error — leaderboard will use MongoDB fallback {"error":"getaddrinfo ENOTFOUND mint-starling-71225.upstash.io"}
2026-04-22 12:56:04 [WARN]: Redis error — leaderboard will use MongoDB fallback {"error":"getaddrinfo ENOTFOUND mint-starling-71225.upstash.io"}
2026-04-22 12:56:06 [WARN]: Redis error — leaderboard will use MongoDB fallback {"error":"getaddrinfo ENOTFOUND mint-starling-71225.upstash.io"}
2026-04-22 12:56:08 [WARN]: Redis error — leaderboard will use MongoDB fallback {"error":"getaddrinfo ENOTFOUND mint-starling-71225.upstash.io"}
2026-04-22 12:56:10 [WARN]: Redis error — leaderboard will use MongoDB fallback {"error":"getaddrinfo ENOTFOUND mint-starling-71225.upstash.io"}
2026-04-22 12:56:12 [WARN]: Redis error — leaderboard will use MongoDB fallback {"error":"getaddrinfo ENOTFOUND mint-starling-71225.upstash.io"}
2026-04-22 12:56:14 [WARN]: Redis error — leaderboard will use MongoDB fallback {"error":"getaddrinfo ENOTFOUND mint-starling-71225.upstash.io"}
2026-04-22 12:56:16 [WARN]: Redis error — leaderboard will use MongoDB fallback {"error":"getaddrinfo ENOTFOUND mint-starling-71225.upstash.io"}
2026-04-22 12:56:18 [WARN]: Redis error — leaderboard will use MongoDB fallback {"error":"getaddrinfo ENOTFOUND mint-starling-71225.upstash.io"}
2026-04-22 12:56:20 [WARN]: Redis error — leaderboard will use MongoDB fallback {"error":"getaddrinfo ENOTFOUND mint-starling-71225.upstash.io"}
2026-04-22 12:56:22 [WARN]: Redis error — leaderboard will use MongoDB fallback {"error":"getaddrinfo ENOTFOUND mint-starling-71225.upstash.io"}
2026-04-22 12:56:24 [WARN]: Redis error — leaderboard will use MongoDB fallback {"error":"getaddrinfo ENOTFOUND mint-starling-71225.upstash.io"}
2026-04-22 12:56:26 [WARN]: Redis error — leaderboard will use MongoDB fallback {"error":"getaddrinfo ENOTFOUND mint-starling-71225.upstash.io"}
2026-04-22 12:56:28 [WARN]: Redis error — leaderboard will use MongoDB fallback {"error":"getaddrinfo ENOTFOUND mint-starling-71225.upstash.io"}
2026-04-22 12:56:30 [WARN]: Redis error — leaderboard will use MongoDB fallback {"error":"getaddrinfo ENOTFOUND mint-starling-71225.upstash.io"}
2026-04-22 12:56:32 [WARN]: Redis error — leaderboard will use MongoDB fallback {"error":"getaddrinfo ENOTFOUND mint-starling-71225.upstash.io"}
2026-04-22 12:56:34 [WARN]: Redis error — leaderboard will use MongoDB fallback {"error":"getaddrinfo ENOTFOUND mint-starling-71225.upstash.io"}
2026-04-22 12:56:36 [WARN]: Redis error — leaderboard will use MongoDB fallback {"error":"getaddrinfo ENOTFOUND mint-starling-71225.upstash.io"}
2026-04-22 12:56:38 [WARN]: Redis error — leaderboard will use MongoDB fallback {"error":"getaddrinfo ENOTFOUND mint-starling-71225.upstash.io"}
2026-04-22 12:56:40 [WARN]: Redis error — leaderboard will use MongoDB fallback {"error":"getaddrinfo ENOTFOUND mint-starling-71225.upstash.io"}
2026-04-22 12:56:42 [WARN]: Redis error — leaderboard will use MongoDB fallback {"error":"getaddrinfo ENOTFOUND mint-starling-71225.upstash.io"}
2026-04-22 12:56:44 [WARN]: Redis error — leaderboard will use MongoDB fallback {"error":"getaddrinfo ENOTFOUND mint-starling-71225.upstash.io"}
2026-04-22 12:56:46 [WARN]: Redis error — leaderboard will use MongoDB fallback {"error":"getaddrinfo ENOTFOUND mint-starling-71225.upstash.io"}
2026-04-22 12:56:48 [WARN]: Redis error — leaderboard will use MongoDB fallback {"error":"getaddrinfo ENOTFOUND mint-starling-71225.upstash.io"}
2026-04-22 12:56:50 [WARN]: Redis error — leaderboard will use MongoDB fallback {"error":"getaddrinfo ENOTFOUND mint-starling-71225.upstash.io"}
2026-04-22 12:56:52 [WARN]: Redis error — leaderboard will use MongoDB fallback {"error":"getaddrinfo ENOTFOUND mint-starling-71225.upstash.io"}
2026-04-22 12:56:54 [WARN]: Redis error — leaderboard will use MongoDB fallback {"error":"getaddrinfo ENOTFOUND mint-starling-71225.upstash.io"}
2026-04-22 12:56:56 [WARN]: Redis error — leaderboard will use MongoDB fallback {"error":"getaddrinfo ENOTFOUND mint-starling-71225.upstash.io"}
2026-04-22 12:56:58 [WARN]: Redis error — leaderboard will use MongoDB fallback {"error":"getaddrinfo ENOTFOUND mint-starling-71225.upstash.io"}
2026-04-22 12:57:00 [WARN]: Redis error — leaderboard will use MongoDB fallback {"error":"getaddrinfo ENOTFOUND mint-starling-71225.upstash.io"}
2026-04-22 12:57:02 [WARN]: Redis error — leaderboard will use MongoDB fallback {"error":"getaddrinfo ENOTFOUND mint-starling-71225.upstash.io"}
2026-04-22 12:57:04 [WARN]: Redis error — leaderboard will use MongoDB fallback {"error":"getaddrinfo ENOTFOUND mint-starling-71225.upstash.io"}
2026-04-22 12:57:06 [WARN]: Redis error — leaderboard will use MongoDB fallback {"error":"getaddrinfo ENOTFOUND mint-starling-71225.upstash.io"}
2026-04-22 12:57:08 [WARN]: Redis error — leaderboard will use MongoDB fallback {"error":"getaddrinfo ENOTFOUND mint-starling-71225.upstash.io"}
2026-04-22 12:57:10 [WARN]: Redis error — leaderboard will use MongoDB fallback {"error":"getaddrinfo ENOTFOUND mint-starling-71225.upstash.io"}
2026-04-22 12:57:12 [WARN]: Redis error — leaderboard will use MongoDB fallback {"error":"getaddrinfo ENOTFOUND mint-starling-71225.upstash.io"}
2026-04-22 12:57:14 [WARN]: Redis error — leaderboard will use MongoDB fallback {"error":"getaddrinfo ENOTFOUND mint-starling-71225.upstash.io"}
2026-04-22 12:57:16 [WARN]: Redis error — leaderboard will use MongoDB fallback {"error":"getaddrinfo ENOTFOUND mint-starling-71225.upstash.io"}
2026-04-22 12:57:18 [WARN]: Redis error — leaderboard will use MongoDB fallback {"error":"getaddrinfo ENOTFOUND mint-starling-71225.upstash.io"}
2026-04-22 12:57:20 [WARN]: Redis error — leaderboard will use MongoDB fallback {"error":"getaddrinfo ENOTFOUND mint-starling-71225.upstash.io"}
2026-04-22 12:57:22 [WARN]: Redis error — leaderboard will use MongoDB fallback {"error":"getaddrinfo ENOTFOUND mint-starling-71225.upstash.io"}
2026-04-22 12:57:24 [WARN]: Redis error — leaderboard will use MongoDB fallback {"error":"getaddrinfo ENOTFOUND mint-starling-71225.upstash.io"}
2026-04-22 12:57:26 [WARN]: Redis error — leaderboard will use MongoDB fallback {"error":"getaddrinfo ENOTFOUND mint-starling-71225.upstash.io"}
2026-04-22 12:57:28 [WARN]: Redis error — leaderboard will use MongoDB fallback {"error":"getaddrinfo ENOTFOUND mint-starling-71225.upstash.io"}
2026-04-22 12:57:30 [WARN]: Redis error — leaderboard will use MongoDB fallback {"error":"getaddrinfo ENOTFOUND mint-starling-71225.upstash.io"}
2026-04-22 12:57:32 [WARN]: Redis error — leaderboard will use MongoDB fallback {"error":"getaddrinfo ENOTFOUND mint-starling-71225.upstash.io"}
2026-04-22 12:57:34 [WARN]: Redis error — leaderboard will use MongoDB fallback {"error":"getaddrinfo ENOTFOUND mint-starling-71225.upstash.io"}
2026-04-22 12:57:36 [WARN]: Redis error — leaderboard will use MongoDB fallback {"error":"getaddrinfo ENOTFOUND mint-starling-71225.upstash.io"}
2026-04-22 12:57:38 [WARN]: Redis error — leaderboard will use MongoDB fallback {"error":"getaddrinfo ENOTFOUND mint-starling-71225.upstash.io"}
2026-04-22 12:57:40 [WARN]: Redis error — leaderboard will use MongoDB fallback {"error":"getaddrinfo ENOTFOUND mint-starling-71225.upstash.io"}
2026-04-22 12:57:42 [WARN]: Redis error — leaderboard will use MongoDB fallback {"error":"getaddrinfo ENOTFOUND mint-starling-71225.upstash.io"}
2026-04-22 12:57:44 [WARN]: Redis error — leaderboard will use MongoDB fallback {"error":"getaddrinfo ENOTFOUND mint-starling-71225.upstash.io"}
2026-04-22 12:57:46 [WARN]: Redis error — leaderboard will use MongoDB fallback {"error":"getaddrinfo ENOTFOUND mint-starling-71225.upstash.io"}
2026-04-22 12:57:49 [WARN]: Redis error — leaderboard will use MongoDB fallback {"error":"getaddrinfo ENOTFOUND mint-starling-71225.upstash.io"}
2026-04-22 12:57:51 [WARN]: Redis error — leaderboard will use MongoDB fallback {"error":"getaddrinfo ENOTFOUND mint-starling-71225.upstash.io"}
2026-04-22 12:57:53 [WARN]: Redis error — leaderboard will use MongoDB fallback {"error":"getaddrinfo ENOTFOUND mint-starling-71225.upstash.io"}
2026-04-22 12:57:55 [WARN]: Redis error — leaderboard will use MongoDB fallback {"error":"getaddrinfo ENOTFOUND mint-starling-71225.upstash.io"}
2026-04-22 12:57:55 [INFO]: [0mGET /api/users/profile [36m304[0m 65.145 ms - -[0m
2026-04-22 12:57:55 [INFO]: [0mGET /api/submissions/history?limit=10 [36m304[0m 63.900 ms - -[0m
2026-04-22 12:57:55 [INFO]: [0mGET /api/skills/my-states [36m304[0m 70.825 ms - -[0m
2026-04-22 12:57:55 [INFO]: [0mGET /api/users/recommendations [36m304[0m 88.225 ms - -[0m
2026-04-22 12:57:55 [INFO]: [0mGET /api/users/profile [36m304[0m 64.234 ms - -[0m
2026-04-22 12:57:55 [INFO]: [0mGET /api/submissions/history?limit=10 [36m304[0m 59.235 ms - -[0m
2026-04-22 12:57:55 [INFO]: [0mGET /api/skills/my-states [36m304[0m 60.027 ms - -[0m
2026-04-22 12:57:55 [INFO]: [0mGET /api/users/recommendations [36m304[0m 94.096 ms - -[0m
2026-04-22 12:57:56 [INFO]: [0mGET /api/skills [36m304[0m 55.906 ms - -[0m
2026-04-22 12:57:56 [INFO]: [0mGET /api/problems?page=1&limit=15 [36m304[0m 76.957 ms - -[0m
2026-04-22 12:57:56 [INFO]: [0mGET /api/skills [36m304[0m 51.263 ms - -[0m
2026-04-22 12:57:56 [INFO]: [0mGET /api/problems?page=1&limit=15 [36m304[0m 81.602 ms - -[0m
2026-04-22 12:57:57 [WARN]: Redis error — leaderboard will use MongoDB fallback {"error":"getaddrinfo ENOTFOUND mint-starling-71225.upstash.io"}
2026-04-22 12:57:59 [WARN]: Redis error — leaderboard will use MongoDB fallback {"error":"getaddrinfo ENOTFOUND mint-starling-71225.upstash.io"}
2026-04-22 12:58:01 [WARN]: Redis error — leaderboard will use MongoDB fallback {"error":"getaddrinfo ENOTFOUND mint-starling-71225.upstash.io"}
2026-04-22 12:58:01 [INFO]: [0mGET /api/problems?page=1&limit=15&difficulty=easy [36m304[0m 77.770 ms - -[0m
2026-04-22 12:58:03 [WARN]: Redis error — leaderboard will use MongoDB fallback {"error":"getaddrinfo ENOTFOUND mint-starling-71225.upstash.io"}
2026-04-22 12:58:05 [WARN]: Redis error — leaderboard will use MongoDB fallback {"error":"getaddrinfo ENOTFOUND mint-starling-71225.upstash.io"}
2026-04-22 12:58:05 [INFO]: [0mGET /api/problems/69b551a330f4ccf0382a109a [32m200[0m 77.469 ms - 2002[0m
2026-04-22 12:58:05 [INFO]: [0mGET /api/problems/69b551a330f4ccf0382a109a [36m304[0m 81.215 ms - -[0m
2026-04-22 12:58:07 [WARN]: Redis error — leaderboard will use MongoDB fallback {"error":"getaddrinfo ENOTFOUND mint-starling-71225.upstash.io"}
2026-04-22 12:58:09 [WARN]: Redis error — leaderboard will use MongoDB fallback {"error":"getaddrinfo ENOTFOUND mint-starling-71225.upstash.io"}
2026-04-22 12:58:11 [WARN]: Redis error — leaderboard will use MongoDB fallback {"error":"getaddrinfo ENOTFOUND mint-starling-71225.upstash.io"}
2026-04-22 12:58:13 [WARN]: Redis error — leaderboard will use MongoDB fallback {"error":"getaddrinfo ENOTFOUND mint-starling-71225.upstash.io"}
2026-04-22 12:58:15 [WARN]: Redis error — leaderboard will use MongoDB fallback {"error":"getaddrinfo ENOTFOUND mint-starling-71225.upstash.io"}
2026-04-22 12:58:15 [INFO]: Test run complete: 0/3 passed (javascript)
2026-04-22 12:58:16 [INFO]: Submission created: user=69b55b4c2a4ff06cb7d760fa problem=69b551a330f4ccf0382a109a correct=false xp=0
2026-04-22 12:58:16 [INFO]: [0mPOST /api/submissions [32m201[0m 4878.419 ms - 5279[0m
2026-04-22 12:58:17 [WARN]: Redis error — leaderboard will use MongoDB fallback {"error":"getaddrinfo ENOTFOUND mint-starling-71225.upstash.io"}
2026-04-22 12:58:19 [WARN]: Redis error — leaderboard will use MongoDB fallback {"error":"getaddrinfo ENOTFOUND mint-starling-71225.upstash.io"}
2026-04-22 12:58:21 [WARN]: Redis error — leaderboard will use MongoDB fallback {"error":"getaddrinfo ENOTFOUND mint-starling-71225.upstash.io"}
2026-04-22 12:58:23 [WARN]: Redis error — leaderboard will use MongoDB fallback {"error":"getaddrinfo ENOTFOUND mint-starling-71225.upstash.io"}
2026-04-22 12:58:25 [WARN]: Redis error — leaderboard will use MongoDB fallback {"error":"getaddrinfo ENOTFOUND mint-starling-71225.upstash.io"}
2026-04-22 12:58:27 [WARN]: Redis error — leaderboard will use MongoDB fallback {"error":"getaddrinfo ENOTFOUND mint-starling-71225.upstash.io"}
2026-04-22 12:58:29 [WARN]: Redis error — leaderboard will use MongoDB fallback {"error":"getaddrinfo ENOTFOUND mint-starling-71225.upstash.io"}
2026-04-22 12:58:31 [WARN]: Redis error — leaderboard will use MongoDB fallback {"error":"getaddrinfo ENOTFOUND mint-starling-71225.upstash.io"}
2026-04-22 12:58:33 [WARN]: Redis error — leaderboard will use MongoDB fallback {"error":"getaddrinfo ENOTFOUND mint-starling-71225.upstash.io"}
2026-04-22 12:58:35 [WARN]: Redis error — leaderboard will use MongoDB fallback {"error":"getaddrinfo ENOTFOUND mint-starling-71225.upstash.io"}
2026-04-22 12:58:36 [INFO]: Test run complete: 1/3 passed (java)
2026-04-22 12:58:36 [INFO]: Submission created: user=69b55b4c2a4ff06cb7d760fa problem=69b551a330f4ccf0382a109a correct=false xp=3
2026-04-22 12:58:36 [INFO]: [0mPOST /api/submissions [32m201[0m 7818.778 ms - 3004[0m
2026-04-22 12:58:37 [WARN]: Redis error — leaderboard will use MongoDB fallback {"error":"getaddrinfo ENOTFOUND mint-starling-71225.upstash.io"}
2026-04-22 12:58:39 [WARN]: Redis error — leaderboard will use MongoDB fallback {"error":"getaddrinfo ENOTFOUND mint-starling-71225.upstash.io"}
2026-04-22 12:58:41 [WARN]: Redis error — leaderboard will use MongoDB fallback {"error":"getaddrinfo ENOTFOUND mint-starling-71225.upstash.io"}
2026-04-22 12:58:43 [WARN]: Redis error — leaderboard will use MongoDB fallback {"error":"getaddrinfo ENOTFOUND mint-starling-71225.upstash.io"}
2026-04-22 12:58:45 [WARN]: Redis error — leaderboard will use MongoDB fallback {"error":"getaddrinfo ENOTFOUND mint-starling-71225.upstash.io"}
2026-04-22 12:58:47 [WARN]: Redis error — leaderboard will use MongoDB fallback {"error":"getaddrinfo ENOTFOUND mint-starling-71225.upstash.io"}
2026-04-22 12:58:49 [WARN]: Redis error — leaderboard will use MongoDB fallback {"error":"getaddrinfo ENOTFOUND mint-starling-71225.upstash.io"}
2026-04-22 12:58:51 [WARN]: Redis error — leaderboard will use MongoDB fallback {"error":"getaddrinfo ENOTFOUND mint-starling-71225.upstash.io"}
2026-04-22 12:58:53 [WARN]: Redis error — leaderboard will use MongoDB fallback {"error":"getaddrinfo ENOTFOUND mint-starling-71225.upstash.io"}
2026-04-22 12:58:55 [WARN]: Redis error — leaderboard will use MongoDB fallback {"error":"getaddrinfo ENOTFOUND mint-starling-71225.upstash.io"}
2026-04-22 12:58:57 [WARN]: Redis error — leaderboard will use MongoDB fallback {"error":"getaddrinfo ENOTFOUND mint-starling-71225.upstash.io"}
2026-04-22 12:58:59 [WARN]: Redis error — leaderboard will use MongoDB fallback {"error":"getaddrinfo ENOTFOUND mint-starling-71225.upstash.io"}
2026-04-22 12:59:01 [WARN]: Redis error — leaderboard will use MongoDB fallback {"error":"getaddrinfo ENOTFOUND mint-starling-71225.upstash.io"}
2026-04-22 12:59:03 [WARN]: Redis error — leaderboard will use MongoDB fallback {"error":"getaddrinfo ENOTFOUND mint-starling-71225.upstash.io"}
2026-04-22 12:59:05 [WARN]: Redis error — leaderboard will use MongoDB fallback {"error":"getaddrinfo ENOTFOUND mint-starling-71225.upstash.io"}
2026-04-22 12:59:07 [WARN]: Redis error — leaderboard will use MongoDB fallback {"error":"getaddrinfo ENOTFOUND mint-starling-71225.upstash.io"}
2026-04-22 12:59:09 [WARN]: Redis error — leaderboard will use MongoDB fallback {"error":"getaddrinfo ENOTFOUND mint-starling-71225.upstash.io"}
2026-04-22 12:59:11 [WARN]: Redis error — leaderboard will use MongoDB fallback {"error":"getaddrinfo ENOTFOUND mint-starling-71225.upstash.io"}
2026-04-22 12:59:13 [WARN]: Redis error — leaderboard will use MongoDB fallback {"error":"getaddrinfo ENOTFOUND mint-starling-71225.upstash.io"}
2026-04-22 12:59:15 [WARN]: Redis error — leaderboard will use MongoDB fallback {"error":"getaddrinfo ENOTFOUND mint-starling-71225.upstash.io"}
2026-04-22 12:59:17 [WARN]: Redis error — leaderboard will use MongoDB fallback {"error":"getaddrinfo ENOTFOUND mint-starling-71225.upstash.io"}
2026-04-22 12:59:19 [WARN]: Redis error — leaderboard will use MongoDB fallback {"error":"getaddrinfo ENOTFOUND mint-starling-71225.upstash.io"}
2026-04-22 12:59:21 [WARN]: Redis error — leaderboard will use MongoDB fallback {"error":"getaddrinfo ENOTFOUND mint-starling-71225.upstash.io"}
2026-04-22 12:59:23 [WARN]: Redis error — leaderboard will use MongoDB fallback {"error":"getaddrinfo ENOTFOUND mint-starling-71225.upstash.io"}
2026-04-22 12:59:25 [WARN]: Redis error — leaderboard will use MongoDB fallback {"error":"getaddrinfo ENOTFOUND mint-starling-71225.upstash.io"}
2026-04-22 12:59:27 [WARN]: Redis error — leaderboard will use MongoDB fallback {"error":"getaddrinfo ENOTFOUND mint-starling-71225.upstash.io"}
2026-04-22 12:59:29 [WARN]: Redis error — leaderboard will use MongoDB fallback {"error":"getaddrinfo ENOTFOUND mint-starling-71225.upstash.io"}
2026-04-22 12:59:31 [WARN]: Redis error — leaderboard will use MongoDB fallback {"error":"getaddrinfo ENOTFOUND mint-starling-71225.upstash.io"}
2026-04-22 12:59:33 [WARN]: Redis error — leaderboard will use MongoDB fallback {"error":"getaddrinfo ENOTFOUND mint-starling-71225.upstash.io"}
2026-04-22 12:59:35 [WARN]: Redis error — leaderboard will use MongoDB fallback {"error":"getaddrinfo ENOTFOUND mint-starling-71225.upstash.io"}
2026-04-22 12:59:37 [WARN]: Redis error — leaderboard will use MongoDB fallback {"error":"getaddrinfo ENOTFOUND mint-starling-71225.upstash.io"}
2026-04-22 12:59:39 [WARN]: Redis error — leaderboard will use MongoDB fallback {"error":"getaddrinfo ENOTFOUND mint-starling-71225.upstash.io"}
2026-04-22 12:59:41 [WARN]: Redis error — leaderboard will use MongoDB fallback {"error":"getaddrinfo ENOTFOUND mint-starling-71225.upstash.io"}
2026-04-22 12:59:43 [WARN]: Redis error — leaderboard will use MongoDB fallback {"error":"getaddrinfo ENOTFOUND mint-starling-71225.upstash.io"}
2026-04-22 12:59:45 [WARN]: Redis error — leaderboard will use MongoDB fallback {"error":"getaddrinfo ENOTFOUND mint-starling-71225.upstash.io"}
2026-04-22 12:59:47 [WARN]: Redis error — leaderboard will use MongoDB fallback {"error":"getaddrinfo ENOTFOUND mint-starling-71225.upstash.io"}
2026-04-22 12:59:49 [WARN]: Redis error — leaderboard will use MongoDB fallback {"error":"getaddrinfo ENOTFOUND mint-starling-71225.upstash.io"}
2026-04-22 12:59:51 [WARN]: Redis error — leaderboard will use MongoDB fallback {"error":"getaddrinfo ENOTFOUND mint-starling-71225.upstash.io"}
2026-04-22 12:59:53 [INFO]: Socket disconnected: adu2350vHawnVAE5AAAH
2026-04-22 12:59:53 [INFO]: [0mGET /api/auth/me [32m200[0m 29.712 ms - 359[0m
2026-04-22 12:59:53 [INFO]: [0mGET /api/auth/me [36m304[0m 25.615 ms - -[0m
2026-04-22 12:59:53 [INFO]: Socket connected: zenJo3woR5JgCTlmAAAO
2026-04-22 12:59:53 [INFO]: Socket zenJo3woR5JgCTlmAAAO joined room user:69b55b4c2a4ff06cb7d760fa
2026-04-22 12:59:53 [WARN]: Redis error — leaderboard will use MongoDB fallback {"error":"getaddrinfo ENOTFOUND mint-starling-71225.upstash.io"}
2026-04-22 12:59:53 [INFO]: [0mGET /api/problems/69b551a330f4ccf0382a109a [32m200[0m 80.212 ms - 2019[0m
2026-04-22 12:59:53 [INFO]: [0mGET /api/problems/69b551a330f4ccf0382a109a [36m304[0m 81.767 ms - -[0m
2026-04-22 12:59:55 [WARN]: Redis error — leaderboard will use MongoDB fallback {"error":"getaddrinfo ENOTFOUND mint-starling-71225.upstash.io"}
2026-04-22 12:59:57 [WARN]: Redis error — leaderboard will use MongoDB fallback {"error":"getaddrinfo ENOTFOUND mint-starling-71225.upstash.io"}
2026-04-22 12:59:59 [WARN]: Redis error — leaderboard will use MongoDB fallback {"error":"getaddrinfo ENOTFOUND mint-starling-71225.upstash.io"}
2026-04-22 13:00:01 [WARN]: Redis error — leaderboard will use MongoDB fallback {"error":"getaddrinfo ENOTFOUND mint-starling-71225.upstash.io"}
2026-04-22 13:00:03 [WARN]: Redis error — leaderboard will use MongoDB fallback {"error":"getaddrinfo ENOTFOUND mint-starling-71225.upstash.io"}
2026-04-22 13:00:05 [WARN]: Redis error — leaderboard will use MongoDB fallback {"error":"getaddrinfo ENOTFOUND mint-starling-71225.upstash.io"}
2026-04-22 13:00:07 [WARN]: Redis error — leaderboard will use MongoDB fallback {"error":"getaddrinfo ENOTFOUND mint-starling-71225.upstash.io"}
2026-04-22 13:00:09 [WARN]: Redis error — leaderboard will use MongoDB fallback {"error":"getaddrinfo ENOTFOUND mint-starling-71225.upstash.io"}
2026-04-22 13:00:11 [WARN]: Redis error — leaderboard will use MongoDB fallback {"error":"getaddrinfo ENOTFOUND mint-starling-71225.upstash.io"}
2026-04-22 13:00:13 [WARN]: Redis error — leaderboard will use MongoDB fallback {"error":"getaddrinfo ENOTFOUND mint-starling-71225.upstash.io"}
2026-04-22 13:00:15 [WARN]: Redis error — leaderboard will use MongoDB fallback {"error":"getaddrinfo ENOTFOUND mint-starling-71225.upstash.io"}
2026-04-22 13:00:17 [WARN]: Redis error — leaderboard will use MongoDB fallback {"error":"getaddrinfo ENOTFOUND mint-starling-71225.upstash.io"}
2026-04-22 13:00:19 [WARN]: Redis error — leaderboard will use MongoDB fallback {"error":"getaddrinfo ENOTFOUND mint-starling-71225.upstash.io"}
2026-04-22 13:00:20 [INFO]: [0mGET /api/skills/my-states [32m200[0m 59.700 ms - 6407[0m
2026-04-22 13:00:20 [INFO]: [0mGET /api/users/recommendations [36m304[0m 93.819 ms - -[0m
2026-04-22 13:00:20 [INFO]: [0mGET /api/skills/my-states [36m304[0m 54.566 ms - -[0m
2026-04-22 13:00:20 [INFO]: [0mGET /api/users/recommendations [36m304[0m 88.788 ms - -[0m
2026-04-22 13:00:21 [WARN]: Redis error — leaderboard will use MongoDB fallback {"error":"getaddrinfo ENOTFOUND mint-starling-71225.upstash.io"}
2026-04-22 13:00:22 [INFO]: [0mGET /api/skills/my-states [36m304[0m 57.753 ms - -[0m
2026-04-22 13:00:22 [INFO]: [0mGET /api/submissions/history?limit=10 [32m200[0m 59.782 ms - 10341[0m
2026-04-22 13:00:22 [INFO]: [0mGET /api/users/recommendations [36m304[0m 83.987 ms - -[0m
2026-04-22 13:00:22 [INFO]: [0mGET /api/users/profile [32m200[0m 100.396 ms - 11502[0m
2026-04-22 13:00:22 [INFO]: [0mGET /api/skills/my-states [36m304[0m 50.790 ms - -[0m
2026-04-22 13:00:22 [INFO]: [0mGET /api/submissions/history?limit=10 [36m304[0m 50.369 ms - -[0m
2026-04-22 13:00:22 [INFO]: [0mGET /api/users/profile [36m304[0m 59.578 ms - -[0m
2026-04-22 13:00:22 [INFO]: [0mGET /api/users/recommendations [36m304[0m 80.788 ms - -[0m
2026-04-22 13:00:23 [WARN]: Redis error — leaderboard will use MongoDB fallback {"error":"getaddrinfo ENOTFOUND mint-starling-71225.upstash.io"}
2026-04-22 13:00:25 [WARN]: Redis error — leaderboard will use MongoDB fallback {"error":"getaddrinfo ENOTFOUND mint-starling-71225.upstash.io"}
2026-04-22 13:00:27 [WARN]: Redis error — leaderboard will use MongoDB fallback {"error":"getaddrinfo ENOTFOUND mint-starling-71225.upstash.io"}
2026-04-22 13:00:29 [WARN]: Redis error — leaderboard will use MongoDB fallback {"error":"getaddrinfo ENOTFOUND mint-starling-71225.upstash.io"}
2026-04-22 13:00:31 [WARN]: Redis error — leaderboard will use MongoDB fallback {"error":"getaddrinfo ENOTFOUND mint-starling-71225.upstash.io"}
2026-04-22 13:00:34 [WARN]: Redis error — leaderboard will use MongoDB fallback {"error":"getaddrinfo ENOTFOUND mint-starling-71225.upstash.io"}
2026-04-22 13:00:36 [WARN]: Redis error — leaderboard will use MongoDB fallback {"error":"getaddrinfo ENOTFOUND mint-starling-71225.upstash.io"}
2026-04-22 13:00:38 [WARN]: Redis error — leaderboard will use MongoDB fallback {"error":"getaddrinfo ENOTFOUND mint-starling-71225.upstash.io"}
2026-04-22 13:00:40 [WARN]: Redis error — leaderboard will use MongoDB fallback {"error":"getaddrinfo ENOTFOUND mint-starling-71225.upstash.io"}
2026-04-22 13:00:42 [WARN]: Redis error — leaderboard will use MongoDB fallback {"error":"getaddrinfo ENOTFOUND mint-starling-71225.upstash.io"}
2026-04-22 13:00:44 [WARN]: Redis error — leaderboard will use MongoDB fallback {"error":"getaddrinfo ENOTFOUND mint-starling-71225.upstash.io"}
2026-04-22 13:00:46 [WARN]: Redis error — leaderboard will use MongoDB fallback {"error":"getaddrinfo ENOTFOUND mint-starling-71225.upstash.io"}
2026-04-22 13:00:48 [WARN]: Redis error — leaderboard will use MongoDB fallback {"error":"getaddrinfo ENOTFOUND mint-starling-71225.upstash.io"}
2026-04-22 13:00:50 [WARN]: Redis error — leaderboard will use MongoDB fallback {"error":"getaddrinfo ENOTFOUND mint-starling-71225.upstash.io"}
2026-04-22 13:00:52 [WARN]: Redis error — leaderboard will use MongoDB fallback {"error":"getaddrinfo ENOTFOUND mint-starling-71225.upstash.io"}
2026-04-22 13:00:54 [WARN]: Redis error — leaderboard will use MongoDB fallback {"error":"getaddrinfo ENOTFOUND mint-starling-71225.upstash.io"}
2026-04-22 13:00:56 [WARN]: Redis error — leaderboard will use MongoDB fallback {"error":"getaddrinfo ENOTFOUND mint-starling-71225.upstash.io"}
2026-04-22 13:00:58 [WARN]: Redis error — leaderboard will use MongoDB fallback {"error":"getaddrinfo ENOTFOUND mint-starling-71225.upstash.io"}
2026-04-22 13:01:00 [WARN]: Redis error — leaderboard will use MongoDB fallback {"error":"getaddrinfo ENOTFOUND mint-starling-71225.upstash.io"}
2026-04-22 13:01:02 [WARN]: Redis error — leaderboard will use MongoDB fallback {"error":"getaddrinfo ENOTFOUND mint-starling-71225.upstash.io"}
2026-04-22 13:01:04 [WARN]: Redis error — leaderboard will use MongoDB fallback {"error":"getaddrinfo ENOTFOUND mint-starling-71225.upstash.io"}
2026-04-22 13:01:06 [WARN]: Redis error — leaderboard will use MongoDB fallback {"error":"getaddrinfo ENOTFOUND mint-starling-71225.upstash.io"}
2026-04-22 13:01:08 [WARN]: Redis error — leaderboard will use MongoDB fallback {"error":"getaddrinfo ENOTFOUND mint-starling-71225.upstash.io"}
2026-04-22 13:01:10 [WARN]: Redis error — leaderboard will use MongoDB fallback {"error":"getaddrinfo ENOTFOUND mint-starling-71225.upstash.io"}
2026-04-22 13:01:12 [WARN]: Redis error — leaderboard will use MongoDB fallback {"error":"getaddrinfo ENOTFOUND mint-starling-71225.upstash.io"}
2026-04-22 13:01:14 [WARN]: Redis error — leaderboard will use MongoDB fallback {"error":"getaddrinfo ENOTFOUND mint-starling-71225.upstash.io"}
2026-04-22 13:01:16 [WARN]: Redis error — leaderboard will use MongoDB fallback {"error":"getaddrinfo ENOTFOUND mint-starling-71225.upstash.io"}
2026-04-22 13:01:18 [WARN]: Redis error — leaderboard will use MongoDB fallback {"error":"getaddrinfo ENOTFOUND mint-starling-71225.upstash.io"}
2026-04-22 13:01:20 [WARN]: Redis error — leaderboard will use MongoDB fallback {"error":"getaddrinfo ENOTFOUND mint-starling-71225.upstash.io"}
2026-04-22 13:01:22 [WARN]: Redis error — leaderboard will use MongoDB fallback {"error":"getaddrinfo ENOTFOUND mint-starling-71225.upstash.io"}
2026-04-22 13:01:24 [WARN]: Redis error — leaderboard will use MongoDB fallback {"error":"getaddrinfo ENOTFOUND mint-starling-71225.upstash.io"}
2026-04-22 13:01:26 [WARN]: Redis error — leaderboard will use MongoDB fallback {"error":"getaddrinfo ENOTFOUND mint-starling-71225.upstash.io"}
2026-04-22 13:01:28 [WARN]: Redis error — leaderboard will use MongoDB fallback {"error":"getaddrinfo ENOTFOUND mint-starling-71225.upstash.io"}
2026-04-22 13:01:30 [WARN]: Redis error — leaderboard will use MongoDB fallback {"error":"getaddrinfo ENOTFOUND mint-starling-71225.upstash.io"}
2026-04-22 13:01:32 [WARN]: Redis error — leaderboard will use MongoDB fallback {"error":"getaddrinfo ENOTFOUND mint-starling-71225.upstash.io"}
2026-04-22 13:01:34 [WARN]: Redis error — leaderboard will use MongoDB fallback {"error":"getaddrinfo ENOTFOUND mint-starling-71225.upstash.io"}
2026-04-22 13:01:36 [WARN]: Redis error — leaderboard will use MongoDB fallback {"error":"getaddrinfo ENOTFOUND mint-starling-71225.upstash.io"}
2026-04-22 13:01:38 [WARN]: Redis error — leaderboard will use MongoDB fallback {"error":"getaddrinfo ENOTFOUND mint-starling-71225.upstash.io"}
2026-04-22 13:01:40 [WARN]: Redis error — leaderboard will use MongoDB fallback {"error":"getaddrinfo ENOTFOUND mint-starling-71225.upstash.io"}
2026-04-22 13:01:42 [WARN]: Redis error — leaderboard will use MongoDB fallback {"error":"getaddrinfo ENOTFOUND mint-starling-71225.upstash.io"}
2026-04-22 13:01:44 [WARN]: Redis error — leaderboard will use MongoDB fallback {"error":"getaddrinfo ENOTFOUND mint-starling-71225.upstash.io"}
2026-04-22 13:01:45 [INFO]: [0mGET /api/skills [36m304[0m 60.847 ms - -[0m
2026-04-22 13:01:45 [INFO]: [0mGET /api/problems?page=1&limit=15 [36m304[0m 80.183 ms - -[0m
2026-04-22 13:01:45 [INFO]: [0mGET /api/skills [36m304[0m 56.086 ms - -[0m
2026-04-22 13:01:45 [INFO]: [0mGET /api/problems?page=1&limit=15 [36m304[0m 82.304 ms - -[0m
2026-04-22 13:01:46 [WARN]: Redis error — leaderboard will use MongoDB fallback {"error":"getaddrinfo ENOTFOUND mint-starling-71225.upstash.io"}
2026-04-22 13:01:48 [INFO]: [0mGET /api/problems/69b551a430f4ccf0382a10a6 [32m200[0m 83.636 ms - 1594[0m
2026-04-22 13:01:48 [INFO]: [0mGET /api/problems/69b551a430f4ccf0382a10a6 [36m304[0m 89.390 ms - -[0m
2026-04-22 13:01:48 [WARN]: Redis error — leaderboard will use MongoDB fallback {"error":"getaddrinfo ENOTFOUND mint-starling-71225.upstash.io"}
2026-04-22 13:01:50 [WARN]: Redis error — leaderboard will use MongoDB fallback {"error":"getaddrinfo ENOTFOUND mint-starling-71225.upstash.io"}
2026-04-22 13:01:52 [WARN]: Redis error — leaderboard will use MongoDB fallback {"error":"getaddrinfo ENOTFOUND mint-starling-71225.upstash.io"}
2026-04-22 13:01:54 [WARN]: Redis error — leaderboard will use MongoDB fallback {"error":"getaddrinfo ENOTFOUND mint-starling-71225.upstash.io"}
2026-04-22 13:01:56 [WARN]: Redis error — leaderboard will use MongoDB fallback {"error":"getaddrinfo ENOTFOUND mint-starling-71225.upstash.io"}
2026-04-22 13:01:58 [WARN]: Redis error — leaderboard will use MongoDB fallback {"error":"getaddrinfo ENOTFOUND mint-starling-71225.upstash.io"}
2026-04-22 13:02:00 [WARN]: Redis error — leaderboard will use MongoDB fallback {"error":"getaddrinfo ENOTFOUND mint-starling-71225.upstash.io"}
2026-04-22 13:02:02 [WARN]: Redis error — leaderboard will use MongoDB fallback {"error":"getaddrinfo ENOTFOUND mint-starling-71225.upstash.io"}
2026-04-22 13:02:04 [WARN]: Redis error — leaderboard will use MongoDB fallback {"error":"getaddrinfo ENOTFOUND mint-starling-71225.upstash.io"}
2026-04-22 13:02:06 [WARN]: Redis error — leaderboard will use MongoDB fallback {"error":"getaddrinfo ENOTFOUND mint-starling-71225.upstash.io"}
2026-04-22 13:02:08 [WARN]: Redis error — leaderboard will use MongoDB fallback {"error":"getaddrinfo ENOTFOUND mint-starling-71225.upstash.io"}
2026-04-22 13:02:10 [WARN]: Redis error — leaderboard will use MongoDB fallback {"error":"getaddrinfo ENOTFOUND mint-starling-71225.upstash.io"}
2026-04-22 13:02:12 [WARN]: Redis error — leaderboard will use MongoDB fallback {"error":"getaddrinfo ENOTFOUND mint-starling-71225.upstash.io"}
2026-04-22 13:02:14 [WARN]: Redis error — leaderboard will use MongoDB fallback {"error":"getaddrinfo ENOTFOUND mint-starling-71225.upstash.io"}
2026-04-22 13:02:16 [WARN]: Redis error — leaderboard will use MongoDB fallback {"error":"getaddrinfo ENOTFOUND mint-starling-71225.upstash.io"}
2026-04-22 13:02:18 [WARN]: Redis error — leaderboard will use MongoDB fallback {"error":"getaddrinfo ENOTFOUND mint-starling-71225.upstash.io"}
2026-04-22 13:02:20 [WARN]: Redis error — leaderboard will use MongoDB fallback {"error":"getaddrinfo ENOTFOUND mint-starling-71225.upstash.io"}
2026-04-22 13:02:22 [WARN]: Redis error — leaderboard will use MongoDB fallback {"error":"getaddrinfo ENOTFOUND mint-starling-71225.upstash.io"}
2026-04-22 13:02:24 [WARN]: Redis error — leaderboard will use MongoDB fallback {"error":"getaddrinfo ENOTFOUND mint-starling-71225.upstash.io"}
2026-04-22 13:02:26 [WARN]: Redis error — leaderboard will use MongoDB fallback {"error":"getaddrinfo ENOTFOUND mint-starling-71225.upstash.io"}
2026-04-22 13:02:28 [WARN]: Redis error — leaderboard will use MongoDB fallback {"error":"getaddrinfo ENOTFOUND mint-starling-71225.upstash.io"}
2026-04-22 13:02:30 [WARN]: Redis error — leaderboard will use MongoDB fallback {"error":"getaddrinfo ENOTFOUND mint-starling-71225.upstash.io"}
2026-04-22 13:02:32 [WARN]: Redis error — leaderboard will use MongoDB fallback {"error":"getaddrinfo ENOTFOUND mint-starling-71225.upstash.io"}
2026-04-22 13:02:34 [WARN]: Redis error — leaderboard will use MongoDB fallback {"error":"getaddrinfo ENOTFOUND mint-starling-71225.upstash.io"}
2026-04-22 13:02:36 [WARN]: Redis error — leaderboard will use MongoDB fallback {"error":"getaddrinfo ENOTFOUND mint-starling-71225.upstash.io"}
2026-04-22 13:02:38 [WARN]: Redis error — leaderboard will use MongoDB fallback {"error":"getaddrinfo ENOTFOUND mint-starling-71225.upstash.io"}
2026-04-22 13:02:40 [WARN]: Redis error — leaderboard will use MongoDB fallback {"error":"getaddrinfo ENOTFOUND mint-starling-71225.upstash.io"}
2026-04-22 13:02:42 [WARN]: Redis error — leaderboard will use MongoDB fallback {"error":"getaddrinfo ENOTFOUND mint-starling-71225.upstash.io"}
2026-04-22 13:02:44 [WARN]: Redis error — leaderboard will use MongoDB fallback {"error":"getaddrinfo ENOTFOUND mint-starling-71225.upstash.io"}
2026-04-22 13:02:46 [WARN]: Redis error — leaderboard will use MongoDB fallback {"error":"getaddrinfo ENOTFOUND mint-starling-71225.upstash.io"}
2026-04-22 13:02:48 [WARN]: Redis error — leaderboard will use MongoDB fallback {"error":"getaddrinfo ENOTFOUND mint-starling-71225.upstash.io"}
2026-04-22 13:02:50 [WARN]: Redis error — leaderboard will use MongoDB fallback {"error":"getaddrinfo ENOTFOUND mint-starling-71225.upstash.io"}
2026-04-22 13:02:52 [WARN]: Redis error — leaderboard will use MongoDB fallback {"error":"getaddrinfo ENOTFOUND mint-starling-71225.upstash.io"}
2026-04-22 13:02:54 [WARN]: Redis error — leaderboard will use MongoDB fallback {"error":"getaddrinfo ENOTFOUND mint-starling-71225.upstash.io"}
2026-04-22 13:02:56 [WARN]: Redis error — leaderboard will use MongoDB fallback {"error":"getaddrinfo ENOTFOUND mint-starling-71225.upstash.io"}
2026-04-22 13:02:58 [WARN]: Redis error — leaderboard will use MongoDB fallback {"error":"getaddrinfo ENOTFOUND mint-starling-71225.upstash.io"}
2026-04-22 13:03:00 [WARN]: Redis error — leaderboard will use MongoDB fallback {"error":"getaddrinfo ENOTFOUND mint-starling-71225.upstash.io"}
2026-04-22 13:03:02 [WARN]: Redis error — leaderboard will use MongoDB fallback {"error":"getaddrinfo ENOTFOUND mint-starling-71225.upstash.io"}
2026-04-22 13:03:04 [WARN]: Redis error — leaderboard will use MongoDB fallback {"error":"getaddrinfo ENOTFOUND mint-starling-71225.upstash.io"}
2026-04-22 13:03:06 [WARN]: Redis error — leaderboard will use MongoDB fallback {"error":"getaddrinfo ENOTFOUND mint-starling-71225.upstash.io"}
2026-04-22 13:03:08 [WARN]: Redis error — leaderboard will use MongoDB fallback {"error":"getaddrinfo ENOTFOUND mint-starling-71225.upstash.io"}
2026-04-22 13:03:10 [WARN]: Redis error — leaderboard will use MongoDB fallback {"error":"getaddrinfo ENOTFOUND mint-starling-71225.upstash.io"}
2026-04-22 13:03:12 [WARN]: Redis error — leaderboard will use MongoDB fallback {"error":"getaddrinfo ENOTFOUND mint-starling-71225.upstash.io"}
2026-04-22 13:03:14 [WARN]: Redis error — leaderboard will use MongoDB fallback {"error":"getaddrinfo ENOTFOUND mint-starling-71225.upstash.io"}
2026-04-22 13:03:16 [WARN]: Redis error — leaderboard will use MongoDB fallback {"error":"getaddrinfo ENOTFOUND mint-starling-71225.upstash.io"}
2026-04-22 13:03:18 [WARN]: Redis error — leaderboard will use MongoDB fallback {"error":"getaddrinfo ENOTFOUND mint-starling-71225.upstash.io"}
2026-04-22 13:03:20 [WARN]: Redis error — leaderboard will use MongoDB fallback {"error":"getaddrinfo ENOTFOUND mint-starling-71225.upstash.io"}
2026-04-22 13:03:22 [WARN]: Redis error — leaderboard will use MongoDB fallback {"error":"getaddrinfo ENOTFOUND mint-starling-71225.upstash.io"}
2026-04-22 13:03:24 [WARN]: Redis error — leaderboard will use MongoDB fallback {"error":"getaddrinfo ENOTFOUND mint-starling-71225.upstash.io"}
2026-04-22 13:03:26 [WARN]: Redis error — leaderboard will use MongoDB fallback {"error":"getaddrinfo ENOTFOUND mint-starling-71225.upstash.io"}
2026-04-22 13:03:28 [WARN]: Redis error — leaderboard will use MongoDB fallback {"error":"getaddrinfo ENOTFOUND mint-starling-71225.upstash.io"}
2026-04-22 13:03:31 [WARN]: Redis error — leaderboard will use MongoDB fallback {"error":"getaddrinfo ENOTFOUND mint-starling-71225.upstash.io"}
2026-04-22 13:03:33 [WARN]: Redis error — leaderboard will use MongoDB fallback {"error":"getaddrinfo ENOTFOUND mint-starling-71225.upstash.io"}
2026-04-22 13:03:35 [WARN]: Redis error — leaderboard will use MongoDB fallback {"error":"getaddrinfo ENOTFOUND mint-starling-71225.upstash.io"}
2026-04-22 13:03:37 [WARN]: Redis error — leaderboard will use MongoDB fallback {"error":"getaddrinfo ENOTFOUND mint-starling-71225.upstash.io"}
2026-04-22 13:03:39 [WARN]: Redis error — leaderboard will use MongoDB fallback {"error":"getaddrinfo ENOTFOUND mint-starling-71225.upstash.io"}
2026-04-22 13:03:41 [WARN]: Redis error — leaderboard will use MongoDB fallback {"error":"getaddrinfo ENOTFOUND mint-starling-71225.upstash.io"}
2026-04-22 13:03:43 [WARN]: Redis error — leaderboard will use MongoDB fallback {"error":"getaddrinfo ENOTFOUND mint-starling-71225.upstash.io"}
2026-04-22 13:03:45 [WARN]: Redis error — leaderboard will use MongoDB fallback {"error":"getaddrinfo ENOTFOUND mint-starling-71225.upstash.io"}
2026-04-22 13:03:47 [WARN]: Redis error — leaderboard will use MongoDB fallback {"error":"getaddrinfo ENOTFOUND mint-starling-71225.upstash.io"}
2026-04-22 13:03:49 [WARN]: Redis error — leaderboard will use MongoDB fallback {"error":"getaddrinfo ENOTFOUND mint-starling-71225.upstash.io"}
2026-04-22 13:03:51 [WARN]: Redis error — leaderboard will use MongoDB fallback {"error":"getaddrinfo ENOTFOUND mint-starling-71225.upstash.io"}
2026-04-22 13:03:53 [WARN]: Redis error — leaderboard will use MongoDB fallback {"error":"getaddrinfo ENOTFOUND mint-starling-71225.upstash.io"}
2026-04-22 13:03:55 [WARN]: Redis error — leaderboard will use MongoDB fallback {"error":"getaddrinfo ENOTFOUND mint-starling-71225.upstash.io"}
2026-04-22 13:03:57 [WARN]: Redis error — leaderboard will use MongoDB fallback {"error":"getaddrinfo ENOTFOUND mint-starling-71225.upstash.io"}
2026-04-22 13:03:59 [WARN]: Redis error — leaderboard will use MongoDB fallback {"error":"getaddrinfo ENOTFOUND mint-starling-71225.upstash.io"}
2026-04-22 13:04:01 [WARN]: Redis error — leaderboard will use MongoDB fallback {"error":"getaddrinfo ENOTFOUND mint-starling-71225.upstash.io"}
2026-04-22 13:04:03 [WARN]: Redis error — leaderboard will use MongoDB fallback {"error":"getaddrinfo ENOTFOUND mint-starling-71225.upstash.io"}
2026-04-22 13:04:05 [WARN]: Redis error — leaderboard will use MongoDB fallback {"error":"getaddrinfo ENOTFOUND mint-starling-71225.upstash.io"}
2026-04-22 13:04:07 [WARN]: Redis error — leaderboard will use MongoDB fallback {"error":"getaddrinfo ENOTFOUND mint-starling-71225.upstash.io"}
2026-04-22 13:04:09 [WARN]: Redis error — leaderboard will use MongoDB fallback {"error":"getaddrinfo ENOTFOUND mint-starling-71225.upstash.io"}
2026-04-22 13:04:11 [WARN]: Redis error — leaderboard will use MongoDB fallback {"error":"getaddrinfo ENOTFOUND mint-starling-71225.upstash.io"}
2026-04-22 13:04:13 [WARN]: Redis error — leaderboard will use MongoDB fallback {"error":"getaddrinfo ENOTFOUND mint-starling-71225.upstash.io"}
2026-04-22 13:04:15 [WARN]: Redis error — leaderboard will use MongoDB fallback {"error":"getaddrinfo ENOTFOUND mint-starling-71225.upstash.io"}
2026-04-22 13:04:17 [WARN]: Redis error — leaderboard will use MongoDB fallback {"error":"getaddrinfo ENOTFOUND mint-starling-71225.upstash.io"}
2026-04-22 13:04:19 [WARN]: Redis error — leaderboard will use MongoDB fallback {"error":"getaddrinfo ENOTFOUND mint-starling-71225.upstash.io"}
2026-04-22 13:04:21 [WARN]: Redis error — leaderboard will use MongoDB fallback {"error":"getaddrinfo ENOTFOUND mint-starling-71225.upstash.io"}
2026-04-22 13:04:23 [WARN]: Redis error — leaderboard will use MongoDB fallback {"error":"getaddrinfo ENOTFOUND mint-starling-71225.upstash.io"}
2026-04-22 13:04:25 [WARN]: Redis error — leaderboard will use MongoDB fallback {"error":"getaddrinfo ENOTFOUND mint-starling-71225.upstash.io"}
2026-04-22 13:04:27 [WARN]: Redis error — leaderboard will use MongoDB fallback {"error":"getaddrinfo ENOTFOUND mint-starling-71225.upstash.io"}
2026-04-22 13:04:29 [WARN]: Redis error — leaderboard will use MongoDB fallback {"error":"getaddrinfo ENOTFOUND mint-starling-71225.upstash.io"}
2026-04-22 13:04:31 [WARN]: Redis error — leaderboard will use MongoDB fallback {"error":"getaddrinfo ENOTFOUND mint-starling-71225.upstash.io"}
2026-04-22 13:04:33 [WARN]: Redis error — leaderboard will use MongoDB fallback {"error":"getaddrinfo ENOTFOUND mint-starling-71225.upstash.io"}
2026-04-22 13:04:35 [WARN]: Redis error — leaderboard will use MongoDB fallback {"error":"getaddrinfo ENOTFOUND mint-starling-71225.upstash.io"}
2026-04-22 13:04:37 [WARN]: Redis error — leaderboard will use MongoDB fallback {"error":"getaddrinfo ENOTFOUND mint-starling-71225.upstash.io"}
2026-04-22 13:04:39 [WARN]: Redis error — leaderboard will use MongoDB fallback {"error":"getaddrinfo ENOTFOUND mint-starling-71225.upstash.io"}
2026-04-22 13:04:41 [WARN]: Redis error — leaderboard will use MongoDB fallback {"error":"getaddrinfo ENOTFOUND mint-starling-71225.upstash.io"}
2026-04-22 13:04:43 [WARN]: Redis error — leaderboard will use MongoDB fallback {"error":"getaddrinfo ENOTFOUND mint-starling-71225.upstash.io"}
2026-04-22 13:04:45 [WARN]: Redis error — leaderboard will use MongoDB fallback {"error":"getaddrinfo ENOTFOUND mint-starling-71225.upstash.io"}
2026-04-22 13:04:47 [WARN]: Redis error — leaderboard will use MongoDB fallback {"error":"getaddrinfo ENOTFOUND mint-starling-71225.upstash.io"}
2026-04-22 13:04:49 [WARN]: Redis error — leaderboard will use MongoDB fallback {"error":"getaddrinfo ENOTFOUND mint-starling-71225.upstash.io"}
2026-04-22 13:04:51 [WARN]: Redis error — leaderboard will use MongoDB fallback {"error":"getaddrinfo ENOTFOUND mint-starling-71225.upstash.io"}
2026-04-22 13:04:53 [WARN]: Redis error — leaderboard will use MongoDB fallback {"error":"getaddrinfo ENOTFOUND mint-starling-71225.upstash.io"}
2026-04-22 13:04:55 [WARN]: Redis error — leaderboard will use MongoDB fallback {"error":"getaddrinfo ENOTFOUND mint-starling-71225.upstash.io"}
2026-04-22 13:04:57 [WARN]: Redis error — leaderboard will use MongoDB fallback {"error":"getaddrinfo ENOTFOUND mint-starling-71225.upstash.io"}
2026-04-22 13:04:59 [WARN]: Redis error — leaderboard will use MongoDB fallback {"error":"getaddrinfo ENOTFOUND mint-starling-71225.upstash.io"}
2026-04-22 13:05:01 [WARN]: Redis error — leaderboard will use MongoDB fallback {"error":"getaddrinfo ENOTFOUND mint-starling-71225.upstash.io"}
2026-04-22 13:05:03 [WARN]: Redis error — leaderboard will use MongoDB fallback {"error":"getaddrinfo ENOTFOUND mint-starling-71225.upstash.io"}
2026-04-22 13:05:05 [WARN]: Redis error — leaderboard will use MongoDB fallback {"error":"getaddrinfo ENOTFOUND mint-starling-71225.upstash.io"}
2026-04-22 13:05:07 [WARN]: Redis error — leaderboard will use MongoDB fallback {"error":"getaddrinfo ENOTFOUND mint-starling-71225.upstash.io"}
2026-04-22 13:05:09 [WARN]: Redis error — leaderboard will use MongoDB fallback {"error":"getaddrinfo ENOTFOUND mint-starling-71225.upstash.io"}
2026-04-22 13:05:11 [WARN]: Redis error — leaderboard will use MongoDB fallback {"error":"getaddrinfo ENOTFOUND mint-starling-71225.upstash.io"}
2026-04-22 13:05:13 [WARN]: Redis error — leaderboard will use MongoDB fallback {"error":"getaddrinfo ENOTFOUND mint-starling-71225.upstash.io"}
2026-04-22 13:05:15 [WARN]: Redis error — leaderboard will use MongoDB fallback {"error":"getaddrinfo ENOTFOUND mint-starling-71225.upstash.io"}
2026-04-22 13:05:17 [WARN]: Redis error — leaderboard will use MongoDB fallback {"error":"getaddrinfo ENOTFOUND mint-starling-71225.upstash.io"}
2026-04-22 13:05:19 [WARN]: Redis error — leaderboard will use MongoDB fallback {"error":"getaddrinfo ENOTFOUND mint-starling-71225.upstash.io"}
2026-04-22 13:05:21 [WARN]: Redis error — leaderboard will use MongoDB fallback {"error":"getaddrinfo ENOTFOUND mint-starling-71225.upstash.io"}
2026-04-22 13:05:23 [WARN]: Redis error — leaderboard will use MongoDB fallback {"error":"getaddrinfo ENOTFOUND mint-starling-71225.upstash.io"}
2026-04-22 13:05:25 [WARN]: Redis error — leaderboard will use MongoDB fallback {"error":"getaddrinfo ENOTFOUND mint-starling-71225.upstash.io"}
2026-04-22 13:05:27 [WARN]: Redis error — leaderboard will use MongoDB fallback {"error":"getaddrinfo ENOTFOUND mint-starling-71225.upstash.io"}
2026-04-22 13:05:29 [WARN]: Redis error — leaderboard will use MongoDB fallback {"error":"getaddrinfo ENOTFOUND mint-starling-71225.upstash.io"}
2026-04-22 13:05:31 [WARN]: Redis error — leaderboard will use MongoDB fallback {"error":"getaddrinfo ENOTFOUND mint-starling-71225.upstash.io"}
2026-04-22 13:05:33 [WARN]: Redis error — leaderboard will use MongoDB fallback {"error":"getaddrinfo ENOTFOUND mint-starling-71225.upstash.io"}
2026-04-22 13:05:35 [WARN]: Redis error — leaderboard will use MongoDB fallback {"error":"getaddrinfo ENOTFOUND mint-starling-71225.upstash.io"}
2026-04-22 13:05:37 [WARN]: Redis error — leaderboard will use MongoDB fallback {"error":"getaddrinfo ENOTFOUND mint-starling-71225.upstash.io"}
2026-04-22 13:05:39 [WARN]: Redis error — leaderboard will use MongoDB fallback {"error":"getaddrinfo ENOTFOUND mint-starling-71225.upstash.io"}
2026-04-22 13:05:41 [WARN]: Redis error — leaderboard will use MongoDB fallback {"error":"getaddrinfo ENOTFOUND mint-starling-71225.upstash.io"}
2026-04-22 13:05:43 [WARN]: Redis error — leaderboard will use MongoDB fallback {"error":"getaddrinfo ENOTFOUND mint-starling-71225.upstash.io"}
2026-04-22 13:05:45 [WARN]: Redis error — leaderboard will use MongoDB fallback {"error":"getaddrinfo ENOTFOUND mint-starling-71225.upstash.io"}
2026-04-22 13:05:47 [WARN]: Redis error — leaderboard will use MongoDB fallback {"error":"getaddrinfo ENOTFOUND mint-starling-71225.upstash.io"}
2026-04-22 13:05:49 [WARN]: Redis error — leaderboard will use MongoDB fallback {"error":"getaddrinfo ENOTFOUND mint-starling-71225.upstash.io"}
2026-04-22 13:05:51 [WARN]: Redis error — leaderboard will use MongoDB fallback {"error":"getaddrinfo ENOTFOUND mint-starling-71225.upstash.io"}
2026-04-22 13:05:53 [WARN]: Redis error — leaderboard will use MongoDB fallback {"error":"getaddrinfo ENOTFOUND mint-starling-71225.upstash.io"}
2026-04-22 13:05:55 [WARN]: Redis error — leaderboard will use MongoDB fallback {"error":"getaddrinfo ENOTFOUND mint-starling-71225.upstash.io"}
2026-04-22 13:05:57 [WARN]: Redis error — leaderboard will use MongoDB fallback {"error":"getaddrinfo ENOTFOUND mint-starling-71225.upstash.io"}
2026-04-22 13:05:59 [WARN]: Redis error — leaderboard will use MongoDB fallback {"error":"getaddrinfo ENOTFOUND mint-starling-71225.upstash.io"}
2026-04-22 13:06:01 [WARN]: Redis error — leaderboard will use MongoDB fallback {"error":"getaddrinfo ENOTFOUND mint-starling-71225.upstash.io"}
2026-04-22 13:06:03 [WARN]: Redis error — leaderboard will use MongoDB fallback {"error":"getaddrinfo ENOTFOUND mint-starling-71225.upstash.io"}
2026-04-22 13:06:05 [WARN]: Redis error — leaderboard will use MongoDB fallback {"error":"getaddrinfo ENOTFOUND mint-starling-71225.upstash.io"}
2026-04-22 13:06:07 [WARN]: Redis error — leaderboard will use MongoDB fallback {"error":"getaddrinfo ENOTFOUND mint-starling-71225.upstash.io"}
2026-04-22 13:06:09 [WARN]: Redis error — leaderboard will use MongoDB fallback {"error":"getaddrinfo ENOTFOUND mint-starling-71225.upstash.io"}
2026-04-22 13:06:11 [WARN]: Redis error — leaderboard will use MongoDB fallback {"error":"getaddrinfo ENOTFOUND mint-starling-71225.upstash.io"}
2026-04-22 13:06:13 [WARN]: Redis error — leaderboard will use MongoDB fallback {"error":"getaddrinfo ENOTFOUND mint-starling-71225.upstash.io"}
2026-04-22 13:06:15 [WARN]: Redis error — leaderboard will use MongoDB fallback {"error":"getaddrinfo ENOTFOUND mint-starling-71225.upstash.io"}
2026-04-22 13:06:17 [WARN]: Redis error — leaderboard will use MongoDB fallback {"error":"getaddrinfo ENOTFOUND mint-starling-71225.upstash.io"}
2026-04-22 13:06:20 [WARN]: Redis error — leaderboard will use MongoDB fallback {"error":"getaddrinfo ENOTFOUND mint-starling-71225.upstash.io"}
2026-04-22 13:06:22 [WARN]: Redis error — leaderboard will use MongoDB fallback {"error":"getaddrinfo ENOTFOUND mint-starling-71225.upstash.io"}
2026-04-22 13:06:24 [WARN]: Redis error — leaderboard will use MongoDB fallback {"error":"getaddrinfo ENOTFOUND mint-starling-71225.upstash.io"}
2026-04-22 13:06:26 [WARN]: Redis error — leaderboard will use MongoDB fallback {"error":"getaddrinfo ENOTFOUND mint-starling-71225.upstash.io"}
2026-04-22 13:06:28 [WARN]: Redis error — leaderboard will use MongoDB fallback {"error":"getaddrinfo ENOTFOUND mint-starling-71225.upstash.io"}
2026-04-22 13:06:30 [WARN]: Redis error — leaderboard will use MongoDB fallback {"error":"getaddrinfo ENOTFOUND mint-starling-71225.upstash.io"}
2026-04-22 13:06:32 [WARN]: Redis error — leaderboard will use MongoDB fallback {"error":"getaddrinfo ENOTFOUND mint-starling-71225.upstash.io"}
2026-04-22 13:06:34 [WARN]: Redis error — leaderboard will use MongoDB fallback {"error":"getaddrinfo ENOTFOUND mint-starling-71225.upstash.io"}
2026-04-22 13:06:36 [WARN]: Redis error — leaderboard will use MongoDB fallback {"error":"getaddrinfo ENOTFOUND mint-starling-71225.upstash.io"}
2026-04-22 13:06:38 [WARN]: Redis error — leaderboard will use MongoDB fallback {"error":"getaddrinfo ENOTFOUND mint-starling-71225.upstash.io"}
2026-04-22 13:06:40 [WARN]: Redis error — leaderboard will use MongoDB fallback {"error":"getaddrinfo ENOTFOUND mint-starling-71225.upstash.io"}
2026-04-22 13:06:42 [WARN]: Redis error — leaderboard will use MongoDB fallback {"error":"getaddrinfo ENOTFOUND mint-starling-71225.upstash.io"}
2026-04-22 13:06:44 [WARN]: Redis error — leaderboard will use MongoDB fallback {"error":"getaddrinfo ENOTFOUND mint-starling-71225.upstash.io"}
2026-04-22 13:06:46 [WARN]: Redis error — leaderboard will use MongoDB fallback {"error":"getaddrinfo ENOTFOUND mint-starling-71225.upstash.io"}
2026-04-22 13:06:48 [WARN]: Redis error — leaderboard will use MongoDB fallback {"error":"getaddrinfo ENOTFOUND mint-starling-71225.upstash.io"}
2026-04-22 13:06:50 [WARN]: Redis error — leaderboard will use MongoDB fallback {"error":"getaddrinfo ENOTFOUND mint-starling-71225.upstash.io"}
2026-04-22 13:06:52 [WARN]: Redis error — leaderboard will use MongoDB fallback {"error":"getaddrinfo ENOTFOUND mint-starling-71225.upstash.io"}
2026-04-22 13:06:54 [WARN]: Redis error — leaderboard will use MongoDB fallback {"error":"getaddrinfo ENOTFOUND mint-starling-71225.upstash.io"}
2026-04-22 13:06:56 [WARN]: Redis error — leaderboard will use MongoDB fallback {"error":"getaddrinfo ENOTFOUND mint-starling-71225.upstash.io"}
2026-04-22 13:06:58 [WARN]: Redis error — leaderboard will use MongoDB fallback {"error":"getaddrinfo ENOTFOUND mint-starling-71225.upstash.io"}
2026-04-22 13:07:00 [WARN]: Redis error — leaderboard will use MongoDB fallback {"error":"getaddrinfo ENOTFOUND mint-starling-71225.upstash.io"}
2026-04-22 13:07:02 [WARN]: Redis error — leaderboard will use MongoDB fallback {"error":"getaddrinfo ENOTFOUND mint-starling-71225.upstash.io"}
2026-04-22 13:07:04 [WARN]: Redis error — leaderboard will use MongoDB fallback {"error":"getaddrinfo ENOTFOUND mint-starling-71225.upstash.io"}
2026-04-22 13:07:06 [WARN]: Redis error — leaderboard will use MongoDB fallback {"error":"getaddrinfo ENOTFOUND mint-starling-71225.upstash.io"}
2026-04-22 13:07:08 [WARN]: Redis error — leaderboard will use MongoDB fallback {"error":"getaddrinfo ENOTFOUND mint-starling-71225.upstash.io"}
2026-04-22 13:07:10 [WARN]: Redis error — leaderboard will use MongoDB fallback {"error":"getaddrinfo ENOTFOUND mint-starling-71225.upstash.io"}
2026-04-22 13:07:12 [WARN]: Redis error — leaderboard will use MongoDB fallback {"error":"getaddrinfo ENOTFOUND mint-starling-71225.upstash.io"}
2026-04-22 13:07:14 [WARN]: Redis error — leaderboard will use MongoDB fallback {"error":"getaddrinfo ENOTFOUND mint-starling-71225.upstash.io"}
2026-04-22 13:07:16 [WARN]: Redis error — leaderboard will use MongoDB fallback {"error":"getaddrinfo ENOTFOUND mint-starling-71225.upstash.io"}
2026-04-22 13:07:18 [WARN]: Redis error — leaderboard will use MongoDB fallback {"error":"getaddrinfo ENOTFOUND mint-starling-71225.upstash.io"}
2026-04-22 13:07:20 [WARN]: Redis error — leaderboard will use MongoDB fallback {"error":"getaddrinfo ENOTFOUND mint-starling-71225.upstash.io"}
2026-04-22 13:07:22 [WARN]: Redis error — leaderboard will use MongoDB fallback {"error":"getaddrinfo ENOTFOUND mint-starling-71225.upstash.io"}
2026-04-22 13:07:24 [WARN]: Redis error — leaderboard will use MongoDB fallback {"error":"getaddrinfo ENOTFOUND mint-starling-71225.upstash.io"}
2026-04-22 13:07:26 [WARN]: Redis error — leaderboard will use MongoDB fallback {"error":"getaddrinfo ENOTFOUND mint-starling-71225.upstash.io"}
2026-04-22 13:07:28 [WARN]: Redis error — leaderboard will use MongoDB fallback {"error":"getaddrinfo ENOTFOUND mint-starling-71225.upstash.io"}
2026-04-22 13:07:30 [WARN]: Redis error — leaderboard will use MongoDB fallback {"error":"getaddrinfo ENOTFOUND mint-starling-71225.upstash.io"}
2026-04-22 13:07:32 [WARN]: Redis error — leaderboard will use MongoDB fallback {"error":"getaddrinfo ENOTFOUND mint-starling-71225.upstash.io"}
2026-04-22 13:07:34 [WARN]: Redis error — leaderboard will use MongoDB fallback {"error":"getaddrinfo ENOTFOUND mint-starling-71225.upstash.io"}
2026-04-22 13:07:36 [WARN]: Redis error — leaderboard will use MongoDB fallback {"error":"getaddrinfo ENOTFOUND mint-starling-71225.upstash.io"}
2026-04-22 13:07:38 [WARN]: Redis error — leaderboard will use MongoDB fallback {"error":"getaddrinfo ENOTFOUND mint-starling-71225.upstash.io"}
2026-04-22 13:07:40 [WARN]: Redis error — leaderboard will use MongoDB fallback {"error":"getaddrinfo ENOTFOUND mint-starling-71225.upstash.io"}
2026-04-22 13:07:42 [WARN]: Redis error — leaderboard will use MongoDB fallback {"error":"getaddrinfo ENOTFOUND mint-starling-71225.upstash.io"}
2026-04-22 13:07:44 [WARN]: Redis error — leaderboard will use MongoDB fallback {"error":"getaddrinfo ENOTFOUND mint-starling-71225.upstash.io"}
2026-04-22 13:07:46 [WARN]: Redis error — leaderboard will use MongoDB fallback {"error":"getaddrinfo ENOTFOUND mint-starling-71225.upstash.io"}
2026-04-22 13:07:48 [WARN]: Redis error — leaderboard will use MongoDB fallback {"error":"getaddrinfo ENOTFOUND mint-starling-71225.upstash.io"}
2026-04-22 13:07:52 [INFO]: MongoDB connection attempt 1/3
2026-04-22 13:07:52 [INFO]: MongoDB connected successfully
2026-04-22 13:07:52 [INFO]: Server running on port 5000 in development mode
2026-04-22 13:07:52 [INFO]: Socket connected: 2vUhYcp6BMHPUtJvAAAB
2026-04-22 13:07:52 [INFO]: Socket 2vUhYcp6BMHPUtJvAAAB joined room user:69b55b4c2a4ff06cb7d760fa
2026-04-22 13:08:12 [INFO]: MongoDB connection attempt 1/3
2026-04-22 13:08:13 [INFO]: MongoDB connected successfully
2026-04-22 13:08:13 [INFO]: Server running on port 5000 in development mode
2026-04-22 13:08:13 [INFO]: Socket connected: okkTT3xyEW3NARjRAAAB
2026-04-22 13:08:13 [INFO]: Socket okkTT3xyEW3NARjRAAAB joined room user:69b55b4c2a4ff06cb7d760fa
2026-04-22 13:08:32 [INFO]: MongoDB connection attempt 1/3
2026-04-22 13:08:32 [INFO]: MongoDB connected successfully
2026-04-22 13:08:32 [INFO]: Server running on port 5000 in development mode
2026-04-22 13:08:33 [INFO]: Socket connected: BO4k96EtWnHysIonAAAB
2026-04-22 13:08:33 [INFO]: Socket BO4k96EtWnHysIonAAAB joined room user:69b55b4c2a4ff06cb7d760fa
2026-04-22 13:09:02 [INFO]: MongoDB connection attempt 1/3
2026-04-22 13:09:02 [INFO]: MongoDB connected successfully
2026-04-22 13:09:02 [INFO]: Server running on port 5000 in development mode
2026-04-22 13:09:02 [INFO]: Socket connected: hpBQpd8AshEIoNzRAAAB
2026-04-22 13:09:02 [INFO]: Socket hpBQpd8AshEIoNzRAAAB joined room user:69b55b4c2a4ff06cb7d760fa
2026-04-22 13:09:32 [INFO]: Socket disconnected: hpBQpd8AshEIoNzRAAAB
2026-04-22 13:09:33 [INFO]: [0mGET /api/auth/me [36m304[0m 50.752 ms - -[0m
2026-04-22 13:09:33 [INFO]: [0mGET /api/auth/me [36m304[0m 51.799 ms - -[0m
2026-04-22 13:09:33 [INFO]: Socket connected: XUQr4cpBJpEPb-8vAAAF
2026-04-22 13:09:33 [INFO]: Socket XUQr4cpBJpEPb-8vAAAF joined room user:69b55b4c2a4ff06cb7d760fa
2026-04-22 13:09:33 [INFO]: [0mGET /api/problems/69b551a430f4ccf0382a10a6 [36m304[0m 91.401 ms - -[0m
2026-04-22 13:09:33 [INFO]: [0mGET /api/problems/69b551a430f4ccf0382a10a6 [36m304[0m 78.346 ms - -[0m
2026-04-22 13:10:14 [INFO]: [0mGET /api/problems/69b551a430f4ccf0382a10a6 [36m304[0m 81.438 ms - -[0m
2026-04-22 13:10:41 [INFO]: MongoDB connection attempt 1/3
2026-04-22 13:10:42 [INFO]: MongoDB connected successfully
2026-04-22 13:10:42 [INFO]: Server running on port 5000 in development mode
2026-04-22 13:10:48 [INFO]: Socket connected: bD5EvdkYTJMgj9WOAAAB
2026-04-22 13:10:48 [INFO]: Socket bD5EvdkYTJMgj9WOAAAB joined room user:69b55b4c2a4ff06cb7d760fa
2026-04-22 13:29:03 [INFO]: MongoDB connection attempt 1/3
2026-04-22 13:29:04 [INFO]: MongoDB connected successfully
2026-04-22 13:31:42 [INFO]: MongoDB connection attempt 1/3
2026-04-22 13:31:43 [INFO]: MongoDB connected successfully
2026-04-22 13:31:43 [INFO]: Server running on port 5000 in development mode
2026-04-22 13:31:44 [INFO]: Socket connected: zaGJk6SpLoohx962AAAB
2026-04-22 13:31:44 [INFO]: Socket zaGJk6SpLoohx962AAAB joined room user:69b55b4c2a4ff06cb7d760fa
2026-04-22 13:31:48 [INFO]: Socket connected: f4HzbM2OYV4bbZG_AAAD
2026-04-22 13:31:48 [INFO]: Socket f4HzbM2OYV4bbZG_AAAD joined room user:69b55b4c2a4ff06cb7d760fa
2026-04-22 14:03:36 [INFO]: Socket disconnected: f4HzbM2OYV4bbZG_AAAD
2026-04-22 14:03:36 [INFO]: Socket disconnected: zaGJk6SpLoohx962AAAB
2026-04-22 14:03:39 [INFO]: [0mGET /api/auth/me [32m200[0m 180.562 ms - 479[0m
2026-04-22 14:03:39 [INFO]: [0mGET /api/auth/me [32m200[0m 37.767 ms - 479[0m
2026-04-22 14:03:39 [WARN]: Redis error — leaderboard will use MongoDB fallback {"error":"getaddrinfo ENOTFOUND mint-starling-71225.upstash.io"}
2026-04-22 14:03:39 [WARN]: Redis connect failed — using MongoDB fallback {"error":"Connection is closed."}
2026-04-22 14:03:39 [INFO]: [0mGET /api/leaderboard [32m200[0m 105.423 ms - 185[0m
2026-04-22 14:03:39 [WARN]: Redis error — leaderboard will use MongoDB fallback {"error":"getaddrinfo ENOTFOUND mint-starling-71225.upstash.io"}
2026-04-22 14:03:39 [INFO]: [0mGET /api/leaderboard [36m304[0m 65.154 ms - -[0m
2026-04-22 14:03:39 [WARN]: Redis error — leaderboard will use MongoDB fallback {"error":"getaddrinfo ENOTFOUND mint-starling-71225.upstash.io"}
2026-04-22 14:03:39 [WARN]: Redis error — leaderboard will use MongoDB fallback {"error":"getaddrinfo ENOTFOUND mint-starling-71225.upstash.io"}
2026-04-22 14:03:39 [WARN]: Redis error — leaderboard will use MongoDB fallback {"error":"getaddrinfo ENOTFOUND mint-starling-71225.upstash.io"}
2026-04-22 14:03:40 [WARN]: Redis error — leaderboard will use MongoDB fallback {"error":"getaddrinfo ENOTFOUND mint-starling-71225.upstash.io"}
2026-04-22 14:03:40 [WARN]: Redis error — leaderboard will use MongoDB fallback {"error":"getaddrinfo ENOTFOUND mint-starling-71225.upstash.io"}
2026-04-22 14:03:40 [WARN]: Redis error — leaderboard will use MongoDB fallback {"error":"getaddrinfo ENOTFOUND mint-starling-71225.upstash.io"}
2026-04-22 14:03:41 [INFO]: Socket connected: WggvpT6qEt830YAIAAAI
2026-04-22 14:03:41 [INFO]: Socket connected: HOnQpxyiUoA4ba--AAAJ
2026-04-22 14:03:41 [INFO]: Socket WggvpT6qEt830YAIAAAI joined room user:69b55b4c2a4ff06cb7d760fa
2026-04-22 14:03:41 [INFO]: Socket HOnQpxyiUoA4ba--AAAJ joined room user:69b55b4c2a4ff06cb7d760fa
2026-04-22 14:03:41 [WARN]: Redis error — leaderboard will use MongoDB fallback {"error":"getaddrinfo ENOTFOUND mint-starling-71225.upstash.io"}
2026-04-22 14:03:41 [WARN]: Redis error — leaderboard will use MongoDB fallback {"error":"getaddrinfo ENOTFOUND mint-starling-71225.upstash.io"}
2026-04-22 14:03:42 [WARN]: Redis error — leaderboard will use MongoDB fallback {"error":"getaddrinfo ENOTFOUND mint-starling-71225.upstash.io"}
2026-04-22 14:03:42 [WARN]: Redis error — leaderboard will use MongoDB fallback {"error":"getaddrinfo ENOTFOUND mint-starling-71225.upstash.io"}
2026-04-22 14:03:43 [WARN]: Redis error — leaderboard will use MongoDB fallback {"error":"getaddrinfo ENOTFOUND mint-starling-71225.upstash.io"}
2026-04-22 14:03:43 [WARN]: Redis error — leaderboard will use MongoDB fallback {"error":"getaddrinfo ENOTFOUND mint-starling-71225.upstash.io"}
2026-04-22 14:03:44 [WARN]: Redis error — leaderboard will use MongoDB fallback {"error":"getaddrinfo ENOTFOUND mint-starling-71225.upstash.io"}
2026-04-22 14:03:45 [WARN]: Redis error — leaderboard will use MongoDB fallback {"error":"getaddrinfo ENOTFOUND mint-starling-71225.upstash.io"}
2026-04-22 14:03:46 [WARN]: Redis error — leaderboard will use MongoDB fallback {"error":"getaddrinfo ENOTFOUND mint-starling-71225.upstash.io"}
2026-04-22 14:03:47 [WARN]: Redis error — leaderboard will use MongoDB fallback {"error":"getaddrinfo ENOTFOUND mint-starling-71225.upstash.io"}
2026-04-22 14:03:48 [WARN]: Redis error — leaderboard will use MongoDB fallback {"error":"getaddrinfo ENOTFOUND mint-starling-71225.upstash.io"}
2026-04-22 14:03:48 [WARN]: Redis error — leaderboard will use MongoDB fallback {"error":"getaddrinfo ENOTFOUND mint-starling-71225.upstash.io"}
2026-04-22 14:03:49 [WARN]: Redis error — leaderboard will use MongoDB fallback {"error":"getaddrinfo ENOTFOUND mint-starling-71225.upstash.io"}
2026-04-22 14:03:51 [WARN]: Redis error — leaderboard will use MongoDB fallback {"error":"getaddrinfo ENOTFOUND mint-starling-71225.upstash.io"}
2026-04-22 14:03:52 [WARN]: Redis error — leaderboard will use MongoDB fallback {"error":"getaddrinfo ENOTFOUND mint-starling-71225.upstash.io"}
2026-04-22 14:03:53 [WARN]: Redis error — leaderboard will use MongoDB fallback {"error":"getaddrinfo ENOTFOUND mint-starling-71225.upstash.io"}
2026-04-22 14:03:54 [WARN]: Redis error — leaderboard will use MongoDB fallback {"error":"getaddrinfo ENOTFOUND mint-starling-71225.upstash.io"}
2026-04-22 14:03:55 [WARN]: Redis error — leaderboard will use MongoDB fallback {"error":"getaddrinfo ENOTFOUND mint-starling-71225.upstash.io"}
2026-04-22 14:03:57 [WARN]: Redis error — leaderboard will use MongoDB fallback {"error":"getaddrinfo ENOTFOUND mint-starling-71225.upstash.io"}
2026-04-22 14:03:58 [WARN]: Redis error — leaderboard will use MongoDB fallback {"error":"getaddrinfo ENOTFOUND mint-starling-71225.upstash.io"}
2026-04-22 14:03:59 [WARN]: Redis error — leaderboard will use MongoDB fallback {"error":"getaddrinfo ENOTFOUND mint-starling-71225.upstash.io"}
2026-04-22 14:04:01 [WARN]: Redis error — leaderboard will use MongoDB fallback {"error":"getaddrinfo ENOTFOUND mint-starling-71225.upstash.io"}
2026-04-22 14:04:02 [WARN]: Redis error — leaderboard will use MongoDB fallback {"error":"getaddrinfo ENOTFOUND mint-starling-71225.upstash.io"}
2026-04-22 14:04:04 [WARN]: Redis error — leaderboard will use MongoDB fallback {"error":"getaddrinfo ENOTFOUND mint-starling-71225.upstash.io"}
2026-04-22 14:04:06 [WARN]: Redis error — leaderboard will use MongoDB fallback {"error":"getaddrinfo ENOTFOUND mint-starling-71225.upstash.io"}
2026-04-22 14:04:07 [WARN]: Redis error — leaderboard will use MongoDB fallback {"error":"getaddrinfo ENOTFOUND mint-starling-71225.upstash.io"}
2026-04-22 14:04:09 [WARN]: Redis error — leaderboard will use MongoDB fallback {"error":"getaddrinfo ENOTFOUND mint-starling-71225.upstash.io"}
2026-04-22 14:04:11 [WARN]: Redis error — leaderboard will use MongoDB fallback {"error":"getaddrinfo ENOTFOUND mint-starling-71225.upstash.io"}
2026-04-22 14:04:12 [WARN]: Redis error — leaderboard will use MongoDB fallback {"error":"getaddrinfo ENOTFOUND mint-starling-71225.upstash.io"}
2026-04-22 14:04:14 [WARN]: Redis error — leaderboard will use MongoDB fallback {"error":"getaddrinfo ENOTFOUND mint-starling-71225.upstash.io"}
2026-04-22 14:04:16 [WARN]: Redis error — leaderboard will use MongoDB fallback {"error":"getaddrinfo ENOTFOUND mint-starling-71225.upstash.io"}
2026-04-22 14:04:18 [WARN]: Redis error — leaderboard will use MongoDB fallback {"error":"getaddrinfo ENOTFOUND mint-starling-71225.upstash.io"}
2026-04-22 14:04:20 [WARN]: Redis error — leaderboard will use MongoDB fallback {"error":"getaddrinfo ENOTFOUND mint-starling-71225.upstash.io"}
2026-04-22 14:04:22 [WARN]: Redis error — leaderboard will use MongoDB fallback {"error":"getaddrinfo ENOTFOUND mint-starling-71225.upstash.io"}
2026-04-22 14:04:24 [WARN]: Redis error — leaderboard will use MongoDB fallback {"error":"getaddrinfo ENOTFOUND mint-starling-71225.upstash.io"}
2026-04-22 14:04:26 [WARN]: Redis error — leaderboard will use MongoDB fallback {"error":"getaddrinfo ENOTFOUND mint-starling-71225.upstash.io"}
2026-04-22 14:04:28 [WARN]: Redis error — leaderboard will use MongoDB fallback {"error":"getaddrinfo ENOTFOUND mint-starling-71225.upstash.io"}
2026-04-22 14:04:30 [WARN]: Redis error — leaderboard will use MongoDB fallback {"error":"getaddrinfo ENOTFOUND mint-starling-71225.upstash.io"}
2026-04-22 14:04:32 [WARN]: Redis error — leaderboard will use MongoDB fallback {"error":"getaddrinfo ENOTFOUND mint-starling-71225.upstash.io"}
2026-04-22 14:04:34 [WARN]: Redis error — leaderboard will use MongoDB fallback {"error":"getaddrinfo ENOTFOUND mint-starling-71225.upstash.io"}
2026-04-22 14:04:36 [WARN]: Redis error — leaderboard will use MongoDB fallback {"error":"getaddrinfo ENOTFOUND mint-starling-71225.upstash.io"}
2026-04-22 14:04:38 [WARN]: Redis error — leaderboard will use MongoDB fallback {"error":"getaddrinfo ENOTFOUND mint-starling-71225.upstash.io"}
2026-04-22 14:04:40 [WARN]: Redis error — leaderboard will use MongoDB fallback {"error":"getaddrinfo ENOTFOUND mint-starling-71225.upstash.io"}
2026-04-22 14:04:42 [WARN]: Redis error — leaderboard will use MongoDB fallback {"error":"getaddrinfo ENOTFOUND mint-starling-71225.upstash.io"}
2026-04-22 14:04:44 [WARN]: Redis error — leaderboard will use MongoDB fallback {"error":"getaddrinfo ENOTFOUND mint-starling-71225.upstash.io"}
2026-04-22 14:04:46 [WARN]: Redis error — leaderboard will use MongoDB fallback {"error":"getaddrinfo ENOTFOUND mint-starling-71225.upstash.io"}
2026-04-22 14:04:48 [WARN]: Redis error — leaderboard will use MongoDB fallback {"error":"getaddrinfo ENOTFOUND mint-starling-71225.upstash.io"}
2026-04-22 14:04:50 [WARN]: Redis error — leaderboard will use MongoDB fallback {"error":"getaddrinfo ENOTFOUND mint-starling-71225.upstash.io"}
2026-04-22 14:04:52 [WARN]: Redis error — leaderboard will use MongoDB fallback {"error":"getaddrinfo ENOTFOUND mint-starling-71225.upstash.io"}
2026-04-22 14:04:54 [WARN]: Redis error — leaderboard will use MongoDB fallback {"error":"getaddrinfo ENOTFOUND mint-starling-71225.upstash.io"}
2026-04-22 14:04:56 [WARN]: Redis error — leaderboard will use MongoDB fallback {"error":"getaddrinfo ENOTFOUND mint-starling-71225.upstash.io"}
2026-04-22 14:04:58 [WARN]: Redis error — leaderboard will use MongoDB fallback {"error":"getaddrinfo ENOTFOUND mint-starling-71225.upstash.io"}
2026-04-22 14:05:00 [WARN]: Redis error — leaderboard will use MongoDB fallback {"error":"getaddrinfo ENOTFOUND mint-starling-71225.upstash.io"}
2026-04-22 14:05:03 [WARN]: Redis error — leaderboard will use MongoDB fallback {"error":"getaddrinfo ENOTFOUND mint-starling-71225.upstash.io"}
2026-04-22 14:05:05 [WARN]: Redis error — leaderboard will use MongoDB fallback {"error":"getaddrinfo ENOTFOUND mint-starling-71225.upstash.io"}
2026-04-22 14:05:07 [WARN]: Redis error — leaderboard will use MongoDB fallback {"error":"getaddrinfo ENOTFOUND mint-starling-71225.upstash.io"}
2026-04-22 14:05:09 [WARN]: Redis error — leaderboard will use MongoDB fallback {"error":"getaddrinfo ENOTFOUND mint-starling-71225.upstash.io"}
2026-04-22 14:05:11 [WARN]: Redis error — leaderboard will use MongoDB fallback {"error":"getaddrinfo ENOTFOUND mint-starling-71225.upstash.io"}
2026-04-22 14:05:13 [WARN]: Redis error — leaderboard will use MongoDB fallback {"error":"getaddrinfo ENOTFOUND mint-starling-71225.upstash.io"}
2026-04-22 14:05:15 [WARN]: Redis error — leaderboard will use MongoDB fallback {"error":"getaddrinfo ENOTFOUND mint-starling-71225.upstash.io"}
2026-04-22 14:05:17 [WARN]: Redis error — leaderboard will use MongoDB fallback {"error":"getaddrinfo ENOTFOUND mint-starling-71225.upstash.io"}
2026-04-22 14:05:19 [WARN]: Redis error — leaderboard will use MongoDB fallback {"error":"getaddrinfo ENOTFOUND mint-starling-71225.upstash.io"}
2026-04-22 14:05:21 [WARN]: Redis error — leaderboard will use MongoDB fallback {"error":"getaddrinfo ENOTFOUND mint-starling-71225.upstash.io"}
2026-04-22 14:05:23 [WARN]: Redis error — leaderboard will use MongoDB fallback {"error":"getaddrinfo ENOTFOUND mint-starling-71225.upstash.io"}
2026-04-22 14:05:25 [WARN]: Redis error — leaderboard will use MongoDB fallback {"error":"getaddrinfo ENOTFOUND mint-starling-71225.upstash.io"}
2026-04-22 14:05:27 [WARN]: Redis error — leaderboard will use MongoDB fallback {"error":"getaddrinfo ENOTFOUND mint-starling-71225.upstash.io"}
2026-04-22 14:05:29 [WARN]: Redis error — leaderboard will use MongoDB fallback {"error":"getaddrinfo ENOTFOUND mint-starling-71225.upstash.io"}
2026-04-22 14:05:31 [WARN]: Redis error — leaderboard will use MongoDB fallback {"error":"getaddrinfo ENOTFOUND mint-starling-71225.upstash.io"}
2026-04-22 14:05:33 [WARN]: Redis error — leaderboard will use MongoDB fallback {"error":"getaddrinfo ENOTFOUND mint-starling-71225.upstash.io"}
2026-04-22 14:05:35 [WARN]: Redis error — leaderboard will use MongoDB fallback {"error":"getaddrinfo ENOTFOUND mint-starling-71225.upstash.io"}
2026-04-22 14:05:37 [WARN]: Redis error — leaderboard will use MongoDB fallback {"error":"getaddrinfo ENOTFOUND mint-starling-71225.upstash.io"}
2026-04-22 14:05:39 [WARN]: Redis error — leaderboard will use MongoDB fallback {"error":"getaddrinfo ENOTFOUND mint-starling-71225.upstash.io"}
2026-04-22 14:05:41 [WARN]: Redis error — leaderboard will use MongoDB fallback {"error":"getaddrinfo ENOTFOUND mint-starling-71225.upstash.io"}
2026-04-22 14:05:43 [WARN]: Redis error — leaderboard will use MongoDB fallback {"error":"getaddrinfo ENOTFOUND mint-starling-71225.upstash.io"}
2026-04-22 14:05:45 [WARN]: Redis error — leaderboard will use MongoDB fallback {"error":"getaddrinfo ENOTFOUND mint-starling-71225.upstash.io"}
2026-04-22 14:05:47 [WARN]: Redis error — leaderboard will use MongoDB fallback {"error":"getaddrinfo ENOTFOUND mint-starling-71225.upstash.io"}
2026-04-22 14:05:49 [WARN]: Redis error — leaderboard will use MongoDB fallback {"error":"getaddrinfo ENOTFOUND mint-starling-71225.upstash.io"}
2026-04-22 14:05:51 [WARN]: Redis error — leaderboard will use MongoDB fallback {"error":"getaddrinfo ENOTFOUND mint-starling-71225.upstash.io"}
2026-04-22 14:05:53 [WARN]: Redis error — leaderboard will use MongoDB fallback {"error":"getaddrinfo ENOTFOUND mint-starling-71225.upstash.io"}
2026-04-22 14:05:55 [WARN]: Redis error — leaderboard will use MongoDB fallback {"error":"getaddrinfo ENOTFOUND mint-starling-71225.upstash.io"}
2026-04-22 14:05:57 [WARN]: Redis error — leaderboard will use MongoDB fallback {"error":"getaddrinfo ENOTFOUND mint-starling-71225.upstash.io"}
2026-04-22 14:05:59 [WARN]: Redis error — leaderboard will use MongoDB fallback {"error":"getaddrinfo ENOTFOUND mint-starling-71225.upstash.io"}
2026-04-22 14:06:01 [WARN]: Redis error — leaderboard will use MongoDB fallback {"error":"getaddrinfo ENOTFOUND mint-starling-71225.upstash.io"}
2026-04-22 14:06:03 [WARN]: Redis error — leaderboard will use MongoDB fallback {"error":"getaddrinfo ENOTFOUND mint-starling-71225.upstash.io"}
2026-04-22 14:06:05 [WARN]: Redis error — leaderboard will use MongoDB fallback {"error":"getaddrinfo ENOTFOUND mint-starling-71225.upstash.io"}
2026-04-22 14:06:07 [WARN]: Redis error — leaderboard will use MongoDB fallback {"error":"getaddrinfo ENOTFOUND mint-starling-71225.upstash.io"}
2026-04-22 14:06:09 [WARN]: Redis error — leaderboard will use MongoDB fallback {"error":"getaddrinfo ENOTFOUND mint-starling-71225.upstash.io"}
2026-04-22 14:06:11 [WARN]: Redis error — leaderboard will use MongoDB fallback {"error":"getaddrinfo ENOTFOUND mint-starling-71225.upstash.io"}
2026-04-22 14:06:13 [WARN]: Redis error — leaderboard will use MongoDB fallback {"error":"getaddrinfo ENOTFOUND mint-starling-71225.upstash.io"}
2026-04-22 14:06:15 [WARN]: Redis error — leaderboard will use MongoDB fallback {"error":"getaddrinfo ENOTFOUND mint-starling-71225.upstash.io"}
2026-04-22 14:06:17 [WARN]: Redis error — leaderboard will use MongoDB fallback {"error":"getaddrinfo ENOTFOUND mint-starling-71225.upstash.io"}
2026-04-22 14:06:19 [WARN]: Redis error — leaderboard will use MongoDB fallback {"error":"getaddrinfo ENOTFOUND mint-starling-71225.upstash.io"}
2026-04-22 14:06:21 [WARN]: Redis error — leaderboard will use MongoDB fallback {"error":"getaddrinfo ENOTFOUND mint-starling-71225.upstash.io"}
2026-04-22 14:06:23 [WARN]: Redis error — leaderboard will use MongoDB fallback {"error":"getaddrinfo ENOTFOUND mint-starling-71225.upstash.io"}
2026-04-22 14:06:25 [WARN]: Redis error — leaderboard will use MongoDB fallback {"error":"getaddrinfo ENOTFOUND mint-starling-71225.upstash.io"}
2026-04-22 14:06:27 [WARN]: Redis error — leaderboard will use MongoDB fallback {"error":"getaddrinfo ENOTFOUND mint-starling-71225.upstash.io"}
2026-04-22 14:06:29 [WARN]: Redis error — leaderboard will use MongoDB fallback {"error":"getaddrinfo ENOTFOUND mint-starling-71225.upstash.io"}
2026-04-22 14:06:31 [WARN]: Redis error — leaderboard will use MongoDB fallback {"error":"getaddrinfo ENOTFOUND mint-starling-71225.upstash.io"}
2026-04-22 14:06:33 [WARN]: Redis error — leaderboard will use MongoDB fallback {"error":"getaddrinfo ENOTFOUND mint-starling-71225.upstash.io"}
2026-04-22 14:06:35 [WARN]: Redis error — leaderboard will use MongoDB fallback {"error":"getaddrinfo ENOTFOUND mint-starling-71225.upstash.io"}
2026-04-22 14:06:37 [WARN]: Redis error — leaderboard will use MongoDB fallback {"error":"getaddrinfo ENOTFOUND mint-starling-71225.upstash.io"}
2026-04-22 14:06:39 [WARN]: Redis error — leaderboard will use MongoDB fallback {"error":"getaddrinfo ENOTFOUND mint-starling-71225.upstash.io"}
2026-04-22 14:06:41 [WARN]: Redis error — leaderboard will use MongoDB fallback {"error":"getaddrinfo ENOTFOUND mint-starling-71225.upstash.io"}
2026-04-22 14:06:43 [WARN]: Redis error — leaderboard will use MongoDB fallback {"error":"getaddrinfo ENOTFOUND mint-starling-71225.upstash.io"}
2026-04-22 14:06:45 [WARN]: Redis error — leaderboard will use MongoDB fallback {"error":"getaddrinfo ENOTFOUND mint-starling-71225.upstash.io"}
2026-04-22 14:06:47 [WARN]: Redis error — leaderboard will use MongoDB fallback {"error":"getaddrinfo ENOTFOUND mint-starling-71225.upstash.io"}
2026-04-22 14:06:49 [WARN]: Redis error — leaderboard will use MongoDB fallback {"error":"getaddrinfo ENOTFOUND mint-starling-71225.upstash.io"}
2026-04-22 14:06:51 [WARN]: Redis error — leaderboard will use MongoDB fallback {"error":"getaddrinfo ENOTFOUND mint-starling-71225.upstash.io"}
2026-04-22 14:06:53 [WARN]: Redis error — leaderboard will use MongoDB fallback {"error":"getaddrinfo ENOTFOUND mint-starling-71225.upstash.io"}
2026-04-22 14:06:55 [WARN]: Redis error — leaderboard will use MongoDB fallback {"error":"getaddrinfo ENOTFOUND mint-starling-71225.upstash.io"}
2026-04-22 14:06:57 [WARN]: Redis error — leaderboard will use MongoDB fallback {"error":"getaddrinfo ENOTFOUND mint-starling-71225.upstash.io"}
2026-04-22 14:06:59 [WARN]: Redis error — leaderboard will use MongoDB fallback {"error":"getaddrinfo ENOTFOUND mint-starling-71225.upstash.io"}
2026-04-22 14:07:01 [WARN]: Redis error — leaderboard will use MongoDB fallback {"error":"getaddrinfo ENOTFOUND mint-starling-71225.upstash.io"}
2026-04-22 14:07:03 [WARN]: Redis error — leaderboard will use MongoDB fallback {"error":"getaddrinfo ENOTFOUND mint-starling-71225.upstash.io"}
2026-04-22 14:07:05 [WARN]: Redis error — leaderboard will use MongoDB fallback {"error":"getaddrinfo ENOTFOUND mint-starling-71225.upstash.io"}
2026-04-22 14:07:07 [WARN]: Redis error — leaderboard will use MongoDB fallback {"error":"getaddrinfo ENOTFOUND mint-starling-71225.upstash.io"}
2026-04-22 14:07:09 [WARN]: Redis error — leaderboard will use MongoDB fallback {"error":"getaddrinfo ENOTFOUND mint-starling-71225.upstash.io"}
2026-04-22 14:07:12 [WARN]: Redis error — leaderboard will use MongoDB fallback {"error":"getaddrinfo ENOTFOUND mint-starling-71225.upstash.io"}
2026-04-22 14:07:14 [WARN]: Redis error — leaderboard will use MongoDB fallback {"error":"getaddrinfo ENOTFOUND mint-starling-71225.upstash.io"}
2026-04-22 14:07:16 [WARN]: Redis error — leaderboard will use MongoDB fallback {"error":"getaddrinfo ENOTFOUND mint-starling-71225.upstash.io"}
2026-04-22 14:07:18 [WARN]: Redis error — leaderboard will use MongoDB fallback {"error":"getaddrinfo ENOTFOUND mint-starling-71225.upstash.io"}
2026-04-22 14:07:20 [WARN]: Redis error — leaderboard will use MongoDB fallback {"error":"getaddrinfo ENOTFOUND mint-starling-71225.upstash.io"}
2026-04-22 14:07:22 [WARN]: Redis error — leaderboard will use MongoDB fallback {"error":"getaddrinfo ENOTFOUND mint-starling-71225.upstash.io"}
2026-04-22 14:07:24 [WARN]: Redis error — leaderboard will use MongoDB fallback {"error":"getaddrinfo ENOTFOUND mint-starling-71225.upstash.io"}
2026-04-22 14:07:26 [WARN]: Redis error — leaderboard will use MongoDB fallback {"error":"getaddrinfo ENOTFOUND mint-starling-71225.upstash.io"}
2026-04-22 14:07:28 [WARN]: Redis error — leaderboard will use MongoDB fallback {"error":"getaddrinfo ENOTFOUND mint-starling-71225.upstash.io"}
2026-04-22 14:07:30 [WARN]: Redis error — leaderboard will use MongoDB fallback {"error":"getaddrinfo ENOTFOUND mint-starling-71225.upstash.io"}
2026-04-22 14:07:32 [WARN]: Redis error — leaderboard will use MongoDB fallback {"error":"getaddrinfo ENOTFOUND mint-starling-71225.upstash.io"}
2026-04-22 14:07:34 [WARN]: Redis error — leaderboard will use MongoDB fallback {"error":"getaddrinfo ENOTFOUND mint-starling-71225.upstash.io"}
2026-04-22 14:07:36 [WARN]: Redis error — leaderboard will use MongoDB fallback {"error":"getaddrinfo ENOTFOUND mint-starling-71225.upstash.io"}
2026-04-22 14:07:38 [WARN]: Redis error — leaderboard will use MongoDB fallback {"error":"getaddrinfo ENOTFOUND mint-starling-71225.upstash.io"}
2026-04-22 14:07:40 [WARN]: Redis error — leaderboard will use MongoDB fallback {"error":"getaddrinfo ENOTFOUND mint-starling-71225.upstash.io"}
2026-04-22 14:07:42 [WARN]: Redis error — leaderboard will use MongoDB fallback {"error":"getaddrinfo ENOTFOUND mint-starling-71225.upstash.io"}
2026-04-22 14:07:44 [WARN]: Redis error — leaderboard will use MongoDB fallback {"error":"getaddrinfo ENOTFOUND mint-starling-71225.upstash.io"}
2026-04-22 14:07:46 [WARN]: Redis error — leaderboard will use MongoDB fallback {"error":"getaddrinfo ENOTFOUND mint-starling-71225.upstash.io"}
2026-04-22 14:07:48 [WARN]: Redis error — leaderboard will use MongoDB fallback {"error":"getaddrinfo ENOTFOUND mint-starling-71225.upstash.io"}
2026-04-22 14:07:50 [WARN]: Redis error — leaderboard will use MongoDB fallback {"error":"getaddrinfo ENOTFOUND mint-starling-71225.upstash.io"}
2026-04-22 14:07:52 [WARN]: Redis error — leaderboard will use MongoDB fallback {"error":"getaddrinfo ENOTFOUND mint-starling-71225.upstash.io"}
2026-04-22 14:07:54 [WARN]: Redis error — leaderboard will use MongoDB fallback {"error":"getaddrinfo ENOTFOUND mint-starling-71225.upstash.io"}
2026-04-22 14:07:56 [WARN]: Redis error — leaderboard will use MongoDB fallback {"error":"getaddrinfo ENOTFOUND mint-starling-71225.upstash.io"}
2026-04-22 14:07:58 [WARN]: Redis error — leaderboard will use MongoDB fallback {"error":"getaddrinfo ENOTFOUND mint-starling-71225.upstash.io"}
2026-04-22 14:08:00 [WARN]: Redis error — leaderboard will use MongoDB fallback {"error":"getaddrinfo ENOTFOUND mint-starling-71225.upstash.io"}
2026-04-22 14:08:02 [WARN]: Redis error — leaderboard will use MongoDB fallback {"error":"getaddrinfo ENOTFOUND mint-starling-71225.upstash.io"}
2026-04-22 14:08:04 [WARN]: Redis error — leaderboard will use MongoDB fallback {"error":"getaddrinfo ENOTFOUND mint-starling-71225.upstash.io"}
2026-04-22 14:08:06 [WARN]: Redis error — leaderboard will use MongoDB fallback {"error":"getaddrinfo ENOTFOUND mint-starling-71225.upstash.io"}
2026-04-22 14:08:08 [WARN]: Redis error — leaderboard will use MongoDB fallback {"error":"getaddrinfo ENOTFOUND mint-starling-71225.upstash.io"}
2026-04-22 14:08:10 [WARN]: Redis error — leaderboard will use MongoDB fallback {"error":"getaddrinfo ENOTFOUND mint-starling-71225.upstash.io"}
2026-04-22 14:08:12 [WARN]: Redis error — leaderboard will use MongoDB fallback {"error":"getaddrinfo ENOTFOUND mint-starling-71225.upstash.io"}
2026-04-22 14:08:14 [WARN]: Redis error — leaderboard will use MongoDB fallback {"error":"getaddrinfo ENOTFOUND mint-starling-71225.upstash.io"}
2026-04-22 14:08:16 [WARN]: Redis error — leaderboard will use MongoDB fallback {"error":"getaddrinfo ENOTFOUND mint-starling-71225.upstash.io"}
2026-04-22 14:08:18 [WARN]: Redis error — leaderboard will use MongoDB fallback {"error":"getaddrinfo ENOTFOUND mint-starling-71225.upstash.io"}
2026-04-22 14:08:20 [WARN]: Redis error — leaderboard will use MongoDB fallback {"error":"getaddrinfo ENOTFOUND mint-starling-71225.upstash.io"}
2026-04-22 14:08:22 [WARN]: Redis error — leaderboard will use MongoDB fallback {"error":"getaddrinfo ENOTFOUND mint-starling-71225.upstash.io"}
2026-04-22 14:08:24 [WARN]: Redis error — leaderboard will use MongoDB fallback {"error":"getaddrinfo ENOTFOUND mint-starling-71225.upstash.io"}
2026-04-22 14:08:26 [WARN]: Redis error — leaderboard will use MongoDB fallback {"error":"getaddrinfo ENOTFOUND mint-starling-71225.upstash.io"}
2026-04-22 14:08:28 [WARN]: Redis error — leaderboard will use MongoDB fallback {"error":"getaddrinfo ENOTFOUND mint-starling-71225.upstash.io"}
2026-04-22 14:08:30 [WARN]: Redis error — leaderboard will use MongoDB fallback {"error":"getaddrinfo ENOTFOUND mint-starling-71225.upstash.io"}
2026-04-22 14:08:32 [WARN]: Redis error — leaderboard will use MongoDB fallback {"error":"getaddrinfo ENOTFOUND mint-starling-71225.upstash.io"}
2026-04-22 14:08:34 [WARN]: Redis error — leaderboard will use MongoDB fallback {"error":"getaddrinfo ENOTFOUND mint-starling-71225.upstash.io"}
2026-04-22 14:08:36 [WARN]: Redis error — leaderboard will use MongoDB fallback {"error":"getaddrinfo ENOTFOUND mint-starling-71225.upstash.io"}
2026-04-22 14:08:38 [WARN]: Redis error — leaderboard will use MongoDB fallback {"error":"getaddrinfo ENOTFOUND mint-starling-71225.upstash.io"}
2026-04-22 14:08:40 [WARN]: Redis error — leaderboard will use MongoDB fallback {"error":"getaddrinfo ENOTFOUND mint-starling-71225.upstash.io"}
2026-04-22 14:08:42 [WARN]: Redis error — leaderboard will use MongoDB fallback {"error":"getaddrinfo ENOTFOUND mint-starling-71225.upstash.io"}
2026-04-22 14:08:44 [WARN]: Redis error — leaderboard will use MongoDB fallback {"error":"getaddrinfo ENOTFOUND mint-starling-71225.upstash.io"}
2026-04-22 14:08:46 [WARN]: Redis error — leaderboard will use MongoDB fallback {"error":"getaddrinfo ENOTFOUND mint-starling-71225.upstash.io"}
2026-04-22 14:08:48 [WARN]: Redis error — leaderboard will use MongoDB fallback {"error":"getaddrinfo ENOTFOUND mint-starling-71225.upstash.io"}
2026-04-22 14:08:50 [WARN]: Redis error — leaderboard will use MongoDB fallback {"error":"getaddrinfo ENOTFOUND mint-starling-71225.upstash.io"}
2026-04-22 14:08:52 [WARN]: Redis error — leaderboard will use MongoDB fallback {"error":"getaddrinfo ENOTFOUND mint-starling-71225.upstash.io"}
2026-04-22 14:08:54 [WARN]: Redis error — leaderboard will use MongoDB fallback {"error":"getaddrinfo ENOTFOUND mint-starling-71225.upstash.io"}
2026-04-22 14:08:56 [WARN]: Redis error — leaderboard will use MongoDB fallback {"error":"getaddrinfo ENOTFOUND mint-starling-71225.upstash.io"}
2026-04-22 14:08:58 [WARN]: Redis error — leaderboard will use MongoDB fallback {"error":"getaddrinfo ENOTFOUND mint-starling-71225.upstash.io"}
2026-04-22 14:09:00 [WARN]: Redis error — leaderboard will use MongoDB fallback {"error":"getaddrinfo ENOTFOUND mint-starling-71225.upstash.io"}
2026-04-22 14:09:02 [WARN]: Redis error — leaderboard will use MongoDB fallback {"error":"getaddrinfo ENOTFOUND mint-starling-71225.upstash.io"}
2026-04-22 14:09:04 [WARN]: Redis error — leaderboard will use MongoDB fallback {"error":"getaddrinfo ENOTFOUND mint-starling-71225.upstash.io"}
2026-04-22 14:09:06 [WARN]: Redis error — leaderboard will use MongoDB fallback {"error":"getaddrinfo ENOTFOUND mint-starling-71225.upstash.io"}
2026-04-22 14:09:08 [WARN]: Redis error — leaderboard will use MongoDB fallback {"error":"getaddrinfo ENOTFOUND mint-starling-71225.upstash.io"}
2026-04-22 14:09:10 [WARN]: Redis error — leaderboard will use MongoDB fallback {"error":"getaddrinfo ENOTFOUND mint-starling-71225.upstash.io"}
2026-04-22 14:09:12 [WARN]: Redis error — leaderboard will use MongoDB fallback {"error":"getaddrinfo ENOTFOUND mint-starling-71225.upstash.io"}
2026-04-22 14:09:14 [WARN]: Redis error — leaderboard will use MongoDB fallback {"error":"getaddrinfo ENOTFOUND mint-starling-71225.upstash.io"}
2026-04-22 14:09:16 [WARN]: Redis error — leaderboard will use MongoDB fallback {"error":"getaddrinfo ENOTFOUND mint-starling-71225.upstash.io"}
2026-04-22 14:09:18 [WARN]: Redis error — leaderboard will use MongoDB fallback {"error":"getaddrinfo ENOTFOUND mint-starling-71225.upstash.io"}
2026-04-22 14:09:20 [WARN]: Redis error — leaderboard will use MongoDB fallback {"error":"getaddrinfo ENOTFOUND mint-starling-71225.upstash.io"}
2026-04-22 14:09:22 [WARN]: Redis error — leaderboard will use MongoDB fallback {"error":"getaddrinfo ENOTFOUND mint-starling-71225.upstash.io"}
2026-04-22 14:09:24 [WARN]: Redis error — leaderboard will use MongoDB fallback {"error":"getaddrinfo ENOTFOUND mint-starling-71225.upstash.io"}
2026-04-22 14:09:27 [WARN]: Redis error — leaderboard will use MongoDB fallback {"error":"getaddrinfo ENOTFOUND mint-starling-71225.upstash.io"}
2026-04-22 14:09:29 [WARN]: Redis error — leaderboard will use MongoDB fallback {"error":"getaddrinfo ENOTFOUND mint-starling-71225.upstash.io"}
2026-04-22 14:09:31 [WARN]: Redis error — leaderboard will use MongoDB fallback {"error":"getaddrinfo ENOTFOUND mint-starling-71225.upstash.io"}
2026-04-22 14:09:33 [WARN]: Redis error — leaderboard will use MongoDB fallback {"error":"getaddrinfo ENOTFOUND mint-starling-71225.upstash.io"}
2026-04-22 14:09:35 [WARN]: Redis error — leaderboard will use MongoDB fallback {"error":"getaddrinfo ENOTFOUND mint-starling-71225.upstash.io"}
2026-04-22 14:09:37 [WARN]: Redis error — leaderboard will use MongoDB fallback {"error":"getaddrinfo ENOTFOUND mint-starling-71225.upstash.io"}
2026-04-22 14:09:39 [WARN]: Redis error — leaderboard will use MongoDB fallback {"error":"getaddrinfo ENOTFOUND mint-starling-71225.upstash.io"}
2026-04-22 14:09:41 [WARN]: Redis error — leaderboard will use MongoDB fallback {"error":"getaddrinfo ENOTFOUND mint-starling-71225.upstash.io"}
2026-04-22 14:09:43 [WARN]: Redis error — leaderboard will use MongoDB fallback {"error":"getaddrinfo ENOTFOUND mint-starling-71225.upstash.io"}
2026-04-22 14:09:45 [WARN]: Redis error — leaderboard will use MongoDB fallback {"error":"getaddrinfo ENOTFOUND mint-starling-71225.upstash.io"}
2026-04-22 14:09:47 [WARN]: Redis error — leaderboard will use MongoDB fallback {"error":"getaddrinfo ENOTFOUND mint-starling-71225.upstash.io"}
2026-04-22 14:09:49 [WARN]: Redis error — leaderboard will use MongoDB fallback {"error":"getaddrinfo ENOTFOUND mint-starling-71225.upstash.io"}
2026-04-22 14:09:51 [WARN]: Redis error — leaderboard will use MongoDB fallback {"error":"getaddrinfo ENOTFOUND mint-starling-71225.upstash.io"}
2026-04-22 14:09:53 [WARN]: Redis error — leaderboard will use MongoDB fallback {"error":"getaddrinfo ENOTFOUND mint-starling-71225.upstash.io"}
2026-04-22 14:09:55 [WARN]: Redis error — leaderboard will use MongoDB fallback {"error":"getaddrinfo ENOTFOUND mint-starling-71225.upstash.io"}
2026-04-22 14:09:57 [WARN]: Redis error — leaderboard will use MongoDB fallback {"error":"getaddrinfo ENOTFOUND mint-starling-71225.upstash.io"}
2026-04-22 14:09:59 [WARN]: Redis error — leaderboard will use MongoDB fallback {"error":"getaddrinfo ENOTFOUND mint-starling-71225.upstash.io"}
2026-04-22 14:10:01 [WARN]: Redis error — leaderboard will use MongoDB fallback {"error":"getaddrinfo ENOTFOUND mint-starling-71225.upstash.io"}
2026-04-22 14:10:03 [WARN]: Redis error — leaderboard will use MongoDB fallback {"error":"getaddrinfo ENOTFOUND mint-starling-71225.upstash.io"}
2026-04-22 14:10:05 [WARN]: Redis error — leaderboard will use MongoDB fallback {"error":"getaddrinfo ENOTFOUND mint-starling-71225.upstash.io"}
2026-04-22 14:10:07 [WARN]: Redis error — leaderboard will use MongoDB fallback {"error":"getaddrinfo ENOTFOUND mint-starling-71225.upstash.io"}
2026-04-22 14:10:09 [WARN]: Redis error — leaderboard will use MongoDB fallback {"error":"getaddrinfo ENOTFOUND mint-starling-71225.upstash.io"}
2026-04-22 14:10:11 [WARN]: Redis error — leaderboard will use MongoDB fallback {"error":"getaddrinfo ENOTFOUND mint-starling-71225.upstash.io"}
2026-04-22 14:10:13 [WARN]: Redis error — leaderboard will use MongoDB fallback {"error":"getaddrinfo ENOTFOUND mint-starling-71225.upstash.io"}
2026-04-22 14:10:15 [WARN]: Redis error — leaderboard will use MongoDB fallback {"error":"getaddrinfo ENOTFOUND mint-starling-71225.upstash.io"}
2026-04-22 14:10:17 [WARN]: Redis error — leaderboard will use MongoDB fallback {"error":"getaddrinfo ENOTFOUND mint-starling-71225.upstash.io"}
2026-04-22 14:10:19 [WARN]: Redis error — leaderboard will use MongoDB fallback {"error":"getaddrinfo ENOTFOUND mint-starling-71225.upstash.io"}
2026-04-22 14:10:21 [WARN]: Redis error — leaderboard will use MongoDB fallback {"error":"getaddrinfo ENOTFOUND mint-starling-71225.upstash.io"}
2026-04-22 14:10:23 [WARN]: Redis error — leaderboard will use MongoDB fallback {"error":"getaddrinfo ENOTFOUND mint-starling-71225.upstash.io"}
2026-04-22 14:10:25 [WARN]: Redis error — leaderboard will use MongoDB fallback {"error":"getaddrinfo ENOTFOUND mint-starling-71225.upstash.io"}
2026-04-22 14:10:27 [WARN]: Redis error — leaderboard will use MongoDB fallback {"error":"getaddrinfo ENOTFOUND mint-starling-71225.upstash.io"}
2026-04-22 14:10:29 [WARN]: Redis error — leaderboard will use MongoDB fallback {"error":"getaddrinfo ENOTFOUND mint-starling-71225.upstash.io"}
2026-04-22 14:10:31 [WARN]: Redis error — leaderboard will use MongoDB fallback {"error":"getaddrinfo ENOTFOUND mint-starling-71225.upstash.io"}
2026-04-22 14:10:33 [WARN]: Redis error — leaderboard will use MongoDB fallback {"error":"getaddrinfo ENOTFOUND mint-starling-71225.upstash.io"}
2026-04-22 14:10:35 [WARN]: Redis error — leaderboard will use MongoDB fallback {"error":"getaddrinfo ENOTFOUND mint-starling-71225.upstash.io"}
2026-04-22 14:10:37 [WARN]: Redis error — leaderboard will use MongoDB fallback {"error":"getaddrinfo ENOTFOUND mint-starling-71225.upstash.io"}
2026-04-22 14:10:39 [WARN]: Redis error — leaderboard will use MongoDB fallback {"error":"getaddrinfo ENOTFOUND mint-starling-71225.upstash.io"}
2026-04-22 14:10:41 [WARN]: Redis error — leaderboard will use MongoDB fallback {"error":"getaddrinfo ENOTFOUND mint-starling-71225.upstash.io"}
2026-04-22 14:10:42 [INFO]: Socket disconnected: WggvpT6qEt830YAIAAAI
2026-04-22 14:10:42 [INFO]: [0mGET /api/users/profile [32m200[0m 101.409 ms - 11622[0m
2026-04-22 14:10:42 [INFO]: [0mGET /api/users/profile [32m200[0m 150.885 ms - 11622[0m
2026-04-22 14:10:42 [INFO]: [0mGET /api/submissions/history?limit=20 [32m200[0m 450.025 ms - 20926[0m
2026-04-22 14:10:42 [INFO]: [0mGET /api/submissions/history?limit=20 [36m304[0m 84.492 ms - -[0m
2026-04-22 14:10:43 [WARN]: Redis error — leaderboard will use MongoDB fallback {"error":"getaddrinfo ENOTFOUND mint-starling-71225.upstash.io"}
2026-04-22 14:10:44 [INFO]: [0mGET /api/skills [36m304[0m 70.837 ms - -[0m
2026-04-22 14:10:44 [INFO]: [0mGET /api/problems?page=1&limit=15 [32m200[0m 93.774 ms - 23596[0m
2026-04-22 14:10:44 [INFO]: [0mGET /api/skills [36m304[0m 56.172 ms - -[0m
2026-04-22 14:10:44 [INFO]: [0mGET /api/problems?page=1&limit=15 [36m304[0m 82.524 ms - -[0m
2026-04-22 14:10:45 [WARN]: Redis error — leaderboard will use MongoDB fallback {"error":"getaddrinfo ENOTFOUND mint-starling-71225.upstash.io"}
2026-04-22 14:10:47 [INFO]: [0mGET /api/users/profile [32m200[0m 60.961 ms - 11622[0m
2026-04-22 14:10:47 [WARN]: Redis error — leaderboard will use MongoDB fallback {"error":"getaddrinfo ENOTFOUND mint-starling-71225.upstash.io"}
2026-04-22 14:10:47 [INFO]: [0mGET /api/users/profile [32m200[0m 188.971 ms - 11622[0m
2026-04-22 14:10:48 [INFO]: [0mGET /api/submissions/history?limit=20 [36m304[0m 488.253 ms - -[0m
2026-04-22 14:10:48 [INFO]: [0mGET /api/submissions/history?limit=20 [36m304[0m 288.979 ms - -[0m
2026-04-22 14:10:49 [WARN]: Redis error — leaderboard will use MongoDB fallback {"error":"getaddrinfo ENOTFOUND mint-starling-71225.upstash.io"}
2026-04-22 14:10:51 [WARN]: Redis error — leaderboard will use MongoDB fallback {"error":"getaddrinfo ENOTFOUND mint-starling-71225.upstash.io"}
2026-04-22 14:10:53 [WARN]: Redis error — leaderboard will use MongoDB fallback {"error":"getaddrinfo ENOTFOUND mint-starling-71225.upstash.io"}
2026-04-22 14:10:55 [WARN]: Redis error — leaderboard will use MongoDB fallback {"error":"getaddrinfo ENOTFOUND mint-starling-71225.upstash.io"}
2026-04-22 14:10:57 [WARN]: Redis error — leaderboard will use MongoDB fallback {"error":"getaddrinfo ENOTFOUND mint-starling-71225.upstash.io"}
2026-04-22 14:10:59 [WARN]: Redis error — leaderboard will use MongoDB fallback {"error":"getaddrinfo ENOTFOUND mint-starling-71225.upstash.io"}
2026-04-22 14:11:01 [WARN]: Redis error — leaderboard will use MongoDB fallback {"error":"getaddrinfo ENOTFOUND mint-starling-71225.upstash.io"}
2026-04-22 14:11:03 [WARN]: Redis error — leaderboard will use MongoDB fallback {"error":"getaddrinfo ENOTFOUND mint-starling-71225.upstash.io"}
2026-04-22 14:11:04 [INFO]: [0mPOST /api/users/config-key [32m200[0m 88.331 ms - 76[0m
2026-04-22 14:11:05 [WARN]: Redis error — leaderboard will use MongoDB fallback {"error":"getaddrinfo ENOTFOUND mint-starling-71225.upstash.io"}
2026-04-22 14:11:07 [WARN]: Redis error — leaderboard will use MongoDB fallback {"error":"getaddrinfo ENOTFOUND mint-starling-71225.upstash.io"}
2026-04-22 14:11:09 [WARN]: Redis error — leaderboard will use MongoDB fallback {"error":"getaddrinfo ENOTFOUND mint-starling-71225.upstash.io"}
2026-04-22 14:11:11 [WARN]: Redis error — leaderboard will use MongoDB fallback {"error":"getaddrinfo ENOTFOUND mint-starling-71225.upstash.io"}
2026-04-22 14:11:13 [WARN]: Redis error — leaderboard will use MongoDB fallback {"error":"getaddrinfo ENOTFOUND mint-starling-71225.upstash.io"}
2026-04-22 14:11:15 [WARN]: Redis error — leaderboard will use MongoDB fallback {"error":"getaddrinfo ENOTFOUND mint-starling-71225.upstash.io"}
2026-04-22 14:11:17 [WARN]: Redis error — leaderboard will use MongoDB fallback {"error":"getaddrinfo ENOTFOUND mint-starling-71225.upstash.io"}
2026-04-22 14:11:19 [WARN]: Redis error — leaderboard will use MongoDB fallback {"error":"getaddrinfo ENOTFOUND mint-starling-71225.upstash.io"}
2026-04-22 14:11:21 [WARN]: Redis error — leaderboard will use MongoDB fallback {"error":"getaddrinfo ENOTFOUND mint-starling-71225.upstash.io"}
2026-04-22 14:11:23 [WARN]: Redis error — leaderboard will use MongoDB fallback {"error":"getaddrinfo ENOTFOUND mint-starling-71225.upstash.io"}
2026-04-22 14:11:25 [WARN]: Redis error — leaderboard will use MongoDB fallback {"error":"getaddrinfo ENOTFOUND mint-starling-71225.upstash.io"}
2026-04-22 14:11:27 [WARN]: Redis error — leaderboard will use MongoDB fallback {"error":"getaddrinfo ENOTFOUND mint-starling-71225.upstash.io"}
2026-04-22 14:11:29 [WARN]: Redis error — leaderboard will use MongoDB fallback {"error":"getaddrinfo ENOTFOUND mint-starling-71225.upstash.io"}
2026-04-22 14:11:31 [WARN]: Redis error — leaderboard will use MongoDB fallback {"error":"getaddrinfo ENOTFOUND mint-starling-71225.upstash.io"}
2026-04-22 14:11:33 [WARN]: Redis error — leaderboard will use MongoDB fallback {"error":"getaddrinfo ENOTFOUND mint-starling-71225.upstash.io"}
2026-04-22 14:11:35 [WARN]: Redis error — leaderboard will use MongoDB fallback {"error":"getaddrinfo ENOTFOUND mint-starling-71225.upstash.io"}
2026-04-22 14:11:36 [INFO]: [0mGET /api/skills [36m304[0m 144.848 ms - -[0m
2026-04-22 14:11:36 [INFO]: [0mGET /api/problems?page=1&limit=15 [36m304[0m 146.688 ms - -[0m
2026-04-22 14:11:36 [INFO]: [0mGET /api/skills [36m304[0m 56.468 ms - -[0m
2026-04-22 14:11:36 [INFO]: [0mGET /api/problems?page=1&limit=15 [36m304[0m 109.316 ms - -[0m
2026-04-22 14:11:37 [WARN]: Redis error — leaderboard will use MongoDB fallback {"error":"getaddrinfo ENOTFOUND mint-starling-71225.upstash.io"}
2026-04-22 14:11:39 [WARN]: Redis error — leaderboard will use MongoDB fallback {"error":"getaddrinfo ENOTFOUND mint-starling-71225.upstash.io"}
2026-04-22 14:11:40 [INFO]: [0mGET /api/problems/69b551a430f4ccf0382a10a6 [36m304[0m 87.566 ms - -[0m
2026-04-22 14:11:40 [INFO]: [0mGET /api/problems/69b551a430f4ccf0382a10a6 [36m304[0m 82.596 ms - -[0m
2026-04-22 14:11:41 [WARN]: Redis error — leaderboard will use MongoDB fallback {"error":"getaddrinfo ENOTFOUND mint-starling-71225.upstash.io"}
2026-04-22 14:11:43 [WARN]: Redis error — leaderboard will use MongoDB fallback {"error":"getaddrinfo ENOTFOUND mint-starling-71225.upstash.io"}
2026-04-22 14:11:45 [WARN]: Redis error — leaderboard will use MongoDB fallback {"error":"getaddrinfo ENOTFOUND mint-starling-71225.upstash.io"}
2026-04-22 14:11:47 [WARN]: Redis error — leaderboard will use MongoDB fallback {"error":"getaddrinfo ENOTFOUND mint-starling-71225.upstash.io"}
2026-04-22 14:11:50 [WARN]: Redis error — leaderboard will use MongoDB fallback {"error":"getaddrinfo ENOTFOUND mint-starling-71225.upstash.io"}
2026-04-22 14:11:52 [WARN]: Redis error — leaderboard will use MongoDB fallback {"error":"getaddrinfo ENOTFOUND mint-starling-71225.upstash.io"}
2026-04-22 14:11:52 [INFO]: User 69b55b4c2a4ff06cb7d760fa using BYOK for AI Mentor.
2026-04-22 14:11:53 [ERROR]: Gemini API Error in AI Mentor {"error":"[GoogleGenerativeAI Error]: Error fetching from https://generativelanguage.googleapis.com/v1beta/models/gemini-1.5-flash:generateContent: [404 Not Found] models/gemini-1.5-flash is not found for API version v1beta, or is not supported for generateContent. Call ListModels to see the list of available models and their supported methods."}
2026-04-22 14:11:53 [INFO]: [0mPOST /api/problems/69b551a430f4ccf0382a10a6/nudge [32m200[0m 425.564 ms - 62[0m
2026-04-22 14:11:54 [WARN]: Redis error — leaderboard will use MongoDB fallback {"error":"getaddrinfo ENOTFOUND mint-starling-71225.upstash.io"}
2026-04-22 14:11:56 [WARN]: Redis error — leaderboard will use MongoDB fallback {"error":"getaddrinfo ENOTFOUND mint-starling-71225.upstash.io"}
2026-04-22 14:11:58 [WARN]: Redis error — leaderboard will use MongoDB fallback {"error":"getaddrinfo ENOTFOUND mint-starling-71225.upstash.io"}
2026-04-22 14:12:00 [WARN]: Redis error — leaderboard will use MongoDB fallback {"error":"getaddrinfo ENOTFOUND mint-starling-71225.upstash.io"}
2026-04-22 14:12:02 [WARN]: Redis error — leaderboard will use MongoDB fallback {"error":"getaddrinfo ENOTFOUND mint-starling-71225.upstash.io"}
2026-04-22 14:12:04 [WARN]: Redis error — leaderboard will use MongoDB fallback {"error":"getaddrinfo ENOTFOUND mint-starling-71225.upstash.io"}
2026-04-22 14:12:06 [WARN]: Redis error — leaderboard will use MongoDB fallback {"error":"getaddrinfo ENOTFOUND mint-starling-71225.upstash.io"}
2026-04-22 14:12:07 [INFO]: User 69b55b4c2a4ff06cb7d760fa using BYOK for AI Mentor.
2026-04-22 14:12:07 [ERROR]: Gemini API Error in AI Mentor {"error":"[GoogleGenerativeAI Error]: Error fetching from https://generativelanguage.googleapis.com/v1beta/models/gemini-1.5-flash:generateContent: [404 Not Found] models/gemini-1.5-flash is not found for API version v1beta, or is not supported for generateContent. Call ListModels to see the list of available models and their supported methods."}
2026-04-22 14:12:07 [INFO]: [0mPOST /api/problems/69b551a430f4ccf0382a10a6/nudge [32m200[0m 270.876 ms - 62[0m
2026-04-22 14:12:08 [INFO]: User 69b55b4c2a4ff06cb7d760fa using BYOK for AI Mentor.
2026-04-22 14:12:08 [WARN]: Redis error — leaderboard will use MongoDB fallback {"error":"getaddrinfo ENOTFOUND mint-starling-71225.upstash.io"}
2026-04-22 14:12:08 [ERROR]: Gemini API Error in AI Mentor {"error":"[GoogleGenerativeAI Error]: Error fetching from https://generativelanguage.googleapis.com/v1beta/models/gemini-1.5-flash:generateContent: [404 Not Found] models/gemini-1.5-flash is not found for API version v1beta, or is not supported for generateContent. Call ListModels to see the list of available models and their supported methods."}
2026-04-22 14:12:08 [INFO]: [0mPOST /api/problems/69b551a430f4ccf0382a10a6/nudge [32m200[0m 211.151 ms - 69[0m
2026-04-22 14:12:08 [INFO]: User 69b55b4c2a4ff06cb7d760fa using BYOK for AI Mentor.
2026-04-22 14:12:08 [ERROR]: Gemini API Error in AI Mentor {"error":"[GoogleGenerativeAI Error]: Error fetching from https://generativelanguage.googleapis.com/v1beta/models/gemini-1.5-flash:generateContent: [404 Not Found] models/gemini-1.5-flash is not found for API version v1beta, or is not supported for generateContent. Call ListModels to see the list of available models and their supported methods."}
2026-04-22 14:12:08 [INFO]: [0mPOST /api/problems/69b551a430f4ccf0382a10a6/nudge [32m200[0m 186.399 ms - 67[0m
2026-04-22 14:12:09 [INFO]: User 69b55b4c2a4ff06cb7d760fa using BYOK for AI Mentor.
2026-04-22 14:12:09 [ERROR]: Gemini API Error in AI Mentor {"error":"[GoogleGenerativeAI Error]: Error fetching from https://generativelanguage.googleapis.com/v1beta/models/gemini-1.5-flash:generateContent: [404 Not Found] models/gemini-1.5-flash is not found for API version v1beta, or is not supported for generateContent. Call ListModels to see the list of available models and their supported methods."}
2026-04-22 14:12:09 [INFO]: [0mPOST /api/problems/69b551a430f4ccf0382a10a6/nudge [32m200[0m 207.776 ms - 62[0m
2026-04-22 14:12:10 [WARN]: Redis error — leaderboard will use MongoDB fallback {"error":"getaddrinfo ENOTFOUND mint-starling-71225.upstash.io"}
2026-04-22 14:12:10 [INFO]: User 69b55b4c2a4ff06cb7d760fa using BYOK for AI Mentor.
2026-04-22 14:12:10 [ERROR]: Gemini API Error in AI Mentor {"error":"[GoogleGenerativeAI Error]: Error fetching from https://generativelanguage.googleapis.com/v1beta/models/gemini-1.5-flash:generateContent: [404 Not Found] models/gemini-1.5-flash is not found for API version v1beta, or is not supported for generateContent. Call ListModels to see the list of available models and their supported methods."}
2026-04-22 14:12:10 [INFO]: [0mPOST /api/problems/69b551a430f4ccf0382a10a6/nudge [32m200[0m 178.952 ms - 67[0m
2026-04-22 14:12:11 [INFO]: User 69b55b4c2a4ff06cb7d760fa using BYOK for AI Mentor.
2026-04-22 14:12:11 [ERROR]: Gemini API Error in AI Mentor {"error":"[GoogleGenerativeAI Error]: Error fetching from https://generativelanguage.googleapis.com/v1beta/models/gemini-1.5-flash:generateContent: [404 Not Found] models/gemini-1.5-flash is not found for API version v1beta, or is not supported for generateContent. Call ListModels to see the list of available models and their supported methods."}
2026-04-22 14:12:11 [INFO]: [0mPOST /api/problems/69b551a430f4ccf0382a10a6/nudge [32m200[0m 160.095 ms - 67[0m
2026-04-22 14:12:12 [INFO]: User 69b55b4c2a4ff06cb7d760fa using BYOK for AI Mentor.
2026-04-22 14:12:12 [WARN]: Redis error — leaderboard will use MongoDB fallback {"error":"getaddrinfo ENOTFOUND mint-starling-71225.upstash.io"}
2026-04-22 14:12:12 [ERROR]: Gemini API Error in AI Mentor {"error":"[GoogleGenerativeAI Error]: Error fetching from https://generativelanguage.googleapis.com/v1beta/models/gemini-1.5-flash:generateContent: [404 Not Found] models/gemini-1.5-flash is not found for API version v1beta, or is not supported for generateContent. Call ListModels to see the list of available models and their supported methods."}
2026-04-22 14:12:12 [INFO]: [0mPOST /api/problems/69b551a430f4ccf0382a10a6/nudge [32m200[0m 190.985 ms - 69[0m
2026-04-22 14:12:12 [INFO]: User 69b55b4c2a4ff06cb7d760fa using BYOK for AI Mentor.
2026-04-22 14:12:12 [ERROR]: Gemini API Error in AI Mentor {"error":"[GoogleGenerativeAI Error]: Error fetching from https://generativelanguage.googleapis.com/v1beta/models/gemini-1.5-flash:generateContent: [404 Not Found] models/gemini-1.5-flash is not found for API version v1beta, or is not supported for generateContent. Call ListModels to see the list of available models and their supported methods."}
2026-04-22 14:12:12 [INFO]: [0mPOST /api/problems/69b551a430f4ccf0382a10a6/nudge [32m200[0m 178.484 ms - 67[0m
2026-04-22 14:12:13 [INFO]: User 69b55b4c2a4ff06cb7d760fa using BYOK for AI Mentor.
2026-04-22 14:12:13 [ERROR]: Gemini API Error in AI Mentor {"error":"[GoogleGenerativeAI Error]: Error fetching from https://generativelanguage.googleapis.com/v1beta/models/gemini-1.5-flash:generateContent: [404 Not Found] models/gemini-1.5-flash is not found for API version v1beta, or is not supported for generateContent. Call ListModels to see the list of available models and their supported methods."}
2026-04-22 14:12:13 [INFO]: [0mPOST /api/problems/69b551a430f4ccf0382a10a6/nudge [32m200[0m 177.455 ms - 62[0m
2026-04-22 14:12:13 [INFO]: User 69b55b4c2a4ff06cb7d760fa using BYOK for AI Mentor.
2026-04-22 14:12:14 [ERROR]: Gemini API Error in AI Mentor {"error":"[GoogleGenerativeAI Error]: Error fetching from https://generativelanguage.googleapis.com/v1beta/models/gemini-1.5-flash:generateContent: [404 Not Found] models/gemini-1.5-flash is not found for API version v1beta, or is not supported for generateContent. Call ListModels to see the list of available models and their supported methods."}
2026-04-22 14:12:14 [INFO]: [0mPOST /api/problems/69b551a430f4ccf0382a10a6/nudge [32m200[0m 184.869 ms - 69[0m
2026-04-22 14:12:14 [WARN]: Redis error — leaderboard will use MongoDB fallback {"error":"getaddrinfo ENOTFOUND mint-starling-71225.upstash.io"}
2026-04-22 14:12:14 [INFO]: User 69b55b4c2a4ff06cb7d760fa using BYOK for AI Mentor.
2026-04-22 14:12:14 [ERROR]: Gemini API Error in AI Mentor {"error":"[GoogleGenerativeAI Error]: Error fetching from https://generativelanguage.googleapis.com/v1beta/models/gemini-1.5-flash:generateContent: [404 Not Found] models/gemini-1.5-flash is not found for API version v1beta, or is not supported for generateContent. Call ListModels to see the list of available models and their supported methods."}
2026-04-22 14:12:14 [INFO]: [0mPOST /api/problems/69b551a430f4ccf0382a10a6/nudge [32m200[0m 188.365 ms - 67[0m
2026-04-22 14:12:16 [WARN]: Redis error — leaderboard will use MongoDB fallback {"error":"getaddrinfo ENOTFOUND mint-starling-71225.upstash.io"}
2026-04-22 14:12:18 [WARN]: Redis error — leaderboard will use MongoDB fallback {"error":"getaddrinfo ENOTFOUND mint-starling-71225.upstash.io"}
2026-04-22 14:12:20 [WARN]: Redis error — leaderboard will use MongoDB fallback {"error":"getaddrinfo ENOTFOUND mint-starling-71225.upstash.io"}
2026-04-22 14:12:22 [WARN]: Redis error — leaderboard will use MongoDB fallback {"error":"getaddrinfo ENOTFOUND mint-starling-71225.upstash.io"}
2026-04-22 14:12:24 [WARN]: Redis error — leaderboard will use MongoDB fallback {"error":"getaddrinfo ENOTFOUND mint-starling-71225.upstash.io"}
2026-04-22 14:12:26 [WARN]: Redis error — leaderboard will use MongoDB fallback {"error":"getaddrinfo ENOTFOUND mint-starling-71225.upstash.io"}
2026-04-22 14:12:28 [WARN]: Redis error — leaderboard will use MongoDB fallback {"error":"getaddrinfo ENOTFOUND mint-starling-71225.upstash.io"}
2026-04-22 14:12:30 [WARN]: Redis error — leaderboard will use MongoDB fallback {"error":"getaddrinfo ENOTFOUND mint-starling-71225.upstash.io"}
2026-04-22 14:12:32 [WARN]: Redis error — leaderboard will use MongoDB fallback {"error":"getaddrinfo ENOTFOUND mint-starling-71225.upstash.io"}
2026-04-22 14:12:34 [WARN]: Redis error — leaderboard will use MongoDB fallback {"error":"getaddrinfo ENOTFOUND mint-starling-71225.upstash.io"}
2026-04-22 14:12:36 [WARN]: Redis error — leaderboard will use MongoDB fallback {"error":"getaddrinfo ENOTFOUND mint-starling-71225.upstash.io"}
2026-04-22 14:12:38 [WARN]: Redis error — leaderboard will use MongoDB fallback {"error":"getaddrinfo ENOTFOUND mint-starling-71225.upstash.io"}
2026-04-22 14:12:40 [WARN]: Redis error — leaderboard will use MongoDB fallback {"error":"getaddrinfo ENOTFOUND mint-starling-71225.upstash.io"}
2026-04-22 14:12:42 [WARN]: Redis error — leaderboard will use MongoDB fallback {"error":"getaddrinfo ENOTFOUND mint-starling-71225.upstash.io"}
2026-04-22 14:12:44 [WARN]: Redis error — leaderboard will use MongoDB fallback {"error":"getaddrinfo ENOTFOUND mint-starling-71225.upstash.io"}
2026-04-22 14:12:46 [WARN]: Redis error — leaderboard will use MongoDB fallback {"error":"getaddrinfo ENOTFOUND mint-starling-71225.upstash.io"}
2026-04-22 14:12:48 [WARN]: Redis error — leaderboard will use MongoDB fallback {"error":"getaddrinfo ENOTFOUND mint-starling-71225.upstash.io"}
2026-04-22 14:12:50 [WARN]: Redis error — leaderboard will use MongoDB fallback {"error":"getaddrinfo ENOTFOUND mint-starling-71225.upstash.io"}
2026-04-22 14:12:52 [WARN]: Redis error — leaderboard will use MongoDB fallback {"error":"getaddrinfo ENOTFOUND mint-starling-71225.upstash.io"}
2026-04-22 14:12:54 [WARN]: Redis error — leaderboard will use MongoDB fallback {"error":"getaddrinfo ENOTFOUND mint-starling-71225.upstash.io"}
2026-04-22 14:12:56 [WARN]: Redis error — leaderboard will use MongoDB fallback {"error":"getaddrinfo ENOTFOUND mint-starling-71225.upstash.io"}
2026-04-22 14:12:58 [WARN]: Redis error — leaderboard will use MongoDB fallback {"error":"getaddrinfo ENOTFOUND mint-starling-71225.upstash.io"}
2026-04-22 14:13:00 [WARN]: Redis error — leaderboard will use MongoDB fallback {"error":"getaddrinfo ENOTFOUND mint-starling-71225.upstash.io"}
2026-04-22 14:13:02 [WARN]: Redis error — leaderboard will use MongoDB fallback {"error":"getaddrinfo ENOTFOUND mint-starling-71225.upstash.io"}
2026-04-22 14:13:04 [WARN]: Redis error — leaderboard will use MongoDB fallback {"error":"getaddrinfo ENOTFOUND mint-starling-71225.upstash.io"}
2026-04-22 14:13:06 [WARN]: Redis error — leaderboard will use MongoDB fallback {"error":"getaddrinfo ENOTFOUND mint-starling-71225.upstash.io"}
2026-04-22 14:13:08 [WARN]: Redis error — leaderboard will use MongoDB fallback {"error":"getaddrinfo ENOTFOUND mint-starling-71225.upstash.io"}
2026-04-22 14:13:10 [WARN]: Redis error — leaderboard will use MongoDB fallback {"error":"getaddrinfo ENOTFOUND mint-starling-71225.upstash.io"}
2026-04-22 14:13:12 [WARN]: Redis error — leaderboard will use MongoDB fallback {"error":"getaddrinfo ENOTFOUND mint-starling-71225.upstash.io"}
2026-04-22 14:13:14 [WARN]: Redis error — leaderboard will use MongoDB fallback {"error":"getaddrinfo ENOTFOUND mint-starling-71225.upstash.io"}
2026-04-22 14:13:16 [WARN]: Redis error — leaderboard will use MongoDB fallback {"error":"getaddrinfo ENOTFOUND mint-starling-71225.upstash.io"}
2026-04-22 14:13:18 [WARN]: Redis error — leaderboard will use MongoDB fallback {"error":"getaddrinfo ENOTFOUND mint-starling-71225.upstash.io"}
2026-04-22 14:13:20 [WARN]: Redis error — leaderboard will use MongoDB fallback {"error":"getaddrinfo ENOTFOUND mint-starling-71225.upstash.io"}
2026-04-22 14:13:22 [WARN]: Redis error — leaderboard will use MongoDB fallback {"error":"getaddrinfo ENOTFOUND mint-starling-71225.upstash.io"}
2026-04-22 14:13:24 [WARN]: Redis error — leaderboard will use MongoDB fallback {"error":"getaddrinfo ENOTFOUND mint-starling-71225.upstash.io"}
2026-04-22 14:13:26 [WARN]: Redis error — leaderboard will use MongoDB fallback {"error":"getaddrinfo ENOTFOUND mint-starling-71225.upstash.io"}
2026-04-22 14:13:28 [WARN]: Redis error — leaderboard will use MongoDB fallback {"error":"getaddrinfo ENOTFOUND mint-starling-71225.upstash.io"}
2026-04-22 14:13:30 [WARN]: Redis error — leaderboard will use MongoDB fallback {"error":"getaddrinfo ENOTFOUND mint-starling-71225.upstash.io"}
2026-04-22 14:13:32 [WARN]: Redis error — leaderboard will use MongoDB fallback {"error":"getaddrinfo ENOTFOUND mint-starling-71225.upstash.io"}
2026-04-22 14:13:34 [WARN]: Redis error — leaderboard will use MongoDB fallback {"error":"getaddrinfo ENOTFOUND mint-starling-71225.upstash.io"}
2026-04-22 14:13:36 [WARN]: Redis error — leaderboard will use MongoDB fallback {"error":"getaddrinfo ENOTFOUND mint-starling-71225.upstash.io"}
2026-04-22 14:13:38 [WARN]: Redis error — leaderboard will use MongoDB fallback {"error":"getaddrinfo ENOTFOUND mint-starling-71225.upstash.io"}
2026-04-22 14:13:40 [WARN]: Redis error — leaderboard will use MongoDB fallback {"error":"getaddrinfo ENOTFOUND mint-starling-71225.upstash.io"}
2026-04-22 14:13:42 [WARN]: Redis error — leaderboard will use MongoDB fallback {"error":"getaddrinfo ENOTFOUND mint-starling-71225.upstash.io"}
2026-04-22 14:13:44 [WARN]: Redis error — leaderboard will use MongoDB fallback {"error":"getaddrinfo ENOTFOUND mint-starling-71225.upstash.io"}
2026-04-22 14:13:46 [WARN]: Redis error — leaderboard will use MongoDB fallback {"error":"getaddrinfo ENOTFOUND mint-starling-71225.upstash.io"}
2026-04-22 14:13:48 [WARN]: Redis error — leaderboard will use MongoDB fallback {"error":"getaddrinfo ENOTFOUND mint-starling-71225.upstash.io"}
2026-04-22 14:13:50 [WARN]: Redis error — leaderboard will use MongoDB fallback {"error":"getaddrinfo ENOTFOUND mint-starling-71225.upstash.io"}
2026-04-22 14:13:52 [WARN]: Redis error — leaderboard will use MongoDB fallback {"error":"getaddrinfo ENOTFOUND mint-starling-71225.upstash.io"}
2026-04-22 14:13:54 [WARN]: Redis error — leaderboard will use MongoDB fallback {"error":"getaddrinfo ENOTFOUND mint-starling-71225.upstash.io"}
2026-04-22 14:13:56 [WARN]: Redis error — leaderboard will use MongoDB fallback {"error":"getaddrinfo ENOTFOUND mint-starling-71225.upstash.io"}
2026-04-22 14:13:58 [WARN]: Redis error — leaderboard will use MongoDB fallback {"error":"getaddrinfo ENOTFOUND mint-starling-71225.upstash.io"}
2026-04-22 14:14:00 [WARN]: Redis error — leaderboard will use MongoDB fallback {"error":"getaddrinfo ENOTFOUND mint-starling-71225.upstash.io"}
2026-04-22 14:14:02 [WARN]: Redis error — leaderboard will use MongoDB fallback {"error":"getaddrinfo ENOTFOUND mint-starling-71225.upstash.io"}
2026-04-22 14:14:04 [WARN]: Redis error — leaderboard will use MongoDB fallback {"error":"getaddrinfo ENOTFOUND mint-starling-71225.upstash.io"}
2026-04-22 14:14:06 [WARN]: Redis error — leaderboard will use MongoDB fallback {"error":"getaddrinfo ENOTFOUND mint-starling-71225.upstash.io"}
2026-04-22 14:14:08 [WARN]: Redis error — leaderboard will use MongoDB fallback {"error":"getaddrinfo ENOTFOUND mint-starling-71225.upstash.io"}
2026-04-22 14:14:10 [INFO]: [0mGET /api/users/profile [32m200[0m 62.772 ms - 11750[0m
2026-04-22 14:14:10 [INFO]: [0mGET /api/skills/my-states [36m304[0m 63.446 ms - -[0m
2026-04-22 14:14:10 [INFO]: [0mGET /api/skills/my-states [36m304[0m 58.988 ms - -[0m
2026-04-22 14:14:10 [INFO]: [0mGET /api/users/profile [36m304[0m 68.664 ms - -[0m
2026-04-22 14:14:10 [INFO]: [0mGET /api/submissions/history?limit=10 [36m304[0m 257.072 ms - -[0m
2026-04-22 14:14:10 [INFO]: [0mGET /api/users/recommendations [36m304[0m 273.598 ms - -[0m
2026-04-22 14:14:10 [INFO]: [0mGET /api/submissions/history?limit=10 [36m304[0m 80.853 ms - -[0m
2026-04-22 14:14:10 [INFO]: [0mGET /api/users/recommendations [36m304[0m 85.039 ms - -[0m
2026-04-22 14:14:10 [WARN]: Redis error — leaderboard will use MongoDB fallback {"error":"getaddrinfo ENOTFOUND mint-starling-71225.upstash.io"}
2026-04-22 14:14:11 [INFO]: [0mGET /api/skills/my-states [36m304[0m 57.395 ms - -[0m
2026-04-22 14:14:11 [INFO]: [0mGET /api/users/recommendations [36m304[0m 77.893 ms - -[0m
2026-04-22 14:14:11 [INFO]: [0mGET /api/skills/my-states [36m304[0m 58.929 ms - -[0m
2026-04-22 14:14:11 [INFO]: [0mGET /api/users/recommendations [36m304[0m 102.061 ms - -[0m
2026-04-22 14:14:12 [INFO]: [0mGET /api/skills [36m304[0m 51.658 ms - -[0m
2026-04-22 14:14:12 [INFO]: [0mGET /api/problems?page=1&limit=15 [36m304[0m 92.545 ms - -[0m
2026-04-22 14:14:12 [INFO]: [0mGET /api/skills [36m304[0m 53.180 ms - -[0m
2026-04-22 14:14:12 [INFO]: [0mGET /api/problems?page=1&limit=15 [36m304[0m 135.700 ms - -[0m
2026-04-22 14:14:12 [WARN]: Redis error — leaderboard will use MongoDB fallback {"error":"getaddrinfo ENOTFOUND mint-starling-71225.upstash.io"}
2026-04-22 14:14:13 [INFO]: [0mGET /api/problems?page=1&limit=15&difficulty=easy [32m200[0m 88.601 ms - 16978[0m
2026-04-22 14:14:14 [INFO]: [0mGET /api/problems/69b551a430f4ccf0382a10a9 [32m200[0m 80.471 ms - 1857[0m
2026-04-22 14:14:14 [INFO]: [0mGET /api/problems/69b551a430f4ccf0382a10a9 [36m304[0m 81.666 ms - -[0m
2026-04-22 14:14:14 [WARN]: Redis error — leaderboard will use MongoDB fallback {"error":"getaddrinfo ENOTFOUND mint-starling-71225.upstash.io"}
2026-04-22 14:14:16 [WARN]: Redis error — leaderboard will use MongoDB fallback {"error":"getaddrinfo ENOTFOUND mint-starling-71225.upstash.io"}
2026-04-22 14:14:18 [WARN]: Redis error — leaderboard will use MongoDB fallback {"error":"getaddrinfo ENOTFOUND mint-starling-71225.upstash.io"}
2026-04-22 14:14:20 [WARN]: Redis error — leaderboard will use MongoDB fallback {"error":"getaddrinfo ENOTFOUND mint-starling-71225.upstash.io"}
2026-04-22 14:14:22 [WARN]: Redis error — leaderboard will use MongoDB fallback {"error":"getaddrinfo ENOTFOUND mint-starling-71225.upstash.io"}
2026-04-22 14:14:24 [WARN]: Redis error — leaderboard will use MongoDB fallback {"error":"getaddrinfo ENOTFOUND mint-starling-71225.upstash.io"}
2026-04-22 14:14:26 [WARN]: Redis error — leaderboard will use MongoDB fallback {"error":"getaddrinfo ENOTFOUND mint-starling-71225.upstash.io"}
2026-04-22 14:14:29 [WARN]: Redis error — leaderboard will use MongoDB fallback {"error":"getaddrinfo ENOTFOUND mint-starling-71225.upstash.io"}
2026-04-22 14:14:31 [WARN]: Redis error — leaderboard will use MongoDB fallback {"error":"getaddrinfo ENOTFOUND mint-starling-71225.upstash.io"}
2026-04-22 14:14:33 [WARN]: Redis error — leaderboard will use MongoDB fallback {"error":"getaddrinfo ENOTFOUND mint-starling-71225.upstash.io"}
2026-04-22 14:14:35 [WARN]: Redis error — leaderboard will use MongoDB fallback {"error":"getaddrinfo ENOTFOUND mint-starling-71225.upstash.io"}
2026-04-22 14:14:37 [WARN]: Redis error — leaderboard will use MongoDB fallback {"error":"getaddrinfo ENOTFOUND mint-starling-71225.upstash.io"}
2026-04-22 14:14:39 [WARN]: Redis error — leaderboard will use MongoDB fallback {"error":"getaddrinfo ENOTFOUND mint-starling-71225.upstash.io"}
2026-04-22 14:14:39 [INFO]: User 69b55b4c2a4ff06cb7d760fa using BYOK for AI Mentor.
2026-04-22 14:14:39 [ERROR]: Gemini API Error in AI Mentor {"error":"[GoogleGenerativeAI Error]: Error fetching from https://generativelanguage.googleapis.com/v1beta/models/gemini-1.5-flash:generateContent: [404 Not Found] models/gemini-1.5-flash is not found for API version v1beta, or is not supported for generateContent. Call ListModels to see the list of available models and their supported methods."}
2026-04-22 14:14:39 [INFO]: [0mPOST /api/problems/69b551a430f4ccf0382a10a9/nudge [32m200[0m 263.406 ms - 97[0m
2026-04-22 14:14:41 [WARN]: Redis error — leaderboard will use MongoDB fallback {"error":"getaddrinfo ENOTFOUND mint-starling-71225.upstash.io"}
2026-04-22 14:14:43 [WARN]: Redis error — leaderboard will use MongoDB fallback {"error":"getaddrinfo ENOTFOUND mint-starling-71225.upstash.io"}
2026-04-22 14:14:45 [WARN]: Redis error — leaderboard will use MongoDB fallback {"error":"getaddrinfo ENOTFOUND mint-starling-71225.upstash.io"}
2026-04-22 14:14:47 [WARN]: Redis error — leaderboard will use MongoDB fallback {"error":"getaddrinfo ENOTFOUND mint-starling-71225.upstash.io"}
2026-04-22 14:14:49 [WARN]: Redis error — leaderboard will use MongoDB fallback {"error":"getaddrinfo ENOTFOUND mint-starling-71225.upstash.io"}
2026-04-22 14:14:51 [WARN]: Redis error — leaderboard will use MongoDB fallback {"error":"getaddrinfo ENOTFOUND mint-starling-71225.upstash.io"}
2026-04-22 14:14:53 [WARN]: Redis error — leaderboard will use MongoDB fallback {"error":"getaddrinfo ENOTFOUND mint-starling-71225.upstash.io"}
2026-04-22 14:14:55 [WARN]: Redis error — leaderboard will use MongoDB fallback {"error":"getaddrinfo ENOTFOUND mint-starling-71225.upstash.io"}
2026-04-22 14:14:57 [WARN]: Redis error — leaderboard will use MongoDB fallback {"error":"getaddrinfo ENOTFOUND mint-starling-71225.upstash.io"}
2026-04-22 14:14:59 [WARN]: Redis error — leaderboard will use MongoDB fallback {"error":"getaddrinfo ENOTFOUND mint-starling-71225.upstash.io"}
2026-04-22 14:15:01 [WARN]: Redis error — leaderboard will use MongoDB fallback {"error":"getaddrinfo ENOTFOUND mint-starling-71225.upstash.io"}
2026-04-22 14:15:03 [WARN]: Redis error — leaderboard will use MongoDB fallback {"error":"getaddrinfo ENOTFOUND mint-starling-71225.upstash.io"}
2026-04-22 14:15:05 [WARN]: Redis error — leaderboard will use MongoDB fallback {"error":"getaddrinfo ENOTFOUND mint-starling-71225.upstash.io"}
2026-04-22 14:15:07 [WARN]: Redis error — leaderboard will use MongoDB fallback {"error":"getaddrinfo ENOTFOUND mint-starling-71225.upstash.io"}
2026-04-22 14:15:09 [WARN]: Redis error — leaderboard will use MongoDB fallback {"error":"getaddrinfo ENOTFOUND mint-starling-71225.upstash.io"}
2026-04-22 14:15:11 [WARN]: Redis error — leaderboard will use MongoDB fallback {"error":"getaddrinfo ENOTFOUND mint-starling-71225.upstash.io"}
2026-04-22 14:15:13 [WARN]: Redis error — leaderboard will use MongoDB fallback {"error":"getaddrinfo ENOTFOUND mint-starling-71225.upstash.io"}
2026-04-22 14:15:15 [WARN]: Redis error — leaderboard will use MongoDB fallback {"error":"getaddrinfo ENOTFOUND mint-starling-71225.upstash.io"}
2026-04-22 14:15:17 [WARN]: Redis error — leaderboard will use MongoDB fallback {"error":"getaddrinfo ENOTFOUND mint-starling-71225.upstash.io"}
2026-04-22 14:15:19 [WARN]: Redis error — leaderboard will use MongoDB fallback {"error":"getaddrinfo ENOTFOUND mint-starling-71225.upstash.io"}
2026-04-22 14:15:21 [WARN]: Redis error — leaderboard will use MongoDB fallback {"error":"getaddrinfo ENOTFOUND mint-starling-71225.upstash.io"}
2026-04-22 14:15:23 [WARN]: Redis error — leaderboard will use MongoDB fallback {"error":"getaddrinfo ENOTFOUND mint-starling-71225.upstash.io"}
2026-04-22 14:15:25 [WARN]: Redis error — leaderboard will use MongoDB fallback {"error":"getaddrinfo ENOTFOUND mint-starling-71225.upstash.io"}
2026-04-22 14:15:27 [WARN]: Redis error — leaderboard will use MongoDB fallback {"error":"getaddrinfo ENOTFOUND mint-starling-71225.upstash.io"}
2026-04-22 14:15:29 [WARN]: Redis error — leaderboard will use MongoDB fallback {"error":"getaddrinfo ENOTFOUND mint-starling-71225.upstash.io"}
2026-04-22 14:15:31 [WARN]: Redis error — leaderboard will use MongoDB fallback {"error":"getaddrinfo ENOTFOUND mint-starling-71225.upstash.io"}
2026-04-22 14:15:33 [WARN]: Redis error — leaderboard will use MongoDB fallback {"error":"getaddrinfo ENOTFOUND mint-starling-71225.upstash.io"}
2026-04-22 14:15:35 [WARN]: Redis error — leaderboard will use MongoDB fallback {"error":"getaddrinfo ENOTFOUND mint-starling-71225.upstash.io"}
2026-04-22 14:15:37 [WARN]: Redis error — leaderboard will use MongoDB fallback {"error":"getaddrinfo ENOTFOUND mint-starling-71225.upstash.io"}
2026-04-22 14:15:39 [WARN]: Redis error — leaderboard will use MongoDB fallback {"error":"getaddrinfo ENOTFOUND mint-starling-71225.upstash.io"}
2026-04-22 14:15:41 [WARN]: Redis error — leaderboard will use MongoDB fallback {"error":"getaddrinfo ENOTFOUND mint-starling-71225.upstash.io"}
2026-04-22 14:15:43 [WARN]: Redis error — leaderboard will use MongoDB fallback {"error":"getaddrinfo ENOTFOUND mint-starling-71225.upstash.io"}
2026-04-22 14:15:45 [WARN]: Redis error — leaderboard will use MongoDB fallback {"error":"getaddrinfo ENOTFOUND mint-starling-71225.upstash.io"}
2026-04-22 14:15:47 [WARN]: Redis error — leaderboard will use MongoDB fallback {"error":"getaddrinfo ENOTFOUND mint-starling-71225.upstash.io"}
2026-04-22 14:15:49 [WARN]: Redis error — leaderboard will use MongoDB fallback {"error":"getaddrinfo ENOTFOUND mint-starling-71225.upstash.io"}
2026-04-22 14:15:51 [WARN]: Redis error — leaderboard will use MongoDB fallback {"error":"getaddrinfo ENOTFOUND mint-starling-71225.upstash.io"}
2026-04-22 14:15:53 [WARN]: Redis error — leaderboard will use MongoDB fallback {"error":"getaddrinfo ENOTFOUND mint-starling-71225.upstash.io"}
2026-04-22 14:15:55 [WARN]: Redis error — leaderboard will use MongoDB fallback {"error":"getaddrinfo ENOTFOUND mint-starling-71225.upstash.io"}
2026-04-22 14:15:57 [WARN]: Redis error — leaderboard will use MongoDB fallback {"error":"getaddrinfo ENOTFOUND mint-starling-71225.upstash.io"}
2026-04-22 14:15:59 [WARN]: Redis error — leaderboard will use MongoDB fallback {"error":"getaddrinfo ENOTFOUND mint-starling-71225.upstash.io"}
2026-04-22 14:16:01 [WARN]: Redis error — leaderboard will use MongoDB fallback {"error":"getaddrinfo ENOTFOUND mint-starling-71225.upstash.io"}
2026-04-22 14:16:03 [WARN]: Redis error — leaderboard will use MongoDB fallback {"error":"getaddrinfo ENOTFOUND mint-starling-71225.upstash.io"}
2026-04-22 14:16:05 [WARN]: Redis error — leaderboard will use MongoDB fallback {"error":"getaddrinfo ENOTFOUND mint-starling-71225.upstash.io"}
2026-04-22 14:16:07 [WARN]: Redis error — leaderboard will use MongoDB fallback {"error":"getaddrinfo ENOTFOUND mint-starling-71225.upstash.io"}
2026-04-22 14:16:09 [WARN]: Redis error — leaderboard will use MongoDB fallback {"error":"getaddrinfo ENOTFOUND mint-starling-71225.upstash.io"}
2026-04-22 14:16:11 [WARN]: Redis error — leaderboard will use MongoDB fallback {"error":"getaddrinfo ENOTFOUND mint-starling-71225.upstash.io"}
2026-04-22 14:16:13 [WARN]: Redis error — leaderboard will use MongoDB fallback {"error":"getaddrinfo ENOTFOUND mint-starling-71225.upstash.io"}
2026-04-22 14:16:15 [WARN]: Redis error — leaderboard will use MongoDB fallback {"error":"getaddrinfo ENOTFOUND mint-starling-71225.upstash.io"}
2026-04-22 14:16:17 [WARN]: Redis error — leaderboard will use MongoDB fallback {"error":"getaddrinfo ENOTFOUND mint-starling-71225.upstash.io"}
2026-04-22 14:16:19 [WARN]: Redis error — leaderboard will use MongoDB fallback {"error":"getaddrinfo ENOTFOUND mint-starling-71225.upstash.io"}
2026-04-22 14:16:21 [WARN]: Redis error — leaderboard will use MongoDB fallback {"error":"getaddrinfo ENOTFOUND mint-starling-71225.upstash.io"}
2026-04-22 14:16:23 [WARN]: Redis error — leaderboard will use MongoDB fallback {"error":"getaddrinfo ENOTFOUND mint-starling-71225.upstash.io"}
2026-04-22 14:16:25 [WARN]: Redis error — leaderboard will use MongoDB fallback {"error":"getaddrinfo ENOTFOUND mint-starling-71225.upstash.io"}
2026-04-22 14:16:27 [WARN]: Redis error — leaderboard will use MongoDB fallback {"error":"getaddrinfo ENOTFOUND mint-starling-71225.upstash.io"}
2026-04-22 14:16:29 [WARN]: Redis error — leaderboard will use MongoDB fallback {"error":"getaddrinfo ENOTFOUND mint-starling-71225.upstash.io"}
2026-04-22 14:16:31 [WARN]: Redis error — leaderboard will use MongoDB fallback {"error":"getaddrinfo ENOTFOUND mint-starling-71225.upstash.io"}
2026-04-22 14:16:33 [WARN]: Redis error — leaderboard will use MongoDB fallback {"error":"getaddrinfo ENOTFOUND mint-starling-71225.upstash.io"}
2026-04-22 14:16:35 [WARN]: Redis error — leaderboard will use MongoDB fallback {"error":"getaddrinfo ENOTFOUND mint-starling-71225.upstash.io"}
2026-04-22 14:16:37 [WARN]: Redis error — leaderboard will use MongoDB fallback {"error":"getaddrinfo ENOTFOUND mint-starling-71225.upstash.io"}
2026-04-22 14:16:39 [WARN]: Redis error — leaderboard will use MongoDB fallback {"error":"getaddrinfo ENOTFOUND mint-starling-71225.upstash.io"}
2026-04-22 14:16:41 [WARN]: Redis error — leaderboard will use MongoDB fallback {"error":"getaddrinfo ENOTFOUND mint-starling-71225.upstash.io"}
2026-04-22 14:16:43 [WARN]: Redis error — leaderboard will use MongoDB fallback {"error":"getaddrinfo ENOTFOUND mint-starling-71225.upstash.io"}
2026-04-22 14:16:45 [WARN]: Redis error — leaderboard will use MongoDB fallback {"error":"getaddrinfo ENOTFOUND mint-starling-71225.upstash.io"}
2026-04-22 14:16:47 [WARN]: Redis error — leaderboard will use MongoDB fallback {"error":"getaddrinfo ENOTFOUND mint-starling-71225.upstash.io"}
2026-04-22 14:16:49 [WARN]: Redis error — leaderboard will use MongoDB fallback {"error":"getaddrinfo ENOTFOUND mint-starling-71225.upstash.io"}
2026-04-22 14:16:51 [WARN]: Redis error — leaderboard will use MongoDB fallback {"error":"getaddrinfo ENOTFOUND mint-starling-71225.upstash.io"}
2026-04-22 14:16:53 [WARN]: Redis error — leaderboard will use MongoDB fallback {"error":"getaddrinfo ENOTFOUND mint-starling-71225.upstash.io"}
2026-04-22 14:16:55 [WARN]: Redis error — leaderboard will use MongoDB fallback {"error":"getaddrinfo ENOTFOUND mint-starling-71225.upstash.io"}
2026-04-22 14:16:57 [WARN]: Redis error — leaderboard will use MongoDB fallback {"error":"getaddrinfo ENOTFOUND mint-starling-71225.upstash.io"}
2026-04-22 14:16:59 [WARN]: Redis error — leaderboard will use MongoDB fallback {"error":"getaddrinfo ENOTFOUND mint-starling-71225.upstash.io"}
2026-04-22 14:17:01 [WARN]: Redis error — leaderboard will use MongoDB fallback {"error":"getaddrinfo ENOTFOUND mint-starling-71225.upstash.io"}
2026-04-22 14:17:03 [WARN]: Redis error — leaderboard will use MongoDB fallback {"error":"getaddrinfo ENOTFOUND mint-starling-71225.upstash.io"}
2026-04-22 14:17:05 [WARN]: Redis error — leaderboard will use MongoDB fallback {"error":"getaddrinfo ENOTFOUND mint-starling-71225.upstash.io"}
2026-04-22 14:17:07 [WARN]: Redis error — leaderboard will use MongoDB fallback {"error":"getaddrinfo ENOTFOUND mint-starling-71225.upstash.io"}
2026-04-22 14:17:09 [WARN]: Redis error — leaderboard will use MongoDB fallback {"error":"getaddrinfo ENOTFOUND mint-starling-71225.upstash.io"}
2026-04-22 14:17:11 [WARN]: Redis error — leaderboard will use MongoDB fallback {"error":"getaddrinfo ENOTFOUND mint-starling-71225.upstash.io"}
2026-04-22 14:17:13 [WARN]: Redis error — leaderboard will use MongoDB fallback {"error":"getaddrinfo ENOTFOUND mint-starling-71225.upstash.io"}
2026-04-22 14:17:16 [WARN]: Redis error — leaderboard will use MongoDB fallback {"error":"getaddrinfo ENOTFOUND mint-starling-71225.upstash.io"}
2026-04-22 14:17:18 [WARN]: Redis error — leaderboard will use MongoDB fallback {"error":"getaddrinfo ENOTFOUND mint-starling-71225.upstash.io"}
2026-04-22 14:17:20 [WARN]: Redis error — leaderboard will use MongoDB fallback {"error":"getaddrinfo ENOTFOUND mint-starling-71225.upstash.io"}
2026-04-22 14:17:22 [WARN]: Redis error — leaderboard will use MongoDB fallback {"error":"getaddrinfo ENOTFOUND mint-starling-71225.upstash.io"}
2026-04-22 14:17:24 [WARN]: Redis error — leaderboard will use MongoDB fallback {"error":"getaddrinfo ENOTFOUND mint-starling-71225.upstash.io"}
2026-04-22 14:17:26 [WARN]: Redis error — leaderboard will use MongoDB fallback {"error":"getaddrinfo ENOTFOUND mint-starling-71225.upstash.io"}
2026-04-22 14:17:28 [WARN]: Redis error — leaderboard will use MongoDB fallback {"error":"getaddrinfo ENOTFOUND mint-starling-71225.upstash.io"}
2026-04-22 14:17:30 [WARN]: Redis error — leaderboard will use MongoDB fallback {"error":"getaddrinfo ENOTFOUND mint-starling-71225.upstash.io"}
2026-04-22 14:17:32 [WARN]: Redis error — leaderboard will use MongoDB fallback {"error":"getaddrinfo ENOTFOUND mint-starling-71225.upstash.io"}
2026-04-22 14:17:34 [WARN]: Redis error — leaderboard will use MongoDB fallback {"error":"getaddrinfo ENOTFOUND mint-starling-71225.upstash.io"}
2026-04-22 14:17:36 [WARN]: Redis error — leaderboard will use MongoDB fallback {"error":"getaddrinfo ENOTFOUND mint-starling-71225.upstash.io"}
2026-04-22 14:17:38 [WARN]: Redis error — leaderboard will use MongoDB fallback {"error":"getaddrinfo ENOTFOUND mint-starling-71225.upstash.io"}
2026-04-22 14:17:40 [WARN]: Redis error — leaderboard will use MongoDB fallback {"error":"getaddrinfo ENOTFOUND mint-starling-71225.upstash.io"}
2026-04-22 14:17:42 [WARN]: Redis error — leaderboard will use MongoDB fallback {"error":"getaddrinfo ENOTFOUND mint-starling-71225.upstash.io"}
2026-04-22 14:17:44 [WARN]: Redis error — leaderboard will use MongoDB fallback {"error":"getaddrinfo ENOTFOUND mint-starling-71225.upstash.io"}
2026-04-22 14:17:46 [WARN]: Redis error — leaderboard will use MongoDB fallback {"error":"getaddrinfo ENOTFOUND mint-starling-71225.upstash.io"}
2026-04-22 14:17:48 [WARN]: Redis error — leaderboard will use MongoDB fallback {"error":"getaddrinfo ENOTFOUND mint-starling-71225.upstash.io"}
2026-04-22 14:17:50 [WARN]: Redis error — leaderboard will use MongoDB fallback {"error":"getaddrinfo ENOTFOUND mint-starling-71225.upstash.io"}
2026-04-22 14:17:52 [WARN]: Redis error — leaderboard will use MongoDB fallback {"error":"getaddrinfo ENOTFOUND mint-starling-71225.upstash.io"}
2026-04-22 14:17:54 [WARN]: Redis error — leaderboard will use MongoDB fallback {"error":"getaddrinfo ENOTFOUND mint-starling-71225.upstash.io"}
2026-04-22 14:17:56 [WARN]: Redis error — leaderboard will use MongoDB fallback {"error":"getaddrinfo ENOTFOUND mint-starling-71225.upstash.io"}
2026-04-22 14:17:58 [WARN]: Redis error — leaderboard will use MongoDB fallback {"error":"getaddrinfo ENOTFOUND mint-starling-71225.upstash.io"}
2026-04-22 14:18:00 [WARN]: Redis error — leaderboard will use MongoDB fallback {"error":"getaddrinfo ENOTFOUND mint-starling-71225.upstash.io"}
2026-04-22 14:18:02 [WARN]: Redis error — leaderboard will use MongoDB fallback {"error":"getaddrinfo ENOTFOUND mint-starling-71225.upstash.io"}
2026-04-22 14:18:04 [WARN]: Redis error — leaderboard will use MongoDB fallback {"error":"getaddrinfo ENOTFOUND mint-starling-71225.upstash.io"}
2026-04-22 14:18:06 [WARN]: Redis error — leaderboard will use MongoDB fallback {"error":"getaddrinfo ENOTFOUND mint-starling-71225.upstash.io"}
2026-04-22 14:18:08 [WARN]: Redis error — leaderboard will use MongoDB fallback {"error":"getaddrinfo ENOTFOUND mint-starling-71225.upstash.io"}
2026-04-22 14:18:10 [WARN]: Redis error — leaderboard will use MongoDB fallback {"error":"getaddrinfo ENOTFOUND mint-starling-71225.upstash.io"}
2026-04-22 14:18:12 [WARN]: Redis error — leaderboard will use MongoDB fallback {"error":"getaddrinfo ENOTFOUND mint-starling-71225.upstash.io"}
2026-04-22 14:18:14 [WARN]: Redis error — leaderboard will use MongoDB fallback {"error":"getaddrinfo ENOTFOUND mint-starling-71225.upstash.io"}
2026-04-22 14:18:16 [WARN]: Redis error — leaderboard will use MongoDB fallback {"error":"getaddrinfo ENOTFOUND mint-starling-71225.upstash.io"}
2026-04-22 14:18:18 [WARN]: Redis error — leaderboard will use MongoDB fallback {"error":"getaddrinfo ENOTFOUND mint-starling-71225.upstash.io"}
2026-04-22 14:18:20 [WARN]: Redis error — leaderboard will use MongoDB fallback {"error":"getaddrinfo ENOTFOUND mint-starling-71225.upstash.io"}
2026-04-22 14:18:22 [WARN]: Redis error — leaderboard will use MongoDB fallback {"error":"getaddrinfo ENOTFOUND mint-starling-71225.upstash.io"}
2026-04-22 14:18:24 [WARN]: Redis error — leaderboard will use MongoDB fallback {"error":"getaddrinfo ENOTFOUND mint-starling-71225.upstash.io"}
2026-04-22 14:18:26 [WARN]: Redis error — leaderboard will use MongoDB fallback {"error":"getaddrinfo ENOTFOUND mint-starling-71225.upstash.io"}
2026-04-22 14:18:28 [WARN]: Redis error — leaderboard will use MongoDB fallback {"error":"getaddrinfo ENOTFOUND mint-starling-71225.upstash.io"}
2026-04-22 14:18:30 [WARN]: Redis error — leaderboard will use MongoDB fallback {"error":"getaddrinfo ENOTFOUND mint-starling-71225.upstash.io"}
2026-04-22 14:18:32 [WARN]: Redis error — leaderboard will use MongoDB fallback {"error":"getaddrinfo ENOTFOUND mint-starling-71225.upstash.io"}
2026-04-22 14:18:34 [WARN]: Redis error — leaderboard will use MongoDB fallback {"error":"getaddrinfo ENOTFOUND mint-starling-71225.upstash.io"}
2026-04-22 14:18:36 [WARN]: Redis error — leaderboard will use MongoDB fallback {"error":"getaddrinfo ENOTFOUND mint-starling-71225.upstash.io"}
2026-04-22 14:18:38 [WARN]: Redis error — leaderboard will use MongoDB fallback {"error":"getaddrinfo ENOTFOUND mint-starling-71225.upstash.io"}
2026-04-22 14:18:40 [WARN]: Redis error — leaderboard will use MongoDB fallback {"error":"getaddrinfo ENOTFOUND mint-starling-71225.upstash.io"}
2026-04-22 14:18:42 [WARN]: Redis error — leaderboard will use MongoDB fallback {"error":"getaddrinfo ENOTFOUND mint-starling-71225.upstash.io"}
2026-04-22 14:18:44 [WARN]: Redis error — leaderboard will use MongoDB fallback {"error":"getaddrinfo ENOTFOUND mint-starling-71225.upstash.io"}
2026-04-22 14:18:46 [WARN]: Redis error — leaderboard will use MongoDB fallback {"error":"getaddrinfo ENOTFOUND mint-starling-71225.upstash.io"}
2026-04-22 14:18:48 [WARN]: Redis error — leaderboard will use MongoDB fallback {"error":"getaddrinfo ENOTFOUND mint-starling-71225.upstash.io"}
2026-04-22 14:18:50 [WARN]: Redis error — leaderboard will use MongoDB fallback {"error":"getaddrinfo ENOTFOUND mint-starling-71225.upstash.io"}
2026-04-22 14:18:52 [WARN]: Redis error — leaderboard will use MongoDB fallback {"error":"getaddrinfo ENOTFOUND mint-starling-71225.upstash.io"}
2026-04-22 14:18:54 [WARN]: Redis error — leaderboard will use MongoDB fallback {"error":"getaddrinfo ENOTFOUND mint-starling-71225.upstash.io"}
2026-04-22 14:18:56 [WARN]: Redis error — leaderboard will use MongoDB fallback {"error":"getaddrinfo ENOTFOUND mint-starling-71225.upstash.io"}
2026-04-22 14:18:58 [WARN]: Redis error — leaderboard will use MongoDB fallback {"error":"getaddrinfo ENOTFOUND mint-starling-71225.upstash.io"}
2026-04-22 14:19:00 [WARN]: Redis error — leaderboard will use MongoDB fallback {"error":"getaddrinfo ENOTFOUND mint-starling-71225.upstash.io"}
2026-04-22 14:19:02 [WARN]: Redis error — leaderboard will use MongoDB fallback {"error":"getaddrinfo ENOTFOUND mint-starling-71225.upstash.io"}
2026-04-22 14:19:04 [WARN]: Redis error — leaderboard will use MongoDB fallback {"error":"getaddrinfo ENOTFOUND mint-starling-71225.upstash.io"}
2026-04-22 14:19:06 [WARN]: Redis error — leaderboard will use MongoDB fallback {"error":"getaddrinfo ENOTFOUND mint-starling-71225.upstash.io"}
2026-04-22 14:19:08 [WARN]: Redis error — leaderboard will use MongoDB fallback {"error":"getaddrinfo ENOTFOUND mint-starling-71225.upstash.io"}
2026-04-22 14:19:10 [WARN]: Redis error — leaderboard will use MongoDB fallback {"error":"getaddrinfo ENOTFOUND mint-starling-71225.upstash.io"}
2026-04-22 14:19:12 [WARN]: Redis error — leaderboard will use MongoDB fallback {"error":"getaddrinfo ENOTFOUND mint-starling-71225.upstash.io"}
2026-04-22 14:19:14 [WARN]: Redis error — leaderboard will use MongoDB fallback {"error":"getaddrinfo ENOTFOUND mint-starling-71225.upstash.io"}
2026-04-22 14:19:16 [WARN]: Redis error — leaderboard will use MongoDB fallback {"error":"getaddrinfo ENOTFOUND mint-starling-71225.upstash.io"}
2026-04-22 14:19:18 [WARN]: Redis error — leaderboard will use MongoDB fallback {"error":"getaddrinfo ENOTFOUND mint-starling-71225.upstash.io"}
2026-04-22 14:19:20 [WARN]: Redis error — leaderboard will use MongoDB fallback {"error":"getaddrinfo ENOTFOUND mint-starling-71225.upstash.io"}
2026-04-22 14:19:22 [WARN]: Redis error — leaderboard will use MongoDB fallback {"error":"getaddrinfo ENOTFOUND mint-starling-71225.upstash.io"}
2026-04-22 14:19:24 [WARN]: Redis error — leaderboard will use MongoDB fallback {"error":"getaddrinfo ENOTFOUND mint-starling-71225.upstash.io"}
2026-04-22 14:19:26 [WARN]: Redis error — leaderboard will use MongoDB fallback {"error":"getaddrinfo ENOTFOUND mint-starling-71225.upstash.io"}
2026-04-22 14:19:28 [WARN]: Redis error — leaderboard will use MongoDB fallback {"error":"getaddrinfo ENOTFOUND mint-starling-71225.upstash.io"}
2026-04-22 14:19:30 [WARN]: Redis error — leaderboard will use MongoDB fallback {"error":"getaddrinfo ENOTFOUND mint-starling-71225.upstash.io"}
2026-04-22 14:19:32 [WARN]: Redis error — leaderboard will use MongoDB fallback {"error":"getaddrinfo ENOTFOUND mint-starling-71225.upstash.io"}
2026-04-22 14:19:34 [WARN]: Redis error — leaderboard will use MongoDB fallback {"error":"getaddrinfo ENOTFOUND mint-starling-71225.upstash.io"}
2026-04-22 14:19:36 [WARN]: Redis error — leaderboard will use MongoDB fallback {"error":"getaddrinfo ENOTFOUND mint-starling-71225.upstash.io"}
2026-04-22 14:19:38 [WARN]: Redis error — leaderboard will use MongoDB fallback {"error":"getaddrinfo ENOTFOUND mint-starling-71225.upstash.io"}
2026-04-22 14:19:40 [WARN]: Redis error — leaderboard will use MongoDB fallback {"error":"getaddrinfo ENOTFOUND mint-starling-71225.upstash.io"}
2026-04-22 14:19:42 [WARN]: Redis error — leaderboard will use MongoDB fallback {"error":"getaddrinfo ENOTFOUND mint-starling-71225.upstash.io"}
2026-04-22 14:19:44 [WARN]: Redis error — leaderboard will use MongoDB fallback {"error":"getaddrinfo ENOTFOUND mint-starling-71225.upstash.io"}
2026-04-22 14:19:46 [WARN]: Redis error — leaderboard will use MongoDB fallback {"error":"getaddrinfo ENOTFOUND mint-starling-71225.upstash.io"}
2026-04-22 14:19:48 [WARN]: Redis error — leaderboard will use MongoDB fallback {"error":"getaddrinfo ENOTFOUND mint-starling-71225.upstash.io"}
2026-04-22 14:19:50 [WARN]: Redis error — leaderboard will use MongoDB fallback {"error":"getaddrinfo ENOTFOUND mint-starling-71225.upstash.io"}
2026-04-22 14:19:52 [WARN]: Redis error — leaderboard will use MongoDB fallback {"error":"getaddrinfo ENOTFOUND mint-starling-71225.upstash.io"}
2026-04-22 14:19:54 [WARN]: Redis error — leaderboard will use MongoDB fallback {"error":"getaddrinfo ENOTFOUND mint-starling-71225.upstash.io"}
2026-04-22 14:19:56 [WARN]: Redis error — leaderboard will use MongoDB fallback {"error":"getaddrinfo ENOTFOUND mint-starling-71225.upstash.io"}
2026-04-22 14:19:58 [WARN]: Redis error — leaderboard will use MongoDB fallback {"error":"getaddrinfo ENOTFOUND mint-starling-71225.upstash.io"}
2026-04-22 14:20:01 [WARN]: Redis error — leaderboard will use MongoDB fallback {"error":"getaddrinfo ENOTFOUND mint-starling-71225.upstash.io"}
2026-04-22 14:20:03 [WARN]: Redis error — leaderboard will use MongoDB fallback {"error":"getaddrinfo ENOTFOUND mint-starling-71225.upstash.io"}
2026-04-22 14:20:05 [WARN]: Redis error — leaderboard will use MongoDB fallback {"error":"getaddrinfo ENOTFOUND mint-starling-71225.upstash.io"}
2026-04-22 14:20:07 [WARN]: Redis error — leaderboard will use MongoDB fallback {"error":"getaddrinfo ENOTFOUND mint-starling-71225.upstash.io"}
2026-04-22 14:20:09 [WARN]: Redis error — leaderboard will use MongoDB fallback {"error":"getaddrinfo ENOTFOUND mint-starling-71225.upstash.io"}
2026-04-22 14:20:11 [WARN]: Redis error — leaderboard will use MongoDB fallback {"error":"getaddrinfo ENOTFOUND mint-starling-71225.upstash.io"}
2026-04-22 14:20:13 [WARN]: Redis error — leaderboard will use MongoDB fallback {"error":"getaddrinfo ENOTFOUND mint-starling-71225.upstash.io"}
2026-04-22 14:20:15 [WARN]: Redis error — leaderboard will use MongoDB fallback {"error":"getaddrinfo ENOTFOUND mint-starling-71225.upstash.io"}
2026-04-22 14:20:17 [WARN]: Redis error — leaderboard will use MongoDB fallback {"error":"getaddrinfo ENOTFOUND mint-starling-71225.upstash.io"}
2026-04-22 14:20:19 [WARN]: Redis error — leaderboard will use MongoDB fallback {"error":"getaddrinfo ENOTFOUND mint-starling-71225.upstash.io"}
2026-04-22 14:20:21 [WARN]: Redis error — leaderboard will use MongoDB fallback {"error":"getaddrinfo ENOTFOUND mint-starling-71225.upstash.io"}
2026-04-22 14:20:23 [WARN]: Redis error — leaderboard will use MongoDB fallback {"error":"getaddrinfo ENOTFOUND mint-starling-71225.upstash.io"}
2026-04-22 14:20:25 [WARN]: Redis error — leaderboard will use MongoDB fallback {"error":"getaddrinfo ENOTFOUND mint-starling-71225.upstash.io"}
2026-04-22 14:20:27 [WARN]: Redis error — leaderboard will use MongoDB fallback {"error":"getaddrinfo ENOTFOUND mint-starling-71225.upstash.io"}
2026-04-22 14:20:29 [WARN]: Redis error — leaderboard will use MongoDB fallback {"error":"getaddrinfo ENOTFOUND mint-starling-71225.upstash.io"}
2026-04-22 14:20:31 [WARN]: Redis error — leaderboard will use MongoDB fallback {"error":"getaddrinfo ENOTFOUND mint-starling-71225.upstash.io"}
2026-04-22 14:20:33 [WARN]: Redis error — leaderboard will use MongoDB fallback {"error":"getaddrinfo ENOTFOUND mint-starling-71225.upstash.io"}
2026-04-22 14:20:35 [WARN]: Redis error — leaderboard will use MongoDB fallback {"error":"getaddrinfo ENOTFOUND mint-starling-71225.upstash.io"}
2026-04-22 14:20:37 [WARN]: Redis error — leaderboard will use MongoDB fallback {"error":"getaddrinfo ENOTFOUND mint-starling-71225.upstash.io"}
2026-04-22 14:20:39 [WARN]: Redis error — leaderboard will use MongoDB fallback {"error":"getaddrinfo ENOTFOUND mint-starling-71225.upstash.io"}
2026-04-22 14:20:41 [WARN]: Redis error — leaderboard will use MongoDB fallback {"error":"getaddrinfo ENOTFOUND mint-starling-71225.upstash.io"}
2026-04-22 14:20:43 [WARN]: Redis error — leaderboard will use MongoDB fallback {"error":"getaddrinfo ENOTFOUND mint-starling-71225.upstash.io"}
2026-04-22 14:20:45 [WARN]: Redis error — leaderboard will use MongoDB fallback {"error":"getaddrinfo ENOTFOUND mint-starling-71225.upstash.io"}
2026-04-22 14:20:47 [WARN]: Redis error — leaderboard will use MongoDB fallback {"error":"getaddrinfo ENOTFOUND mint-starling-71225.upstash.io"}
2026-04-22 14:20:49 [WARN]: Redis error — leaderboard will use MongoDB fallback {"error":"getaddrinfo ENOTFOUND mint-starling-71225.upstash.io"}
2026-04-22 14:20:51 [WARN]: Redis error — leaderboard will use MongoDB fallback {"error":"getaddrinfo ENOTFOUND mint-starling-71225.upstash.io"}
2026-04-22 14:20:53 [WARN]: Redis error — leaderboard will use MongoDB fallback {"error":"getaddrinfo ENOTFOUND mint-starling-71225.upstash.io"}
2026-04-22 14:20:55 [WARN]: Redis error — leaderboard will use MongoDB fallback {"error":"getaddrinfo ENOTFOUND mint-starling-71225.upstash.io"}
2026-04-22 14:20:57 [WARN]: Redis error — leaderboard will use MongoDB fallback {"error":"getaddrinfo ENOTFOUND mint-starling-71225.upstash.io"}
2026-04-22 14:20:59 [WARN]: Redis error — leaderboard will use MongoDB fallback {"error":"getaddrinfo ENOTFOUND mint-starling-71225.upstash.io"}
2026-04-22 14:21:01 [WARN]: Redis error — leaderboard will use MongoDB fallback {"error":"getaddrinfo ENOTFOUND mint-starling-71225.upstash.io"}
2026-04-22 14:21:03 [WARN]: Redis error — leaderboard will use MongoDB fallback {"error":"getaddrinfo ENOTFOUND mint-starling-71225.upstash.io"}
2026-04-22 14:21:05 [WARN]: Redis error — leaderboard will use MongoDB fallback {"error":"getaddrinfo ENOTFOUND mint-starling-71225.upstash.io"}
2026-04-22 14:21:07 [WARN]: Redis error — leaderboard will use MongoDB fallback {"error":"getaddrinfo ENOTFOUND mint-starling-71225.upstash.io"}
2026-04-22 14:21:09 [WARN]: Redis error — leaderboard will use MongoDB fallback {"error":"getaddrinfo ENOTFOUND mint-starling-71225.upstash.io"}
2026-04-22 14:21:11 [WARN]: Redis error — leaderboard will use MongoDB fallback {"error":"getaddrinfo ENOTFOUND mint-starling-71225.upstash.io"}
2026-04-22 14:21:13 [WARN]: Redis error — leaderboard will use MongoDB fallback {"error":"getaddrinfo ENOTFOUND mint-starling-71225.upstash.io"}
2026-04-22 14:21:15 [WARN]: Redis error — leaderboard will use MongoDB fallback {"error":"getaddrinfo ENOTFOUND mint-starling-71225.upstash.io"}
2026-04-22 14:21:17 [WARN]: Redis error — leaderboard will use MongoDB fallback {"error":"getaddrinfo ENOTFOUND mint-starling-71225.upstash.io"}
2026-04-22 14:21:19 [WARN]: Redis error — leaderboard will use MongoDB fallback {"error":"getaddrinfo ENOTFOUND mint-starling-71225.upstash.io"}
2026-04-22 14:21:22 [WARN]: Redis error — leaderboard will use MongoDB fallback {"error":"getaddrinfo ENOTFOUND mint-starling-71225.upstash.io"}
2026-04-22 14:21:24 [WARN]: Redis error — leaderboard will use MongoDB fallback {"error":"getaddrinfo ENOTFOUND mint-starling-71225.upstash.io"}
2026-04-22 14:21:26 [WARN]: Redis error — leaderboard will use MongoDB fallback {"error":"getaddrinfo ENOTFOUND mint-starling-71225.upstash.io"}
2026-04-22 14:21:28 [WARN]: Redis error — leaderboard will use MongoDB fallback {"error":"getaddrinfo ENOTFOUND mint-starling-71225.upstash.io"}
2026-04-22 14:21:30 [WARN]: Redis error — leaderboard will use MongoDB fallback {"error":"getaddrinfo ENOTFOUND mint-starling-71225.upstash.io"}
2026-04-22 14:21:32 [WARN]: Redis error — leaderboard will use MongoDB fallback {"error":"getaddrinfo ENOTFOUND mint-starling-71225.upstash.io"}
2026-04-22 14:21:34 [WARN]: Redis error — leaderboard will use MongoDB fallback {"error":"getaddrinfo ENOTFOUND mint-starling-71225.upstash.io"}
2026-04-22 14:21:36 [WARN]: Redis error — leaderboard will use MongoDB fallback {"error":"getaddrinfo ENOTFOUND mint-starling-71225.upstash.io"}
2026-04-22 14:21:38 [WARN]: Redis error — leaderboard will use MongoDB fallback {"error":"getaddrinfo ENOTFOUND mint-starling-71225.upstash.io"}
2026-04-22 14:21:40 [WARN]: Redis error — leaderboard will use MongoDB fallback {"error":"getaddrinfo ENOTFOUND mint-starling-71225.upstash.io"}
2026-04-22 14:21:42 [WARN]: Redis error — leaderboard will use MongoDB fallback {"error":"getaddrinfo ENOTFOUND mint-starling-71225.upstash.io"}
2026-04-22 14:21:44 [WARN]: Redis error — leaderboard will use MongoDB fallback {"error":"getaddrinfo ENOTFOUND mint-starling-71225.upstash.io"}
2026-04-22 14:21:46 [WARN]: Redis error — leaderboard will use MongoDB fallback {"error":"getaddrinfo ENOTFOUND mint-starling-71225.upstash.io"}
2026-04-22 14:21:48 [WARN]: Redis error — leaderboard will use MongoDB fallback {"error":"getaddrinfo ENOTFOUND mint-starling-71225.upstash.io"}
2026-04-22 14:21:50 [WARN]: Redis error — leaderboard will use MongoDB fallback {"error":"getaddrinfo ENOTFOUND mint-starling-71225.upstash.io"}
2026-04-22 14:21:52 [WARN]: Redis error — leaderboard will use MongoDB fallback {"error":"getaddrinfo ENOTFOUND mint-starling-71225.upstash.io"}
2026-04-22 14:21:54 [WARN]: Redis error — leaderboard will use MongoDB fallback {"error":"getaddrinfo ENOTFOUND mint-starling-71225.upstash.io"}
2026-04-22 14:21:56 [WARN]: Redis error — leaderboard will use MongoDB fallback {"error":"getaddrinfo ENOTFOUND mint-starling-71225.upstash.io"}
2026-04-22 14:21:58 [WARN]: Redis error — leaderboard will use MongoDB fallback {"error":"getaddrinfo ENOTFOUND mint-starling-71225.upstash.io"}
2026-04-22 14:22:00 [WARN]: Redis error — leaderboard will use MongoDB fallback {"error":"getaddrinfo ENOTFOUND mint-starling-71225.upstash.io"}
2026-04-22 14:22:02 [WARN]: Redis error — leaderboard will use MongoDB fallback {"error":"getaddrinfo ENOTFOUND mint-starling-71225.upstash.io"}
2026-04-22 14:22:04 [WARN]: Redis error — leaderboard will use MongoDB fallback {"error":"getaddrinfo ENOTFOUND mint-starling-71225.upstash.io"}
2026-04-22 14:22:06 [WARN]: Redis error — leaderboard will use MongoDB fallback {"error":"getaddrinfo ENOTFOUND mint-starling-71225.upstash.io"}
2026-04-22 14:22:08 [WARN]: Redis error — leaderboard will use MongoDB fallback {"error":"getaddrinfo ENOTFOUND mint-starling-71225.upstash.io"}
2026-04-22 14:22:10 [WARN]: Redis error — leaderboard will use MongoDB fallback {"error":"getaddrinfo ENOTFOUND mint-starling-71225.upstash.io"}
2026-04-22 14:22:12 [WARN]: Redis error — leaderboard will use MongoDB fallback {"error":"getaddrinfo ENOTFOUND mint-starling-71225.upstash.io"}
2026-04-22 14:22:14 [WARN]: Redis error — leaderboard will use MongoDB fallback {"error":"getaddrinfo ENOTFOUND mint-starling-71225.upstash.io"}
2026-04-22 14:22:16 [WARN]: Redis error — leaderboard will use MongoDB fallback {"error":"getaddrinfo ENOTFOUND mint-starling-71225.upstash.io"}
2026-04-22 14:22:18 [WARN]: Redis error — leaderboard will use MongoDB fallback {"error":"getaddrinfo ENOTFOUND mint-starling-71225.upstash.io"}
2026-04-22 14:22:20 [WARN]: Redis error — leaderboard will use MongoDB fallback {"error":"getaddrinfo ENOTFOUND mint-starling-71225.upstash.io"}
2026-04-22 14:22:22 [WARN]: Redis error — leaderboard will use MongoDB fallback {"error":"getaddrinfo ENOTFOUND mint-starling-71225.upstash.io"}
2026-04-22 14:22:24 [WARN]: Redis error — leaderboard will use MongoDB fallback {"error":"getaddrinfo ENOTFOUND mint-starling-71225.upstash.io"}
2026-04-22 14:22:26 [WARN]: Redis error — leaderboard will use MongoDB fallback {"error":"getaddrinfo ENOTFOUND mint-starling-71225.upstash.io"}
2026-04-22 14:22:28 [WARN]: Redis error — leaderboard will use MongoDB fallback {"error":"getaddrinfo ENOTFOUND mint-starling-71225.upstash.io"}
2026-04-22 14:22:30 [WARN]: Redis error — leaderboard will use MongoDB fallback {"error":"getaddrinfo ENOTFOUND mint-starling-71225.upstash.io"}
2026-04-22 14:22:32 [WARN]: Redis error — leaderboard will use MongoDB fallback {"error":"getaddrinfo ENOTFOUND mint-starling-71225.upstash.io"}
2026-04-22 14:22:34 [WARN]: Redis error — leaderboard will use MongoDB fallback {"error":"getaddrinfo ENOTFOUND mint-starling-71225.upstash.io"}
2026-04-22 14:22:36 [WARN]: Redis error — leaderboard will use MongoDB fallback {"error":"getaddrinfo ENOTFOUND mint-starling-71225.upstash.io"}
2026-04-22 14:22:38 [WARN]: Redis error — leaderboard will use MongoDB fallback {"error":"getaddrinfo ENOTFOUND mint-starling-71225.upstash.io"}
2026-04-22 14:22:40 [WARN]: Redis error — leaderboard will use MongoDB fallback {"error":"getaddrinfo ENOTFOUND mint-starling-71225.upstash.io"}
2026-04-22 14:22:42 [WARN]: Redis error — leaderboard will use MongoDB fallback {"error":"getaddrinfo ENOTFOUND mint-starling-71225.upstash.io"}
2026-04-22 14:22:44 [WARN]: Redis error — leaderboard will use MongoDB fallback {"error":"getaddrinfo ENOTFOUND mint-starling-71225.upstash.io"}
2026-04-22 14:22:46 [WARN]: Redis error — leaderboard will use MongoDB fallback {"error":"getaddrinfo ENOTFOUND mint-starling-71225.upstash.io"}
2026-04-22 14:22:48 [WARN]: Redis error — leaderboard will use MongoDB fallback {"error":"getaddrinfo ENOTFOUND mint-starling-71225.upstash.io"}
2026-04-22 14:22:50 [WARN]: Redis error — leaderboard will use MongoDB fallback {"error":"getaddrinfo ENOTFOUND mint-starling-71225.upstash.io"}
2026-04-22 14:22:52 [WARN]: Redis error — leaderboard will use MongoDB fallback {"error":"getaddrinfo ENOTFOUND mint-starling-71225.upstash.io"}
2026-04-22 14:22:54 [WARN]: Redis error — leaderboard will use MongoDB fallback {"error":"getaddrinfo ENOTFOUND mint-starling-71225.upstash.io"}
2026-04-22 14:22:56 [WARN]: Redis error — leaderboard will use MongoDB fallback {"error":"getaddrinfo ENOTFOUND mint-starling-71225.upstash.io"}
2026-04-22 14:22:58 [WARN]: Redis error — leaderboard will use MongoDB fallback {"error":"getaddrinfo ENOTFOUND mint-starling-71225.upstash.io"}
2026-04-22 14:23:00 [WARN]: Redis error — leaderboard will use MongoDB fallback {"error":"getaddrinfo ENOTFOUND mint-starling-71225.upstash.io"}
2026-04-22 14:23:02 [WARN]: Redis error — leaderboard will use MongoDB fallback {"error":"getaddrinfo ENOTFOUND mint-starling-71225.upstash.io"}
2026-04-22 14:23:04 [WARN]: Redis error — leaderboard will use MongoDB fallback {"error":"getaddrinfo ENOTFOUND mint-starling-71225.upstash.io"}
2026-04-22 14:23:06 [WARN]: Redis error — leaderboard will use MongoDB fallback {"error":"getaddrinfo ENOTFOUND mint-starling-71225.upstash.io"}
2026-04-22 14:23:08 [WARN]: Redis error — leaderboard will use MongoDB fallback {"error":"getaddrinfo ENOTFOUND mint-starling-71225.upstash.io"}
2026-04-22 14:23:10 [WARN]: Redis error — leaderboard will use MongoDB fallback {"error":"getaddrinfo ENOTFOUND mint-starling-71225.upstash.io"}
2026-04-22 14:23:12 [WARN]: Redis error — leaderboard will use MongoDB fallback {"error":"getaddrinfo ENOTFOUND mint-starling-71225.upstash.io"}
2026-04-22 14:23:14 [WARN]: Redis error — leaderboard will use MongoDB fallback {"error":"getaddrinfo ENOTFOUND mint-starling-71225.upstash.io"}
2026-04-22 14:23:16 [WARN]: Redis error — leaderboard will use MongoDB fallback {"error":"getaddrinfo ENOTFOUND mint-starling-71225.upstash.io"}
2026-04-22 14:23:18 [WARN]: Redis error — leaderboard will use MongoDB fallback {"error":"getaddrinfo ENOTFOUND mint-starling-71225.upstash.io"}
2026-04-22 14:23:20 [WARN]: Redis error — leaderboard will use MongoDB fallback {"error":"getaddrinfo ENOTFOUND mint-starling-71225.upstash.io"}
2026-04-22 14:23:22 [WARN]: Redis error — leaderboard will use MongoDB fallback {"error":"getaddrinfo ENOTFOUND mint-starling-71225.upstash.io"}
2026-04-22 14:23:24 [WARN]: Redis error — leaderboard will use MongoDB fallback {"error":"getaddrinfo ENOTFOUND mint-starling-71225.upstash.io"}
2026-04-22 14:23:26 [WARN]: Redis error — leaderboard will use MongoDB fallback {"error":"getaddrinfo ENOTFOUND mint-starling-71225.upstash.io"}
2026-04-22 14:23:28 [WARN]: Redis error — leaderboard will use MongoDB fallback {"error":"getaddrinfo ENOTFOUND mint-starling-71225.upstash.io"}
2026-04-22 14:23:30 [WARN]: Redis error — leaderboard will use MongoDB fallback {"error":"getaddrinfo ENOTFOUND mint-starling-71225.upstash.io"}
2026-04-22 14:23:32 [WARN]: Redis error — leaderboard will use MongoDB fallback {"error":"getaddrinfo ENOTFOUND mint-starling-71225.upstash.io"}
2026-04-22 14:23:34 [WARN]: Redis error — leaderboard will use MongoDB fallback {"error":"getaddrinfo ENOTFOUND mint-starling-71225.upstash.io"}
2026-04-22 14:23:36 [WARN]: Redis error — leaderboard will use MongoDB fallback {"error":"getaddrinfo ENOTFOUND mint-starling-71225.upstash.io"}
2026-04-22 14:23:38 [WARN]: Redis error — leaderboard will use MongoDB fallback {"error":"getaddrinfo ENOTFOUND mint-starling-71225.upstash.io"}
2026-04-22 14:23:40 [WARN]: Redis error — leaderboard will use MongoDB fallback {"error":"getaddrinfo ENOTFOUND mint-starling-71225.upstash.io"}
2026-04-22 14:23:42 [WARN]: Redis error — leaderboard will use MongoDB fallback {"error":"getaddrinfo ENOTFOUND mint-starling-71225.upstash.io"}
2026-04-22 14:23:44 [WARN]: Redis error — leaderboard will use MongoDB fallback {"error":"getaddrinfo ENOTFOUND mint-starling-71225.upstash.io"}
2026-04-22 14:23:46 [WARN]: Redis error — leaderboard will use MongoDB fallback {"error":"getaddrinfo ENOTFOUND mint-starling-71225.upstash.io"}
2026-04-22 14:23:48 [WARN]: Redis error — leaderboard will use MongoDB fallback {"error":"getaddrinfo ENOTFOUND mint-starling-71225.upstash.io"}
2026-04-22 14:23:51 [WARN]: Redis error — leaderboard will use MongoDB fallback {"error":"getaddrinfo ENOTFOUND mint-starling-71225.upstash.io"}
2026-04-22 14:23:53 [WARN]: Redis error — leaderboard will use MongoDB fallback {"error":"getaddrinfo ENOTFOUND mint-starling-71225.upstash.io"}
2026-04-22 14:23:55 [WARN]: Redis error — leaderboard will use MongoDB fallback {"error":"getaddrinfo ENOTFOUND mint-starling-71225.upstash.io"}
2026-04-22 14:23:57 [WARN]: Redis error — leaderboard will use MongoDB fallback {"error":"getaddrinfo ENOTFOUND mint-starling-71225.upstash.io"}
2026-04-22 14:23:59 [WARN]: Redis error — leaderboard will use MongoDB fallback {"error":"getaddrinfo ENOTFOUND mint-starling-71225.upstash.io"}
2026-04-22 14:24:01 [WARN]: Redis error — leaderboard will use MongoDB fallback {"error":"getaddrinfo ENOTFOUND mint-starling-71225.upstash.io"}
2026-04-22 14:24:03 [WARN]: Redis error — leaderboard will use MongoDB fallback {"error":"getaddrinfo ENOTFOUND mint-starling-71225.upstash.io"}
2026-04-22 14:24:05 [WARN]: Redis error — leaderboard will use MongoDB fallback {"error":"getaddrinfo ENOTFOUND mint-starling-71225.upstash.io"}
2026-04-22 14:24:07 [WARN]: Redis error — leaderboard will use MongoDB fallback {"error":"getaddrinfo ENOTFOUND mint-starling-71225.upstash.io"}
2026-04-22 14:24:09 [WARN]: Redis error — leaderboard will use MongoDB fallback {"error":"getaddrinfo ENOTFOUND mint-starling-71225.upstash.io"}
2026-04-22 14:24:11 [WARN]: Redis error — leaderboard will use MongoDB fallback {"error":"getaddrinfo ENOTFOUND mint-starling-71225.upstash.io"}
2026-04-22 14:24:13 [WARN]: Redis error — leaderboard will use MongoDB fallback {"error":"getaddrinfo ENOTFOUND mint-starling-71225.upstash.io"}
2026-04-22 14:24:15 [WARN]: Redis error — leaderboard will use MongoDB fallback {"error":"getaddrinfo ENOTFOUND mint-starling-71225.upstash.io"}
2026-04-22 14:24:17 [WARN]: Redis error — leaderboard will use MongoDB fallback {"error":"getaddrinfo ENOTFOUND mint-starling-71225.upstash.io"}
2026-04-22 14:24:19 [WARN]: Redis error — leaderboard will use MongoDB fallback {"error":"getaddrinfo ENOTFOUND mint-starling-71225.upstash.io"}
2026-04-22 14:24:21 [WARN]: Redis error — leaderboard will use MongoDB fallback {"error":"getaddrinfo ENOTFOUND mint-starling-71225.upstash.io"}
2026-04-22 14:24:23 [WARN]: Redis error — leaderboard will use MongoDB fallback {"error":"getaddrinfo ENOTFOUND mint-starling-71225.upstash.io"}
2026-04-22 14:24:25 [WARN]: Redis error — leaderboard will use MongoDB fallback {"error":"getaddrinfo ENOTFOUND mint-starling-71225.upstash.io"}
2026-04-22 14:24:27 [WARN]: Redis error — leaderboard will use MongoDB fallback {"error":"getaddrinfo ENOTFOUND mint-starling-71225.upstash.io"}
2026-04-22 14:24:29 [WARN]: Redis error — leaderboard will use MongoDB fallback {"error":"getaddrinfo ENOTFOUND mint-starling-71225.upstash.io"}
2026-04-22 14:24:31 [WARN]: Redis error — leaderboard will use MongoDB fallback {"error":"getaddrinfo ENOTFOUND mint-starling-71225.upstash.io"}
2026-04-22 14:24:33 [WARN]: Redis error — leaderboard will use MongoDB fallback {"error":"getaddrinfo ENOTFOUND mint-starling-71225.upstash.io"}
2026-04-22 14:24:35 [WARN]: Redis error — leaderboard will use MongoDB fallback {"error":"getaddrinfo ENOTFOUND mint-starling-71225.upstash.io"}
2026-04-22 14:24:37 [WARN]: Redis error — leaderboard will use MongoDB fallback {"error":"getaddrinfo ENOTFOUND mint-starling-71225.upstash.io"}
2026-04-22 14:24:39 [WARN]: Redis error — leaderboard will use MongoDB fallback {"error":"getaddrinfo ENOTFOUND mint-starling-71225.upstash.io"}
2026-04-22 14:24:41 [WARN]: Redis error — leaderboard will use MongoDB fallback {"error":"getaddrinfo ENOTFOUND mint-starling-71225.upstash.io"}
2026-04-22 14:24:43 [WARN]: Redis error — leaderboard will use MongoDB fallback {"error":"getaddrinfo ENOTFOUND mint-starling-71225.upstash.io"}
2026-04-22 14:24:45 [WARN]: Redis error — leaderboard will use MongoDB fallback {"error":"getaddrinfo ENOTFOUND mint-starling-71225.upstash.io"}
2026-04-22 14:24:47 [WARN]: Redis error — leaderboard will use MongoDB fallback {"error":"getaddrinfo ENOTFOUND mint-starling-71225.upstash.io"}
2026-04-22 14:24:49 [WARN]: Redis error — leaderboard will use MongoDB fallback {"error":"getaddrinfo ENOTFOUND mint-starling-71225.upstash.io"}
2026-04-22 14:24:51 [WARN]: Redis error — leaderboard will use MongoDB fallback {"error":"getaddrinfo ENOTFOUND mint-starling-71225.upstash.io"}
2026-04-22 14:24:53 [WARN]: Redis error — leaderboard will use MongoDB fallback {"error":"getaddrinfo ENOTFOUND mint-starling-71225.upstash.io"}
2026-04-22 14:24:55 [WARN]: Redis error — leaderboard will use MongoDB fallback {"error":"getaddrinfo ENOTFOUND mint-starling-71225.upstash.io"}
2026-04-22 14:24:57 [WARN]: Redis error — leaderboard will use MongoDB fallback {"error":"getaddrinfo ENOTFOUND mint-starling-71225.upstash.io"}
2026-04-22 14:24:59 [WARN]: Redis error — leaderboard will use MongoDB fallback {"error":"getaddrinfo ENOTFOUND mint-starling-71225.upstash.io"}
2026-04-22 14:25:01 [WARN]: Redis error — leaderboard will use MongoDB fallback {"error":"getaddrinfo ENOTFOUND mint-starling-71225.upstash.io"}
2026-04-22 14:25:03 [WARN]: Redis error — leaderboard will use MongoDB fallback {"error":"getaddrinfo ENOTFOUND mint-starling-71225.upstash.io"}
2026-04-22 14:25:05 [WARN]: Redis error — leaderboard will use MongoDB fallback {"error":"getaddrinfo ENOTFOUND mint-starling-71225.upstash.io"}
2026-04-22 14:25:07 [WARN]: Redis error — leaderboard will use MongoDB fallback {"error":"getaddrinfo ENOTFOUND mint-starling-71225.upstash.io"}
2026-04-22 14:25:09 [WARN]: Redis error — leaderboard will use MongoDB fallback {"error":"getaddrinfo ENOTFOUND mint-starling-71225.upstash.io"}
2026-04-22 14:25:11 [WARN]: Redis error — leaderboard will use MongoDB fallback {"error":"getaddrinfo ENOTFOUND mint-starling-71225.upstash.io"}
2026-04-22 14:25:13 [WARN]: Redis error — leaderboard will use MongoDB fallback {"error":"getaddrinfo ENOTFOUND mint-starling-71225.upstash.io"}
2026-04-22 14:25:15 [WARN]: Redis error — leaderboard will use MongoDB fallback {"error":"getaddrinfo ENOTFOUND mint-starling-71225.upstash.io"}
2026-04-22 14:25:17 [WARN]: Redis error — leaderboard will use MongoDB fallback {"error":"getaddrinfo ENOTFOUND mint-starling-71225.upstash.io"}
2026-04-22 14:25:19 [WARN]: Redis error — leaderboard will use MongoDB fallback {"error":"getaddrinfo ENOTFOUND mint-starling-71225.upstash.io"}
2026-04-22 14:25:21 [WARN]: Redis error — leaderboard will use MongoDB fallback {"error":"getaddrinfo ENOTFOUND mint-starling-71225.upstash.io"}
2026-04-22 14:25:23 [WARN]: Redis error — leaderboard will use MongoDB fallback {"error":"getaddrinfo ENOTFOUND mint-starling-71225.upstash.io"}
2026-04-22 14:25:25 [WARN]: Redis error — leaderboard will use MongoDB fallback {"error":"getaddrinfo ENOTFOUND mint-starling-71225.upstash.io"}
2026-04-22 14:25:27 [WARN]: Redis error — leaderboard will use MongoDB fallback {"error":"getaddrinfo ENOTFOUND mint-starling-71225.upstash.io"}
2026-04-22 14:25:29 [WARN]: Redis error — leaderboard will use MongoDB fallback {"error":"getaddrinfo ENOTFOUND mint-starling-71225.upstash.io"}
2026-04-22 14:25:31 [WARN]: Redis error — leaderboard will use MongoDB fallback {"error":"getaddrinfo ENOTFOUND mint-starling-71225.upstash.io"}
2026-04-22 14:25:33 [WARN]: Redis error — leaderboard will use MongoDB fallback {"error":"getaddrinfo ENOTFOUND mint-starling-71225.upstash.io"}
2026-04-22 14:25:35 [WARN]: Redis error — leaderboard will use MongoDB fallback {"error":"getaddrinfo ENOTFOUND mint-starling-71225.upstash.io"}
2026-04-22 14:25:37 [WARN]: Redis error — leaderboard will use MongoDB fallback {"error":"getaddrinfo ENOTFOUND mint-starling-71225.upstash.io"}
2026-04-22 14:25:39 [WARN]: Redis error — leaderboard will use MongoDB fallback {"error":"getaddrinfo ENOTFOUND mint-starling-71225.upstash.io"}
2026-04-22 14:25:41 [WARN]: Redis error — leaderboard will use MongoDB fallback {"error":"getaddrinfo ENOTFOUND mint-starling-71225.upstash.io"}
2026-04-22 14:25:43 [WARN]: Redis error — leaderboard will use MongoDB fallback {"error":"getaddrinfo ENOTFOUND mint-starling-71225.upstash.io"}
2026-04-22 14:25:45 [WARN]: Redis error — leaderboard will use MongoDB fallback {"error":"getaddrinfo ENOTFOUND mint-starling-71225.upstash.io"}
2026-04-22 14:25:47 [WARN]: Redis error — leaderboard will use MongoDB fallback {"error":"getaddrinfo ENOTFOUND mint-starling-71225.upstash.io"}
2026-04-22 14:25:49 [WARN]: Redis error — leaderboard will use MongoDB fallback {"error":"getaddrinfo ENOTFOUND mint-starling-71225.upstash.io"}
2026-04-22 14:25:51 [WARN]: Redis error — leaderboard will use MongoDB fallback {"error":"getaddrinfo ENOTFOUND mint-starling-71225.upstash.io"}
2026-04-22 14:25:53 [WARN]: Redis error — leaderboard will use MongoDB fallback {"error":"getaddrinfo ENOTFOUND mint-starling-71225.upstash.io"}
2026-04-22 14:25:56 [WARN]: Redis error — leaderboard will use MongoDB fallback {"error":"getaddrinfo ENOTFOUND mint-starling-71225.upstash.io"}
2026-04-22 14:25:58 [WARN]: Redis error — leaderboard will use MongoDB fallback {"error":"getaddrinfo ENOTFOUND mint-starling-71225.upstash.io"}
2026-04-22 14:26:00 [WARN]: Redis error — leaderboard will use MongoDB fallback {"error":"getaddrinfo ENOTFOUND mint-starling-71225.upstash.io"}
2026-04-22 14:26:02 [WARN]: Redis error — leaderboard will use MongoDB fallback {"error":"getaddrinfo ENOTFOUND mint-starling-71225.upstash.io"}
2026-04-22 14:26:04 [WARN]: Redis error — leaderboard will use MongoDB fallback {"error":"getaddrinfo ENOTFOUND mint-starling-71225.upstash.io"}
2026-04-22 14:26:06 [WARN]: Redis error — leaderboard will use MongoDB fallback {"error":"getaddrinfo ENOTFOUND mint-starling-71225.upstash.io"}
2026-04-22 14:26:08 [WARN]: Redis error — leaderboard will use MongoDB fallback {"error":"getaddrinfo ENOTFOUND mint-starling-71225.upstash.io"}
2026-04-22 14:26:10 [WARN]: Redis error — leaderboard will use MongoDB fallback {"error":"getaddrinfo ENOTFOUND mint-starling-71225.upstash.io"}
2026-04-22 14:26:12 [WARN]: Redis error — leaderboard will use MongoDB fallback {"error":"getaddrinfo ENOTFOUND mint-starling-71225.upstash.io"}
2026-04-22 14:26:14 [WARN]: Redis error — leaderboard will use MongoDB fallback {"error":"getaddrinfo ENOTFOUND mint-starling-71225.upstash.io"}
2026-04-22 14:26:16 [WARN]: Redis error — leaderboard will use MongoDB fallback {"error":"getaddrinfo ENOTFOUND mint-starling-71225.upstash.io"}
2026-04-22 14:26:18 [WARN]: Redis error — leaderboard will use MongoDB fallback {"error":"getaddrinfo ENOTFOUND mint-starling-71225.upstash.io"}
2026-04-22 14:26:20 [WARN]: Redis error — leaderboard will use MongoDB fallback {"error":"getaddrinfo ENOTFOUND mint-starling-71225.upstash.io"}
2026-04-22 14:26:22 [WARN]: Redis error — leaderboard will use MongoDB fallback {"error":"getaddrinfo ENOTFOUND mint-starling-71225.upstash.io"}
2026-04-22 14:26:24 [WARN]: Redis error — leaderboard will use MongoDB fallback {"error":"getaddrinfo ENOTFOUND mint-starling-71225.upstash.io"}
2026-04-22 14:26:26 [WARN]: Redis error — leaderboard will use MongoDB fallback {"error":"getaddrinfo ENOTFOUND mint-starling-71225.upstash.io"}
2026-04-22 14:26:28 [WARN]: Redis error — leaderboard will use MongoDB fallback {"error":"getaddrinfo ENOTFOUND mint-starling-71225.upstash.io"}
2026-04-22 14:26:30 [WARN]: Redis error — leaderboard will use MongoDB fallback {"error":"getaddrinfo ENOTFOUND mint-starling-71225.upstash.io"}
2026-04-22 14:26:32 [WARN]: Redis error — leaderboard will use MongoDB fallback {"error":"getaddrinfo ENOTFOUND mint-starling-71225.upstash.io"}
2026-04-22 14:26:34 [WARN]: Redis error — leaderboard will use MongoDB fallback {"error":"getaddrinfo ENOTFOUND mint-starling-71225.upstash.io"}
2026-04-22 14:26:36 [WARN]: Redis error — leaderboard will use MongoDB fallback {"error":"getaddrinfo ENOTFOUND mint-starling-71225.upstash.io"}
2026-04-22 14:26:38 [WARN]: Redis error — leaderboard will use MongoDB fallback {"error":"getaddrinfo ENOTFOUND mint-starling-71225.upstash.io"}
2026-04-22 14:26:40 [WARN]: Redis error — leaderboard will use MongoDB fallback {"error":"getaddrinfo ENOTFOUND mint-starling-71225.upstash.io"}
2026-04-22 14:26:42 [WARN]: Redis error — leaderboard will use MongoDB fallback {"error":"getaddrinfo ENOTFOUND mint-starling-71225.upstash.io"}
2026-04-22 14:26:44 [WARN]: Redis error — leaderboard will use MongoDB fallback {"error":"getaddrinfo ENOTFOUND mint-starling-71225.upstash.io"}
2026-04-22 14:26:46 [WARN]: Redis error — leaderboard will use MongoDB fallback {"error":"getaddrinfo ENOTFOUND mint-starling-71225.upstash.io"}
2026-04-22 14:26:48 [WARN]: Redis error — leaderboard will use MongoDB fallback {"error":"getaddrinfo ENOTFOUND mint-starling-71225.upstash.io"}
2026-04-22 14:26:50 [WARN]: Redis error — leaderboard will use MongoDB fallback {"error":"getaddrinfo ENOTFOUND mint-starling-71225.upstash.io"}
2026-04-22 14:26:52 [WARN]: Redis error — leaderboard will use MongoDB fallback {"error":"getaddrinfo ENOTFOUND mint-starling-71225.upstash.io"}
2026-04-22 14:26:54 [WARN]: Redis error — leaderboard will use MongoDB fallback {"error":"getaddrinfo ENOTFOUND mint-starling-71225.upstash.io"}
2026-04-22 14:26:56 [WARN]: Redis error — leaderboard will use MongoDB fallback {"error":"getaddrinfo ENOTFOUND mint-starling-71225.upstash.io"}
2026-04-22 14:26:58 [WARN]: Redis error — leaderboard will use MongoDB fallback {"error":"getaddrinfo ENOTFOUND mint-starling-71225.upstash.io"}
2026-04-22 14:27:00 [WARN]: Redis error — leaderboard will use MongoDB fallback {"error":"getaddrinfo ENOTFOUND mint-starling-71225.upstash.io"}
2026-04-22 14:27:02 [WARN]: Redis error — leaderboard will use MongoDB fallback {"error":"getaddrinfo ENOTFOUND mint-starling-71225.upstash.io"}
2026-04-22 14:27:04 [WARN]: Redis error — leaderboard will use MongoDB fallback {"error":"getaddrinfo ENOTFOUND mint-starling-71225.upstash.io"}
2026-04-22 14:27:06 [WARN]: Redis error — leaderboard will use MongoDB fallback {"error":"getaddrinfo ENOTFOUND mint-starling-71225.upstash.io"}
2026-04-22 14:27:08 [WARN]: Redis error — leaderboard will use MongoDB fallback {"error":"getaddrinfo ENOTFOUND mint-starling-71225.upstash.io"}
2026-04-22 14:27:10 [WARN]: Redis error — leaderboard will use MongoDB fallback {"error":"getaddrinfo ENOTFOUND mint-starling-71225.upstash.io"}
2026-04-22 14:27:12 [WARN]: Redis error — leaderboard will use MongoDB fallback {"error":"getaddrinfo ENOTFOUND mint-starling-71225.upstash.io"}
2026-04-22 14:27:14 [WARN]: Redis error — leaderboard will use MongoDB fallback {"error":"getaddrinfo ENOTFOUND mint-starling-71225.upstash.io"}
2026-04-22 14:27:16 [WARN]: Redis error — leaderboard will use MongoDB fallback {"error":"getaddrinfo ENOTFOUND mint-starling-71225.upstash.io"}
2026-04-22 14:27:18 [WARN]: Redis error — leaderboard will use MongoDB fallback {"error":"getaddrinfo ENOTFOUND mint-starling-71225.upstash.io"}
2026-04-22 14:27:20 [WARN]: Redis error — leaderboard will use MongoDB fallback {"error":"getaddrinfo ENOTFOUND mint-starling-71225.upstash.io"}
2026-04-22 14:27:22 [WARN]: Redis error — leaderboard will use MongoDB fallback {"error":"getaddrinfo ENOTFOUND mint-starling-71225.upstash.io"}
2026-04-22 14:27:24 [WARN]: Redis error — leaderboard will use MongoDB fallback {"error":"getaddrinfo ENOTFOUND mint-starling-71225.upstash.io"}
2026-04-22 14:27:26 [WARN]: Redis error — leaderboard will use MongoDB fallback {"error":"getaddrinfo ENOTFOUND mint-starling-71225.upstash.io"}
2026-04-22 14:27:28 [WARN]: Redis error — leaderboard will use MongoDB fallback {"error":"getaddrinfo ENOTFOUND mint-starling-71225.upstash.io"}
2026-04-22 14:27:30 [WARN]: Redis error — leaderboard will use MongoDB fallback {"error":"getaddrinfo ENOTFOUND mint-starling-71225.upstash.io"}
2026-04-22 14:27:33 [WARN]: Redis error — leaderboard will use MongoDB fallback {"error":"getaddrinfo ENOTFOUND mint-starling-71225.upstash.io"}
2026-04-22 14:27:35 [WARN]: Redis error — leaderboard will use MongoDB fallback {"error":"getaddrinfo ENOTFOUND mint-starling-71225.upstash.io"}
2026-04-22 14:27:37 [WARN]: Redis error — leaderboard will use MongoDB fallback {"error":"getaddrinfo ENOTFOUND mint-starling-71225.upstash.io"}
2026-04-22 14:27:39 [WARN]: Redis error — leaderboard will use MongoDB fallback {"error":"getaddrinfo ENOTFOUND mint-starling-71225.upstash.io"}
2026-04-22 14:27:41 [WARN]: Redis error — leaderboard will use MongoDB fallback {"error":"getaddrinfo ENOTFOUND mint-starling-71225.upstash.io"}
2026-04-22 14:27:43 [WARN]: Redis error — leaderboard will use MongoDB fallback {"error":"getaddrinfo ENOTFOUND mint-starling-71225.upstash.io"}
2026-04-22 14:27:45 [WARN]: Redis error — leaderboard will use MongoDB fallback {"error":"getaddrinfo ENOTFOUND mint-starling-71225.upstash.io"}
2026-04-22 14:27:47 [WARN]: Redis error — leaderboard will use MongoDB fallback {"error":"getaddrinfo ENOTFOUND mint-starling-71225.upstash.io"}
2026-04-22 14:27:49 [WARN]: Redis error — leaderboard will use MongoDB fallback {"error":"getaddrinfo ENOTFOUND mint-starling-71225.upstash.io"}
2026-04-22 14:27:51 [WARN]: Redis error — leaderboard will use MongoDB fallback {"error":"getaddrinfo ENOTFOUND mint-starling-71225.upstash.io"}
2026-04-22 14:27:53 [WARN]: Redis error — leaderboard will use MongoDB fallback {"error":"getaddrinfo ENOTFOUND mint-starling-71225.upstash.io"}
2026-04-22 14:27:55 [WARN]: Redis error — leaderboard will use MongoDB fallback {"error":"getaddrinfo ENOTFOUND mint-starling-71225.upstash.io"}
2026-04-22 14:27:57 [WARN]: Redis error — leaderboard will use MongoDB fallback {"error":"getaddrinfo ENOTFOUND mint-starling-71225.upstash.io"}
2026-04-22 14:27:59 [WARN]: Redis error — leaderboard will use MongoDB fallback {"error":"getaddrinfo ENOTFOUND mint-starling-71225.upstash.io"}
2026-04-22 14:28:01 [WARN]: Redis error — leaderboard will use MongoDB fallback {"error":"getaddrinfo ENOTFOUND mint-starling-71225.upstash.io"}
2026-04-22 14:28:03 [WARN]: Redis error — leaderboard will use MongoDB fallback {"error":"getaddrinfo ENOTFOUND mint-starling-71225.upstash.io"}
2026-04-22 14:28:05 [WARN]: Redis error — leaderboard will use MongoDB fallback {"error":"getaddrinfo ENOTFOUND mint-starling-71225.upstash.io"}
2026-04-22 14:28:07 [WARN]: Redis error — leaderboard will use MongoDB fallback {"error":"getaddrinfo ENOTFOUND mint-starling-71225.upstash.io"}
2026-04-22 14:28:09 [WARN]: Redis error — leaderboard will use MongoDB fallback {"error":"getaddrinfo ENOTFOUND mint-starling-71225.upstash.io"}
2026-04-22 14:28:11 [WARN]: Redis error — leaderboard will use MongoDB fallback {"error":"getaddrinfo ENOTFOUND mint-starling-71225.upstash.io"}
2026-04-22 14:28:14 [WARN]: Redis error — leaderboard will use MongoDB fallback {"error":"getaddrinfo ENOTFOUND mint-starling-71225.upstash.io"}
2026-04-22 14:28:16 [WARN]: Redis error — leaderboard will use MongoDB fallback {"error":"getaddrinfo ENOTFOUND mint-starling-71225.upstash.io"}
2026-04-22 14:28:18 [WARN]: Redis error — leaderboard will use MongoDB fallback {"error":"getaddrinfo ENOTFOUND mint-starling-71225.upstash.io"}
2026-04-22 14:28:20 [WARN]: Redis error — leaderboard will use MongoDB fallback {"error":"getaddrinfo ENOTFOUND mint-starling-71225.upstash.io"}
2026-04-22 14:28:22 [WARN]: Redis error — leaderboard will use MongoDB fallback {"error":"getaddrinfo ENOTFOUND mint-starling-71225.upstash.io"}
2026-04-22 14:28:24 [WARN]: Redis error — leaderboard will use MongoDB fallback {"error":"getaddrinfo ENOTFOUND mint-starling-71225.upstash.io"}
2026-04-22 14:28:26 [WARN]: Redis error — leaderboard will use MongoDB fallback {"error":"getaddrinfo ENOTFOUND mint-starling-71225.upstash.io"}
2026-04-22 14:28:28 [WARN]: Redis error — leaderboard will use MongoDB fallback {"error":"getaddrinfo ENOTFOUND mint-starling-71225.upstash.io"}
2026-04-22 14:28:30 [WARN]: Redis error — leaderboard will use MongoDB fallback {"error":"getaddrinfo ENOTFOUND mint-starling-71225.upstash.io"}
2026-04-22 14:28:32 [WARN]: Redis error — leaderboard will use MongoDB fallback {"error":"getaddrinfo ENOTFOUND mint-starling-71225.upstash.io"}
2026-04-22 14:28:34 [WARN]: Redis error — leaderboard will use MongoDB fallback {"error":"getaddrinfo ENOTFOUND mint-starling-71225.upstash.io"}
2026-04-22 14:28:36 [WARN]: Redis error — leaderboard will use MongoDB fallback {"error":"getaddrinfo ENOTFOUND mint-starling-71225.upstash.io"}
2026-04-22 14:28:38 [WARN]: Redis error — leaderboard will use MongoDB fallback {"error":"getaddrinfo ENOTFOUND mint-starling-71225.upstash.io"}
2026-04-22 14:28:40 [WARN]: Redis error — leaderboard will use MongoDB fallback {"error":"getaddrinfo ENOTFOUND mint-starling-71225.upstash.io"}
2026-04-22 14:28:42 [WARN]: Redis error — leaderboard will use MongoDB fallback {"error":"getaddrinfo ENOTFOUND mint-starling-71225.upstash.io"}
2026-04-22 14:28:44 [WARN]: Redis error — leaderboard will use MongoDB fallback {"error":"getaddrinfo ENOTFOUND mint-starling-71225.upstash.io"}
2026-04-22 14:28:46 [WARN]: Redis error — leaderboard will use MongoDB fallback {"error":"getaddrinfo ENOTFOUND mint-starling-71225.upstash.io"}
2026-04-22 14:28:48 [WARN]: Redis error — leaderboard will use MongoDB fallback {"error":"getaddrinfo ENOTFOUND mint-starling-71225.upstash.io"}
2026-04-22 14:28:50 [WARN]: Redis error — leaderboard will use MongoDB fallback {"error":"getaddrinfo ENOTFOUND mint-starling-71225.upstash.io"}
2026-04-22 14:28:52 [WARN]: Redis error — leaderboard will use MongoDB fallback {"error":"getaddrinfo ENOTFOUND mint-starling-71225.upstash.io"}
2026-04-22 14:28:54 [WARN]: Redis error — leaderboard will use MongoDB fallback {"error":"getaddrinfo ENOTFOUND mint-starling-71225.upstash.io"}
2026-04-22 14:28:56 [WARN]: Redis error — leaderboard will use MongoDB fallback {"error":"getaddrinfo ENOTFOUND mint-starling-71225.upstash.io"}
2026-04-22 14:28:58 [WARN]: Redis error — leaderboard will use MongoDB fallback {"error":"getaddrinfo ENOTFOUND mint-starling-71225.upstash.io"}
2026-04-22 14:29:00 [WARN]: Redis error — leaderboard will use MongoDB fallback {"error":"getaddrinfo ENOTFOUND mint-starling-71225.upstash.io"}
2026-04-22 14:29:05 [WARN]: Redis error — leaderboard will use MongoDB fallback {"error":"getaddrinfo ENOTFOUND mint-starling-71225.upstash.io"}
2026-04-22 14:29:07 [WARN]: Redis error — leaderboard will use MongoDB fallback {"error":"getaddrinfo ENOTFOUND mint-starling-71225.upstash.io"}
2026-04-22 14:29:09 [WARN]: Redis error — leaderboard will use MongoDB fallback {"error":"getaddrinfo ENOTFOUND mint-starling-71225.upstash.io"}
2026-04-22 14:29:11 [WARN]: Redis error — leaderboard will use MongoDB fallback {"error":"getaddrinfo ENOTFOUND mint-starling-71225.upstash.io"}
2026-04-22 14:29:13 [WARN]: Redis error — leaderboard will use MongoDB fallback {"error":"getaddrinfo ENOTFOUND mint-starling-71225.upstash.io"}
2026-04-22 14:29:15 [WARN]: Redis error — leaderboard will use MongoDB fallback {"error":"getaddrinfo ENOTFOUND mint-starling-71225.upstash.io"}
2026-04-22 14:29:17 [WARN]: Redis error — leaderboard will use MongoDB fallback {"error":"getaddrinfo ENOTFOUND mint-starling-71225.upstash.io"}
2026-04-22 14:29:19 [WARN]: Redis error — leaderboard will use MongoDB fallback {"error":"getaddrinfo ENOTFOUND mint-starling-71225.upstash.io"}
2026-04-22 14:29:21 [WARN]: Redis error — leaderboard will use MongoDB fallback {"error":"getaddrinfo ENOTFOUND mint-starling-71225.upstash.io"}
2026-04-22 14:29:23 [WARN]: Redis error — leaderboard will use MongoDB fallback {"error":"getaddrinfo ENOTFOUND mint-starling-71225.upstash.io"}
2026-04-22 14:29:25 [WARN]: Redis error — leaderboard will use MongoDB fallback {"error":"getaddrinfo ENOTFOUND mint-starling-71225.upstash.io"}
2026-04-22 14:29:27 [WARN]: Redis error — leaderboard will use MongoDB fallback {"error":"getaddrinfo ENOTFOUND mint-starling-71225.upstash.io"}
2026-04-22 14:29:29 [WARN]: Redis error — leaderboard will use MongoDB fallback {"error":"getaddrinfo ENOTFOUND mint-starling-71225.upstash.io"}
2026-04-22 14:29:31 [WARN]: Redis error — leaderboard will use MongoDB fallback {"error":"getaddrinfo ENOTFOUND mint-starling-71225.upstash.io"}
2026-04-22 14:29:33 [WARN]: Redis error — leaderboard will use MongoDB fallback {"error":"getaddrinfo ENOTFOUND mint-starling-71225.upstash.io"}
2026-04-22 14:29:35 [WARN]: Redis error — leaderboard will use MongoDB fallback {"error":"getaddrinfo ENOTFOUND mint-starling-71225.upstash.io"}
2026-04-22 14:29:38 [WARN]: Redis error — leaderboard will use MongoDB fallback {"error":"getaddrinfo ENOTFOUND mint-starling-71225.upstash.io"}
2026-04-22 14:29:40 [WARN]: Redis error — leaderboard will use MongoDB fallback {"error":"getaddrinfo ENOTFOUND mint-starling-71225.upstash.io"}
2026-04-22 14:29:42 [WARN]: Redis error — leaderboard will use MongoDB fallback {"error":"getaddrinfo ENOTFOUND mint-starling-71225.upstash.io"}
2026-04-22 14:29:44 [WARN]: Redis error — leaderboard will use MongoDB fallback {"error":"getaddrinfo ENOTFOUND mint-starling-71225.upstash.io"}
2026-04-22 14:29:46 [WARN]: Redis error — leaderboard will use MongoDB fallback {"error":"getaddrinfo ENOTFOUND mint-starling-71225.upstash.io"}
2026-04-22 14:29:48 [WARN]: Redis error — leaderboard will use MongoDB fallback {"error":"getaddrinfo ENOTFOUND mint-starling-71225.upstash.io"}
2026-04-22 14:29:50 [WARN]: Redis error — leaderboard will use MongoDB fallback {"error":"getaddrinfo ENOTFOUND mint-starling-71225.upstash.io"}
2026-04-22 14:29:52 [WARN]: Redis error — leaderboard will use MongoDB fallback {"error":"getaddrinfo ENOTFOUND mint-starling-71225.upstash.io"}
2026-04-22 14:29:54 [WARN]: Redis error — leaderboard will use MongoDB fallback {"error":"getaddrinfo ENOTFOUND mint-starling-71225.upstash.io"}
2026-04-22 14:29:56 [WARN]: Redis error — leaderboard will use MongoDB fallback {"error":"getaddrinfo ENOTFOUND mint-starling-71225.upstash.io"}
2026-04-22 14:29:58 [WARN]: Redis error — leaderboard will use MongoDB fallback {"error":"getaddrinfo ENOTFOUND mint-starling-71225.upstash.io"}
2026-04-22 14:30:00 [WARN]: Redis error — leaderboard will use MongoDB fallback {"error":"getaddrinfo ENOTFOUND mint-starling-71225.upstash.io"}
2026-04-22 14:30:02 [WARN]: Redis error — leaderboard will use MongoDB fallback {"error":"getaddrinfo ENOTFOUND mint-starling-71225.upstash.io"}
2026-04-22 14:30:04 [WARN]: Redis error — leaderboard will use MongoDB fallback {"error":"getaddrinfo ENOTFOUND mint-starling-71225.upstash.io"}
2026-04-22 14:30:06 [WARN]: Redis error — leaderboard will use MongoDB fallback {"error":"getaddrinfo ENOTFOUND mint-starling-71225.upstash.io"}
2026-04-22 14:30:08 [WARN]: Redis error — leaderboard will use MongoDB fallback {"error":"getaddrinfo ENOTFOUND mint-starling-71225.upstash.io"}
2026-04-22 14:30:10 [WARN]: Redis error — leaderboard will use MongoDB fallback {"error":"getaddrinfo ENOTFOUND mint-starling-71225.upstash.io"}
2026-04-22 14:30:12 [WARN]: Redis error — leaderboard will use MongoDB fallback {"error":"getaddrinfo ENOTFOUND mint-starling-71225.upstash.io"}
2026-04-22 14:30:14 [WARN]: Redis error — leaderboard will use MongoDB fallback {"error":"getaddrinfo ENOTFOUND mint-starling-71225.upstash.io"}
2026-04-22 14:30:16 [WARN]: Redis error — leaderboard will use MongoDB fallback {"error":"getaddrinfo ENOTFOUND mint-starling-71225.upstash.io"}
2026-04-22 14:30:18 [WARN]: Redis error — leaderboard will use MongoDB fallback {"error":"getaddrinfo ENOTFOUND mint-starling-71225.upstash.io"}
2026-04-22 14:30:20 [WARN]: Redis error — leaderboard will use MongoDB fallback {"error":"getaddrinfo ENOTFOUND mint-starling-71225.upstash.io"}
2026-04-22 14:30:22 [WARN]: Redis error — leaderboard will use MongoDB fallback {"error":"getaddrinfo ENOTFOUND mint-starling-71225.upstash.io"}
2026-04-22 14:30:24 [WARN]: Redis error — leaderboard will use MongoDB fallback {"error":"getaddrinfo ENOTFOUND mint-starling-71225.upstash.io"}
2026-04-22 14:30:26 [WARN]: Redis error — leaderboard will use MongoDB fallback {"error":"getaddrinfo ENOTFOUND mint-starling-71225.upstash.io"}
2026-04-22 14:30:28 [WARN]: Redis error — leaderboard will use MongoDB fallback {"error":"getaddrinfo ENOTFOUND mint-starling-71225.upstash.io"}
2026-04-22 14:30:30 [WARN]: Redis error — leaderboard will use MongoDB fallback {"error":"getaddrinfo ENOTFOUND mint-starling-71225.upstash.io"}
2026-04-22 14:30:32 [WARN]: Redis error — leaderboard will use MongoDB fallback {"error":"getaddrinfo ENOTFOUND mint-starling-71225.upstash.io"}
2026-04-22 14:30:34 [WARN]: Redis error — leaderboard will use MongoDB fallback {"error":"getaddrinfo ENOTFOUND mint-starling-71225.upstash.io"}
2026-04-22 14:30:36 [WARN]: Redis error — leaderboard will use MongoDB fallback {"error":"getaddrinfo ENOTFOUND mint-starling-71225.upstash.io"}
2026-04-22 14:30:38 [WARN]: Redis error — leaderboard will use MongoDB fallback {"error":"getaddrinfo ENOTFOUND mint-starling-71225.upstash.io"}
2026-04-22 14:30:40 [WARN]: Redis error — leaderboard will use MongoDB fallback {"error":"getaddrinfo ENOTFOUND mint-starling-71225.upstash.io"}
2026-04-22 14:30:42 [WARN]: Redis error — leaderboard will use MongoDB fallback {"error":"getaddrinfo ENOTFOUND mint-starling-71225.upstash.io"}
2026-04-22 14:30:44 [WARN]: Redis error — leaderboard will use MongoDB fallback {"error":"getaddrinfo ENOTFOUND mint-starling-71225.upstash.io"}
2026-04-22 14:30:46 [WARN]: Redis error — leaderboard will use MongoDB fallback {"error":"getaddrinfo ENOTFOUND mint-starling-71225.upstash.io"}
2026-04-22 14:30:48 [WARN]: Redis error — leaderboard will use MongoDB fallback {"error":"getaddrinfo ENOTFOUND mint-starling-71225.upstash.io"}
2026-04-22 14:30:50 [WARN]: Redis error — leaderboard will use MongoDB fallback {"error":"getaddrinfo ENOTFOUND mint-starling-71225.upstash.io"}
2026-04-22 14:30:52 [WARN]: Redis error — leaderboard will use MongoDB fallback {"error":"getaddrinfo ENOTFOUND mint-starling-71225.upstash.io"}
2026-04-22 14:30:54 [WARN]: Redis error — leaderboard will use MongoDB fallback {"error":"getaddrinfo ENOTFOUND mint-starling-71225.upstash.io"}
2026-04-22 14:30:56 [WARN]: Redis error — leaderboard will use MongoDB fallback {"error":"getaddrinfo ENOTFOUND mint-starling-71225.upstash.io"}
2026-04-22 14:30:58 [WARN]: Redis error — leaderboard will use MongoDB fallback {"error":"getaddrinfo ENOTFOUND mint-starling-71225.upstash.io"}
2026-04-22 14:31:00 [WARN]: Redis error — leaderboard will use MongoDB fallback {"error":"getaddrinfo ENOTFOUND mint-starling-71225.upstash.io"}
2026-04-22 14:31:02 [WARN]: Redis error — leaderboard will use MongoDB fallback {"error":"getaddrinfo ENOTFOUND mint-starling-71225.upstash.io"}
2026-04-22 14:31:04 [WARN]: Redis error — leaderboard will use MongoDB fallback {"error":"getaddrinfo ENOTFOUND mint-starling-71225.upstash.io"}
2026-04-22 14:31:06 [WARN]: Redis error — leaderboard will use MongoDB fallback {"error":"getaddrinfo ENOTFOUND mint-starling-71225.upstash.io"}
2026-04-22 14:31:08 [WARN]: Redis error — leaderboard will use MongoDB fallback {"error":"getaddrinfo ENOTFOUND mint-starling-71225.upstash.io"}
2026-04-22 14:31:10 [WARN]: Redis error — leaderboard will use MongoDB fallback {"error":"getaddrinfo ENOTFOUND mint-starling-71225.upstash.io"}
2026-04-22 14:31:12 [WARN]: Redis error — leaderboard will use MongoDB fallback {"error":"getaddrinfo ENOTFOUND mint-starling-71225.upstash.io"}
2026-04-22 14:31:14 [WARN]: Redis error — leaderboard will use MongoDB fallback {"error":"getaddrinfo ENOTFOUND mint-starling-71225.upstash.io"}
2026-04-22 14:31:16 [WARN]: Redis error — leaderboard will use MongoDB fallback {"error":"getaddrinfo ENOTFOUND mint-starling-71225.upstash.io"}
2026-04-22 14:31:18 [WARN]: Redis error — leaderboard will use MongoDB fallback {"error":"getaddrinfo ENOTFOUND mint-starling-71225.upstash.io"}
2026-04-22 14:31:20 [WARN]: Redis error — leaderboard will use MongoDB fallback {"error":"getaddrinfo ENOTFOUND mint-starling-71225.upstash.io"}
2026-04-22 14:31:22 [WARN]: Redis error — leaderboard will use MongoDB fallback {"error":"getaddrinfo ENOTFOUND mint-starling-71225.upstash.io"}
2026-04-22 14:31:24 [WARN]: Redis error — leaderboard will use MongoDB fallback {"error":"getaddrinfo ENOTFOUND mint-starling-71225.upstash.io"}
2026-04-22 14:31:26 [WARN]: Redis error — leaderboard will use MongoDB fallback {"error":"getaddrinfo ENOTFOUND mint-starling-71225.upstash.io"}
2026-04-22 14:31:28 [WARN]: Redis error — leaderboard will use MongoDB fallback {"error":"getaddrinfo ENOTFOUND mint-starling-71225.upstash.io"}
2026-04-22 14:31:30 [WARN]: Redis error — leaderboard will use MongoDB fallback {"error":"getaddrinfo ENOTFOUND mint-starling-71225.upstash.io"}
2026-04-22 14:31:32 [WARN]: Redis error — leaderboard will use MongoDB fallback {"error":"getaddrinfo ENOTFOUND mint-starling-71225.upstash.io"}
2026-04-22 14:31:34 [WARN]: Redis error — leaderboard will use MongoDB fallback {"error":"getaddrinfo ENOTFOUND mint-starling-71225.upstash.io"}
2026-04-22 14:31:36 [WARN]: Redis error — leaderboard will use MongoDB fallback {"error":"getaddrinfo ENOTFOUND mint-starling-71225.upstash.io"}
2026-04-22 14:31:38 [WARN]: Redis error — leaderboard will use MongoDB fallback {"error":"getaddrinfo ENOTFOUND mint-starling-71225.upstash.io"}
2026-04-22 14:31:40 [WARN]: Redis error — leaderboard will use MongoDB fallback {"error":"getaddrinfo ENOTFOUND mint-starling-71225.upstash.io"}
2026-04-22 14:31:42 [WARN]: Redis error — leaderboard will use MongoDB fallback {"error":"getaddrinfo ENOTFOUND mint-starling-71225.upstash.io"}
2026-04-22 14:31:44 [WARN]: Redis error — leaderboard will use MongoDB fallback {"error":"getaddrinfo ENOTFOUND mint-starling-71225.upstash.io"}
2026-04-22 14:31:46 [WARN]: Redis error — leaderboard will use MongoDB fallback {"error":"getaddrinfo ENOTFOUND mint-starling-71225.upstash.io"}
2026-04-22 14:31:48 [WARN]: Redis error — leaderboard will use MongoDB fallback {"error":"getaddrinfo ENOTFOUND mint-starling-71225.upstash.io"}
2026-04-22 14:31:50 [WARN]: Redis error — leaderboard will use MongoDB fallback {"error":"getaddrinfo ENOTFOUND mint-starling-71225.upstash.io"}
2026-04-22 14:31:52 [WARN]: Redis error — leaderboard will use MongoDB fallback {"error":"getaddrinfo ENOTFOUND mint-starling-71225.upstash.io"}
2026-04-22 14:31:54 [WARN]: Redis error — leaderboard will use MongoDB fallback {"error":"getaddrinfo ENOTFOUND mint-starling-71225.upstash.io"}
2026-04-22 14:31:56 [WARN]: Redis error — leaderboard will use MongoDB fallback {"error":"getaddrinfo ENOTFOUND mint-starling-71225.upstash.io"}
2026-04-22 14:31:58 [WARN]: Redis error — leaderboard will use MongoDB fallback {"error":"getaddrinfo ENOTFOUND mint-starling-71225.upstash.io"}
2026-04-22 14:32:00 [WARN]: Redis error — leaderboard will use MongoDB fallback {"error":"getaddrinfo ENOTFOUND mint-starling-71225.upstash.io"}
2026-04-22 14:32:02 [WARN]: Redis error — leaderboard will use MongoDB fallback {"error":"getaddrinfo ENOTFOUND mint-starling-71225.upstash.io"}
2026-04-22 14:32:04 [WARN]: Redis error — leaderboard will use MongoDB fallback {"error":"getaddrinfo ENOTFOUND mint-starling-71225.upstash.io"}
2026-04-22 14:32:06 [WARN]: Redis error — leaderboard will use MongoDB fallback {"error":"getaddrinfo ENOTFOUND mint-starling-71225.upstash.io"}
2026-04-22 14:32:09 [WARN]: Redis error — leaderboard will use MongoDB fallback {"error":"getaddrinfo ENOTFOUND mint-starling-71225.upstash.io"}
2026-04-22 14:32:11 [WARN]: Redis error — leaderboard will use MongoDB fallback {"error":"getaddrinfo ENOTFOUND mint-starling-71225.upstash.io"}
2026-04-22 14:32:13 [WARN]: Redis error — leaderboard will use MongoDB fallback {"error":"getaddrinfo ENOTFOUND mint-starling-71225.upstash.io"}
2026-04-22 14:32:15 [WARN]: Redis error — leaderboard will use MongoDB fallback {"error":"getaddrinfo ENOTFOUND mint-starling-71225.upstash.io"}
2026-04-22 14:32:17 [WARN]: Redis error — leaderboard will use MongoDB fallback {"error":"getaddrinfo ENOTFOUND mint-starling-71225.upstash.io"}
2026-04-22 14:32:19 [WARN]: Redis error — leaderboard will use MongoDB fallback {"error":"getaddrinfo ENOTFOUND mint-starling-71225.upstash.io"}
2026-04-22 14:32:21 [WARN]: Redis error — leaderboard will use MongoDB fallback {"error":"getaddrinfo ENOTFOUND mint-starling-71225.upstash.io"}
2026-04-22 14:32:23 [WARN]: Redis error — leaderboard will use MongoDB fallback {"error":"getaddrinfo ENOTFOUND mint-starling-71225.upstash.io"}
2026-04-22 14:32:25 [WARN]: Redis error — leaderboard will use MongoDB fallback {"error":"getaddrinfo ENOTFOUND mint-starling-71225.upstash.io"}
2026-04-22 14:32:27 [WARN]: Redis error — leaderboard will use MongoDB fallback {"error":"getaddrinfo ENOTFOUND mint-starling-71225.upstash.io"}
2026-04-22 14:32:29 [WARN]: Redis error — leaderboard will use MongoDB fallback {"error":"getaddrinfo ENOTFOUND mint-starling-71225.upstash.io"}
2026-04-22 14:32:31 [WARN]: Redis error — leaderboard will use MongoDB fallback {"error":"getaddrinfo ENOTFOUND mint-starling-71225.upstash.io"}
2026-04-22 14:32:33 [WARN]: Redis error — leaderboard will use MongoDB fallback {"error":"getaddrinfo ENOTFOUND mint-starling-71225.upstash.io"}
2026-04-22 14:32:35 [WARN]: Redis error — leaderboard will use MongoDB fallback {"error":"getaddrinfo ENOTFOUND mint-starling-71225.upstash.io"}
2026-04-22 14:32:37 [WARN]: Redis error — leaderboard will use MongoDB fallback {"error":"getaddrinfo ENOTFOUND mint-starling-71225.upstash.io"}
2026-04-22 14:32:39 [WARN]: Redis error — leaderboard will use MongoDB fallback {"error":"getaddrinfo ENOTFOUND mint-starling-71225.upstash.io"}
2026-04-22 14:32:41 [WARN]: Redis error — leaderboard will use MongoDB fallback {"error":"getaddrinfo ENOTFOUND mint-starling-71225.upstash.io"}
2026-04-22 14:32:43 [WARN]: Redis error — leaderboard will use MongoDB fallback {"error":"getaddrinfo ENOTFOUND mint-starling-71225.upstash.io"}
2026-04-22 14:32:45 [WARN]: Redis error — leaderboard will use MongoDB fallback {"error":"getaddrinfo ENOTFOUND mint-starling-71225.upstash.io"}
2026-04-22 14:32:47 [WARN]: Redis error — leaderboard will use MongoDB fallback {"error":"getaddrinfo ENOTFOUND mint-starling-71225.upstash.io"}
2026-04-22 14:32:49 [WARN]: Redis error — leaderboard will use MongoDB fallback {"error":"getaddrinfo ENOTFOUND mint-starling-71225.upstash.io"}
2026-04-22 14:32:51 [WARN]: Redis error — leaderboard will use MongoDB fallback {"error":"getaddrinfo ENOTFOUND mint-starling-71225.upstash.io"}
2026-04-22 14:32:53 [WARN]: Redis error — leaderboard will use MongoDB fallback {"error":"getaddrinfo ENOTFOUND mint-starling-71225.upstash.io"}
2026-04-22 14:32:55 [WARN]: Redis error — leaderboard will use MongoDB fallback {"error":"getaddrinfo ENOTFOUND mint-starling-71225.upstash.io"}
2026-04-22 14:32:57 [WARN]: Redis error — leaderboard will use MongoDB fallback {"error":"getaddrinfo ENOTFOUND mint-starling-71225.upstash.io"}
2026-04-22 14:32:59 [WARN]: Redis error — leaderboard will use MongoDB fallback {"error":"getaddrinfo ENOTFOUND mint-starling-71225.upstash.io"}
2026-04-22 14:33:01 [WARN]: Redis error — leaderboard will use MongoDB fallback {"error":"getaddrinfo ENOTFOUND mint-starling-71225.upstash.io"}
2026-04-22 14:33:03 [WARN]: Redis error — leaderboard will use MongoDB fallback {"error":"getaddrinfo ENOTFOUND mint-starling-71225.upstash.io"}
2026-04-22 14:33:05 [WARN]: Redis error — leaderboard will use MongoDB fallback {"error":"getaddrinfo ENOTFOUND mint-starling-71225.upstash.io"}
2026-04-22 14:33:07 [WARN]: Redis error — leaderboard will use MongoDB fallback {"error":"getaddrinfo ENOTFOUND mint-starling-71225.upstash.io"}
2026-04-22 14:33:09 [WARN]: Redis error — leaderboard will use MongoDB fallback {"error":"getaddrinfo ENOTFOUND mint-starling-71225.upstash.io"}
2026-04-22 14:33:11 [WARN]: Redis error — leaderboard will use MongoDB fallback {"error":"getaddrinfo ENOTFOUND mint-starling-71225.upstash.io"}
2026-04-22 14:33:13 [WARN]: Redis error — leaderboard will use MongoDB fallback {"error":"getaddrinfo ENOTFOUND mint-starling-71225.upstash.io"}
2026-04-22 14:33:15 [WARN]: Redis error — leaderboard will use MongoDB fallback {"error":"getaddrinfo ENOTFOUND mint-starling-71225.upstash.io"}
2026-04-22 14:33:17 [WARN]: Redis error — leaderboard will use MongoDB fallback {"error":"getaddrinfo ENOTFOUND mint-starling-71225.upstash.io"}
2026-04-22 14:33:19 [WARN]: Redis error — leaderboard will use MongoDB fallback {"error":"getaddrinfo ENOTFOUND mint-starling-71225.upstash.io"}
2026-04-22 14:33:21 [WARN]: Redis error — leaderboard will use MongoDB fallback {"error":"getaddrinfo ENOTFOUND mint-starling-71225.upstash.io"}
2026-04-22 14:33:23 [WARN]: Redis error — leaderboard will use MongoDB fallback {"error":"getaddrinfo ENOTFOUND mint-starling-71225.upstash.io"}
2026-04-22 14:33:25 [WARN]: Redis error — leaderboard will use MongoDB fallback {"error":"getaddrinfo ENOTFOUND mint-starling-71225.upstash.io"}
2026-04-22 14:33:27 [WARN]: Redis error — leaderboard will use MongoDB fallback {"error":"getaddrinfo ENOTFOUND mint-starling-71225.upstash.io"}
2026-04-22 14:33:29 [WARN]: Redis error — leaderboard will use MongoDB fallback {"error":"getaddrinfo ENOTFOUND mint-starling-71225.upstash.io"}
2026-04-22 14:33:31 [WARN]: Redis error — leaderboard will use MongoDB fallback {"error":"getaddrinfo ENOTFOUND mint-starling-71225.upstash.io"}
2026-04-22 14:33:33 [WARN]: Redis error — leaderboard will use MongoDB fallback {"error":"getaddrinfo ENOTFOUND mint-starling-71225.upstash.io"}
2026-04-22 14:33:35 [WARN]: Redis error — leaderboard will use MongoDB fallback {"error":"getaddrinfo ENOTFOUND mint-starling-71225.upstash.io"}
2026-04-22 14:33:37 [WARN]: Redis error — leaderboard will use MongoDB fallback {"error":"getaddrinfo ENOTFOUND mint-starling-71225.upstash.io"}
2026-04-22 14:33:39 [WARN]: Redis error — leaderboard will use MongoDB fallback {"error":"getaddrinfo ENOTFOUND mint-starling-71225.upstash.io"}
2026-04-22 14:33:41 [WARN]: Redis error — leaderboard will use MongoDB fallback {"error":"getaddrinfo ENOTFOUND mint-starling-71225.upstash.io"}
2026-04-22 14:33:43 [WARN]: Redis error — leaderboard will use MongoDB fallback {"error":"getaddrinfo ENOTFOUND mint-starling-71225.upstash.io"}
2026-04-22 14:33:45 [WARN]: Redis error — leaderboard will use MongoDB fallback {"error":"getaddrinfo ENOTFOUND mint-starling-71225.upstash.io"}
2026-04-22 14:33:47 [WARN]: Redis error — leaderboard will use MongoDB fallback {"error":"getaddrinfo ENOTFOUND mint-starling-71225.upstash.io"}
2026-04-22 14:33:49 [WARN]: Redis error — leaderboard will use MongoDB fallback {"error":"getaddrinfo ENOTFOUND mint-starling-71225.upstash.io"}
2026-04-22 14:33:51 [WARN]: Redis error — leaderboard will use MongoDB fallback {"error":"getaddrinfo ENOTFOUND mint-starling-71225.upstash.io"}
2026-04-22 14:33:53 [WARN]: Redis error — leaderboard will use MongoDB fallback {"error":"getaddrinfo ENOTFOUND mint-starling-71225.upstash.io"}
2026-04-22 14:33:55 [WARN]: Redis error — leaderboard will use MongoDB fallback {"error":"getaddrinfo ENOTFOUND mint-starling-71225.upstash.io"}
2026-04-22 14:33:57 [WARN]: Redis error — leaderboard will use MongoDB fallback {"error":"getaddrinfo ENOTFOUND mint-starling-71225.upstash.io"}
2026-04-22 14:33:59 [WARN]: Redis error — leaderboard will use MongoDB fallback {"error":"getaddrinfo ENOTFOUND mint-starling-71225.upstash.io"}
2026-04-22 14:34:01 [WARN]: Redis error — leaderboard will use MongoDB fallback {"error":"getaddrinfo ENOTFOUND mint-starling-71225.upstash.io"}
2026-04-22 14:34:03 [WARN]: Redis error — leaderboard will use MongoDB fallback {"error":"getaddrinfo ENOTFOUND mint-starling-71225.upstash.io"}
2026-04-22 14:34:05 [WARN]: Redis error — leaderboard will use MongoDB fallback {"error":"getaddrinfo ENOTFOUND mint-starling-71225.upstash.io"}
2026-04-22 14:34:07 [WARN]: Redis error — leaderboard will use MongoDB fallback {"error":"getaddrinfo ENOTFOUND mint-starling-71225.upstash.io"}
2026-04-22 14:34:09 [WARN]: Redis error — leaderboard will use MongoDB fallback {"error":"getaddrinfo ENOTFOUND mint-starling-71225.upstash.io"}
2026-04-22 14:34:11 [WARN]: Redis error — leaderboard will use MongoDB fallback {"error":"getaddrinfo ENOTFOUND mint-starling-71225.upstash.io"}
2026-04-22 14:34:13 [WARN]: Redis error — leaderboard will use MongoDB fallback {"error":"getaddrinfo ENOTFOUND mint-starling-71225.upstash.io"}
2026-04-22 14:34:15 [WARN]: Redis error — leaderboard will use MongoDB fallback {"error":"getaddrinfo ENOTFOUND mint-starling-71225.upstash.io"}
2026-04-22 14:34:17 [WARN]: Redis error — leaderboard will use MongoDB fallback {"error":"getaddrinfo ENOTFOUND mint-starling-71225.upstash.io"}
2026-04-22 14:34:19 [WARN]: Redis error — leaderboard will use MongoDB fallback {"error":"getaddrinfo ENOTFOUND mint-starling-71225.upstash.io"}
2026-04-22 14:34:21 [WARN]: Redis error — leaderboard will use MongoDB fallback {"error":"getaddrinfo ENOTFOUND mint-starling-71225.upstash.io"}
2026-04-22 14:34:23 [WARN]: Redis error — leaderboard will use MongoDB fallback {"error":"getaddrinfo ENOTFOUND mint-starling-71225.upstash.io"}
2026-04-22 14:34:25 [WARN]: Redis error — leaderboard will use MongoDB fallback {"error":"getaddrinfo ENOTFOUND mint-starling-71225.upstash.io"}
2026-04-22 14:34:27 [WARN]: Redis error — leaderboard will use MongoDB fallback {"error":"getaddrinfo ENOTFOUND mint-starling-71225.upstash.io"}
2026-04-22 14:34:29 [WARN]: Redis error — leaderboard will use MongoDB fallback {"error":"getaddrinfo ENOTFOUND mint-starling-71225.upstash.io"}
2026-04-22 14:34:31 [WARN]: Redis error — leaderboard will use MongoDB fallback {"error":"getaddrinfo ENOTFOUND mint-starling-71225.upstash.io"}
2026-04-22 14:34:33 [WARN]: Redis error — leaderboard will use MongoDB fallback {"error":"getaddrinfo ENOTFOUND mint-starling-71225.upstash.io"}
2026-04-22 14:34:35 [WARN]: Redis error — leaderboard will use MongoDB fallback {"error":"getaddrinfo ENOTFOUND mint-starling-71225.upstash.io"}
2026-04-22 14:34:37 [WARN]: Redis error — leaderboard will use MongoDB fallback {"error":"getaddrinfo ENOTFOUND mint-starling-71225.upstash.io"}
2026-04-22 14:34:39 [WARN]: Redis error — leaderboard will use MongoDB fallback {"error":"getaddrinfo ENOTFOUND mint-starling-71225.upstash.io"}
2026-04-22 14:34:41 [WARN]: Redis error — leaderboard will use MongoDB fallback {"error":"getaddrinfo ENOTFOUND mint-starling-71225.upstash.io"}
2026-04-22 14:34:44 [WARN]: Redis error — leaderboard will use MongoDB fallback {"error":"getaddrinfo ENOTFOUND mint-starling-71225.upstash.io"}
2026-04-22 14:34:46 [WARN]: Redis error — leaderboard will use MongoDB fallback {"error":"getaddrinfo ENOTFOUND mint-starling-71225.upstash.io"}
2026-04-22 14:34:48 [WARN]: Redis error — leaderboard will use MongoDB fallback {"error":"getaddrinfo ENOTFOUND mint-starling-71225.upstash.io"}
2026-04-22 14:34:50 [WARN]: Redis error — leaderboard will use MongoDB fallback {"error":"getaddrinfo ENOTFOUND mint-starling-71225.upstash.io"}
2026-04-22 14:34:52 [WARN]: Redis error — leaderboard will use MongoDB fallback {"error":"getaddrinfo ENOTFOUND mint-starling-71225.upstash.io"}
2026-04-22 14:34:54 [WARN]: Redis error — leaderboard will use MongoDB fallback {"error":"getaddrinfo ENOTFOUND mint-starling-71225.upstash.io"}
2026-04-22 14:34:56 [WARN]: Redis error — leaderboard will use MongoDB fallback {"error":"getaddrinfo ENOTFOUND mint-starling-71225.upstash.io"}
2026-04-22 14:34:58 [WARN]: Redis error — leaderboard will use MongoDB fallback {"error":"getaddrinfo ENOTFOUND mint-starling-71225.upstash.io"}
2026-04-22 14:35:00 [WARN]: Redis error — leaderboard will use MongoDB fallback {"error":"getaddrinfo ENOTFOUND mint-starling-71225.upstash.io"}
2026-04-22 14:35:02 [WARN]: Redis error — leaderboard will use MongoDB fallback {"error":"getaddrinfo ENOTFOUND mint-starling-71225.upstash.io"}
2026-04-22 14:35:04 [WARN]: Redis error — leaderboard will use MongoDB fallback {"error":"getaddrinfo ENOTFOUND mint-starling-71225.upstash.io"}
2026-04-22 14:35:06 [WARN]: Redis error — leaderboard will use MongoDB fallback {"error":"getaddrinfo ENOTFOUND mint-starling-71225.upstash.io"}
2026-04-22 14:35:08 [WARN]: Redis error — leaderboard will use MongoDB fallback {"error":"getaddrinfo ENOTFOUND mint-starling-71225.upstash.io"}
2026-04-22 14:35:10 [WARN]: Redis error — leaderboard will use MongoDB fallback {"error":"getaddrinfo ENOTFOUND mint-starling-71225.upstash.io"}
2026-04-22 14:35:12 [WARN]: Redis error — leaderboard will use MongoDB fallback {"error":"getaddrinfo ENOTFOUND mint-starling-71225.upstash.io"}
2026-04-22 14:35:14 [WARN]: Redis error — leaderboard will use MongoDB fallback {"error":"getaddrinfo ENOTFOUND mint-starling-71225.upstash.io"}
2026-04-22 14:35:16 [WARN]: Redis error — leaderboard will use MongoDB fallback {"error":"getaddrinfo ENOTFOUND mint-starling-71225.upstash.io"}
2026-04-22 14:35:18 [WARN]: Redis error — leaderboard will use MongoDB fallback {"error":"getaddrinfo ENOTFOUND mint-starling-71225.upstash.io"}
2026-04-22 14:35:20 [WARN]: Redis error — leaderboard will use MongoDB fallback {"error":"getaddrinfo ENOTFOUND mint-starling-71225.upstash.io"}
2026-04-22 14:35:22 [WARN]: Redis error — leaderboard will use MongoDB fallback {"error":"getaddrinfo ENOTFOUND mint-starling-71225.upstash.io"}
2026-04-22 14:35:24 [WARN]: Redis error — leaderboard will use MongoDB fallback {"error":"getaddrinfo ENOTFOUND mint-starling-71225.upstash.io"}
2026-04-22 14:35:26 [WARN]: Redis error — leaderboard will use MongoDB fallback {"error":"getaddrinfo ENOTFOUND mint-starling-71225.upstash.io"}
2026-04-22 14:35:28 [WARN]: Redis error — leaderboard will use MongoDB fallback {"error":"getaddrinfo ENOTFOUND mint-starling-71225.upstash.io"}
2026-04-22 14:35:30 [WARN]: Redis error — leaderboard will use MongoDB fallback {"error":"getaddrinfo ENOTFOUND mint-starling-71225.upstash.io"}
2026-04-22 14:35:32 [WARN]: Redis error — leaderboard will use MongoDB fallback {"error":"getaddrinfo ENOTFOUND mint-starling-71225.upstash.io"}
2026-04-22 14:35:34 [WARN]: Redis error — leaderboard will use MongoDB fallback {"error":"getaddrinfo ENOTFOUND mint-starling-71225.upstash.io"}
2026-04-22 14:35:36 [WARN]: Redis error — leaderboard will use MongoDB fallback {"error":"getaddrinfo ENOTFOUND mint-starling-71225.upstash.io"}
2026-04-22 14:35:38 [WARN]: Redis error — leaderboard will use MongoDB fallback {"error":"getaddrinfo ENOTFOUND mint-starling-71225.upstash.io"}
2026-04-22 14:35:40 [WARN]: Redis error — leaderboard will use MongoDB fallback {"error":"getaddrinfo ENOTFOUND mint-starling-71225.upstash.io"}
2026-04-22 14:35:42 [WARN]: Redis error — leaderboard will use MongoDB fallback {"error":"getaddrinfo ENOTFOUND mint-starling-71225.upstash.io"}
2026-04-22 14:35:44 [WARN]: Redis error — leaderboard will use MongoDB fallback {"error":"getaddrinfo ENOTFOUND mint-starling-71225.upstash.io"}
2026-04-22 14:35:46 [WARN]: Redis error — leaderboard will use MongoDB fallback {"error":"getaddrinfo ENOTFOUND mint-starling-71225.upstash.io"}
2026-04-22 14:35:48 [WARN]: Redis error — leaderboard will use MongoDB fallback {"error":"getaddrinfo ENOTFOUND mint-starling-71225.upstash.io"}
2026-04-22 14:35:50 [WARN]: Redis error — leaderboard will use MongoDB fallback {"error":"getaddrinfo ENOTFOUND mint-starling-71225.upstash.io"}
2026-04-22 14:35:52 [WARN]: Redis error — leaderboard will use MongoDB fallback {"error":"getaddrinfo ENOTFOUND mint-starling-71225.upstash.io"}
2026-04-22 14:35:54 [WARN]: Redis error — leaderboard will use MongoDB fallback {"error":"getaddrinfo ENOTFOUND mint-starling-71225.upstash.io"}
2026-04-22 14:35:56 [WARN]: Redis error — leaderboard will use MongoDB fallback {"error":"getaddrinfo ENOTFOUND mint-starling-71225.upstash.io"}
2026-04-22 14:35:58 [WARN]: Redis error — leaderboard will use MongoDB fallback {"error":"getaddrinfo ENOTFOUND mint-starling-71225.upstash.io"}
2026-04-22 14:36:00 [WARN]: Redis error — leaderboard will use MongoDB fallback {"error":"getaddrinfo ENOTFOUND mint-starling-71225.upstash.io"}
2026-04-22 14:36:02 [WARN]: Redis error — leaderboard will use MongoDB fallback {"error":"getaddrinfo ENOTFOUND mint-starling-71225.upstash.io"}
2026-04-22 14:36:04 [WARN]: Redis error — leaderboard will use MongoDB fallback {"error":"getaddrinfo ENOTFOUND mint-starling-71225.upstash.io"}
2026-04-22 14:36:06 [WARN]: Redis error — leaderboard will use MongoDB fallback {"error":"getaddrinfo ENOTFOUND mint-starling-71225.upstash.io"}
2026-04-22 14:36:08 [WARN]: Redis error — leaderboard will use MongoDB fallback {"error":"getaddrinfo ENOTFOUND mint-starling-71225.upstash.io"}
2026-04-22 14:36:10 [WARN]: Redis error — leaderboard will use MongoDB fallback {"error":"getaddrinfo ENOTFOUND mint-starling-71225.upstash.io"}
2026-04-22 14:36:12 [WARN]: Redis error — leaderboard will use MongoDB fallback {"error":"getaddrinfo ENOTFOUND mint-starling-71225.upstash.io"}
2026-04-22 14:36:14 [WARN]: Redis error — leaderboard will use MongoDB fallback {"error":"getaddrinfo ENOTFOUND mint-starling-71225.upstash.io"}
2026-04-22 14:36:16 [WARN]: Redis error — leaderboard will use MongoDB fallback {"error":"getaddrinfo ENOTFOUND mint-starling-71225.upstash.io"}
2026-04-22 14:36:18 [WARN]: Redis error — leaderboard will use MongoDB fallback {"error":"getaddrinfo ENOTFOUND mint-starling-71225.upstash.io"}
2026-04-22 14:36:20 [WARN]: Redis error — leaderboard will use MongoDB fallback {"error":"getaddrinfo ENOTFOUND mint-starling-71225.upstash.io"}
2026-04-22 14:36:22 [WARN]: Redis error — leaderboard will use MongoDB fallback {"error":"getaddrinfo ENOTFOUND mint-starling-71225.upstash.io"}
2026-04-22 14:36:24 [WARN]: Redis error — leaderboard will use MongoDB fallback {"error":"getaddrinfo ENOTFOUND mint-starling-71225.upstash.io"}
2026-04-22 14:36:26 [WARN]: Redis error — leaderboard will use MongoDB fallback {"error":"getaddrinfo ENOTFOUND mint-starling-71225.upstash.io"}
2026-04-22 14:36:28 [WARN]: Redis error — leaderboard will use MongoDB fallback {"error":"getaddrinfo ENOTFOUND mint-starling-71225.upstash.io"}
2026-04-22 14:36:30 [WARN]: Redis error — leaderboard will use MongoDB fallback {"error":"getaddrinfo ENOTFOUND mint-starling-71225.upstash.io"}
2026-04-22 14:36:32 [WARN]: Redis error — leaderboard will use MongoDB fallback {"error":"getaddrinfo ENOTFOUND mint-starling-71225.upstash.io"}
2026-04-22 14:36:34 [WARN]: Redis error — leaderboard will use MongoDB fallback {"error":"getaddrinfo ENOTFOUND mint-starling-71225.upstash.io"}
2026-04-22 14:36:36 [WARN]: Redis error — leaderboard will use MongoDB fallback {"error":"getaddrinfo ENOTFOUND mint-starling-71225.upstash.io"}
2026-04-22 14:36:38 [WARN]: Redis error — leaderboard will use MongoDB fallback {"error":"getaddrinfo ENOTFOUND mint-starling-71225.upstash.io"}
2026-04-22 14:36:40 [WARN]: Redis error — leaderboard will use MongoDB fallback {"error":"getaddrinfo ENOTFOUND mint-starling-71225.upstash.io"}
2026-04-22 14:36:42 [WARN]: Redis error — leaderboard will use MongoDB fallback {"error":"getaddrinfo ENOTFOUND mint-starling-71225.upstash.io"}
2026-04-22 14:36:44 [WARN]: Redis error — leaderboard will use MongoDB fallback {"error":"getaddrinfo ENOTFOUND mint-starling-71225.upstash.io"}
2026-04-22 14:36:46 [WARN]: Redis error — leaderboard will use MongoDB fallback {"error":"getaddrinfo ENOTFOUND mint-starling-71225.upstash.io"}
2026-04-22 14:36:48 [WARN]: Redis error — leaderboard will use MongoDB fallback {"error":"getaddrinfo ENOTFOUND mint-starling-71225.upstash.io"}
2026-04-22 14:36:50 [WARN]: Redis error — leaderboard will use MongoDB fallback {"error":"getaddrinfo ENOTFOUND mint-starling-71225.upstash.io"}
2026-04-22 14:36:52 [WARN]: Redis error — leaderboard will use MongoDB fallback {"error":"getaddrinfo ENOTFOUND mint-starling-71225.upstash.io"}
2026-04-22 14:36:54 [WARN]: Redis error — leaderboard will use MongoDB fallback {"error":"getaddrinfo ENOTFOUND mint-starling-71225.upstash.io"}
2026-04-22 14:36:56 [WARN]: Redis error — leaderboard will use MongoDB fallback {"error":"getaddrinfo ENOTFOUND mint-starling-71225.upstash.io"}
2026-04-22 14:36:58 [WARN]: Redis error — leaderboard will use MongoDB fallback {"error":"getaddrinfo ENOTFOUND mint-starling-71225.upstash.io"}
2026-04-22 14:37:00 [WARN]: Redis error — leaderboard will use MongoDB fallback {"error":"getaddrinfo ENOTFOUND mint-starling-71225.upstash.io"}
2026-04-22 14:37:02 [WARN]: Redis error — leaderboard will use MongoDB fallback {"error":"getaddrinfo ENOTFOUND mint-starling-71225.upstash.io"}
2026-04-22 14:37:04 [WARN]: Redis error — leaderboard will use MongoDB fallback {"error":"getaddrinfo ENOTFOUND mint-starling-71225.upstash.io"}
2026-04-22 14:37:06 [WARN]: Redis error — leaderboard will use MongoDB fallback {"error":"getaddrinfo ENOTFOUND mint-starling-71225.upstash.io"}
2026-04-22 14:37:08 [WARN]: Redis error — leaderboard will use MongoDB fallback {"error":"getaddrinfo ENOTFOUND mint-starling-71225.upstash.io"}
2026-04-22 14:37:10 [WARN]: Redis error — leaderboard will use MongoDB fallback {"error":"getaddrinfo ENOTFOUND mint-starling-71225.upstash.io"}
2026-04-22 14:37:12 [WARN]: Redis error — leaderboard will use MongoDB fallback {"error":"getaddrinfo ENOTFOUND mint-starling-71225.upstash.io"}
2026-04-22 14:37:14 [WARN]: Redis error — leaderboard will use MongoDB fallback {"error":"getaddrinfo ENOTFOUND mint-starling-71225.upstash.io"}
2026-04-22 14:37:16 [WARN]: Redis error — leaderboard will use MongoDB fallback {"error":"getaddrinfo ENOTFOUND mint-starling-71225.upstash.io"}
2026-04-22 14:37:18 [WARN]: Redis error — leaderboard will use MongoDB fallback {"error":"getaddrinfo ENOTFOUND mint-starling-71225.upstash.io"}
2026-04-22 14:37:20 [WARN]: Redis error — leaderboard will use MongoDB fallback {"error":"getaddrinfo ENOTFOUND mint-starling-71225.upstash.io"}
2026-04-22 14:37:22 [WARN]: Redis error — leaderboard will use MongoDB fallback {"error":"getaddrinfo ENOTFOUND mint-starling-71225.upstash.io"}
2026-04-22 14:37:24 [WARN]: Redis error — leaderboard will use MongoDB fallback {"error":"getaddrinfo ENOTFOUND mint-starling-71225.upstash.io"}
2026-04-22 14:37:26 [WARN]: Redis error — leaderboard will use MongoDB fallback {"error":"getaddrinfo ENOTFOUND mint-starling-71225.upstash.io"}
2026-04-22 14:37:28 [WARN]: Redis error — leaderboard will use MongoDB fallback {"error":"getaddrinfo ENOTFOUND mint-starling-71225.upstash.io"}
2026-04-22 14:37:30 [WARN]: Redis error — leaderboard will use MongoDB fallback {"error":"getaddrinfo ENOTFOUND mint-starling-71225.upstash.io"}
2026-04-22 14:37:32 [WARN]: Redis error — leaderboard will use MongoDB fallback {"error":"getaddrinfo ENOTFOUND mint-starling-71225.upstash.io"}
2026-04-22 14:37:34 [WARN]: Redis error — leaderboard will use MongoDB fallback {"error":"getaddrinfo ENOTFOUND mint-starling-71225.upstash.io"}
2026-04-22 14:37:37 [WARN]: Redis error — leaderboard will use MongoDB fallback {"error":"getaddrinfo ENOTFOUND mint-starling-71225.upstash.io"}
2026-04-22 14:37:39 [WARN]: Redis error — leaderboard will use MongoDB fallback {"error":"getaddrinfo ENOTFOUND mint-starling-71225.upstash.io"}
2026-04-22 14:37:41 [WARN]: Redis error — leaderboard will use MongoDB fallback {"error":"getaddrinfo ENOTFOUND mint-starling-71225.upstash.io"}
2026-04-22 14:37:43 [WARN]: Redis error — leaderboard will use MongoDB fallback {"error":"getaddrinfo ENOTFOUND mint-starling-71225.upstash.io"}
2026-04-22 14:37:45 [WARN]: Redis error — leaderboard will use MongoDB fallback {"error":"getaddrinfo ENOTFOUND mint-starling-71225.upstash.io"}
2026-04-22 14:37:47 [WARN]: Redis error — leaderboard will use MongoDB fallback {"error":"getaddrinfo ENOTFOUND mint-starling-71225.upstash.io"}
2026-04-22 14:37:49 [WARN]: Redis error — leaderboard will use MongoDB fallback {"error":"getaddrinfo ENOTFOUND mint-starling-71225.upstash.io"}
2026-04-22 14:37:51 [WARN]: Redis error — leaderboard will use MongoDB fallback {"error":"getaddrinfo ENOTFOUND mint-starling-71225.upstash.io"}
2026-04-22 14:37:53 [WARN]: Redis error — leaderboard will use MongoDB fallback {"error":"getaddrinfo ENOTFOUND mint-starling-71225.upstash.io"}
2026-04-22 14:37:55 [WARN]: Redis error — leaderboard will use MongoDB fallback {"error":"getaddrinfo ENOTFOUND mint-starling-71225.upstash.io"}
2026-04-22 14:37:57 [WARN]: Redis error — leaderboard will use MongoDB fallback {"error":"getaddrinfo ENOTFOUND mint-starling-71225.upstash.io"}
2026-04-22 14:37:59 [WARN]: Redis error — leaderboard will use MongoDB fallback {"error":"getaddrinfo ENOTFOUND mint-starling-71225.upstash.io"}
2026-04-22 14:38:01 [WARN]: Redis error — leaderboard will use MongoDB fallback {"error":"getaddrinfo ENOTFOUND mint-starling-71225.upstash.io"}
2026-04-22 14:38:03 [WARN]: Redis error — leaderboard will use MongoDB fallback {"error":"getaddrinfo ENOTFOUND mint-starling-71225.upstash.io"}
2026-04-22 14:38:05 [WARN]: Redis error — leaderboard will use MongoDB fallback {"error":"getaddrinfo ENOTFOUND mint-starling-71225.upstash.io"}
2026-04-22 14:38:07 [WARN]: Redis error — leaderboard will use MongoDB fallback {"error":"getaddrinfo ENOTFOUND mint-starling-71225.upstash.io"}
2026-04-22 14:38:09 [WARN]: Redis error — leaderboard will use MongoDB fallback {"error":"getaddrinfo ENOTFOUND mint-starling-71225.upstash.io"}
2026-04-22 14:38:11 [WARN]: Redis error — leaderboard will use MongoDB fallback {"error":"getaddrinfo ENOTFOUND mint-starling-71225.upstash.io"}
2026-04-22 14:38:13 [WARN]: Redis error — leaderboard will use MongoDB fallback {"error":"getaddrinfo ENOTFOUND mint-starling-71225.upstash.io"}
2026-04-22 14:38:15 [WARN]: Redis error — leaderboard will use MongoDB fallback {"error":"getaddrinfo ENOTFOUND mint-starling-71225.upstash.io"}
2026-04-22 14:38:17 [WARN]: Redis error — leaderboard will use MongoDB fallback {"error":"getaddrinfo ENOTFOUND mint-starling-71225.upstash.io"}
2026-04-22 14:38:19 [WARN]: Redis error — leaderboard will use MongoDB fallback {"error":"getaddrinfo ENOTFOUND mint-starling-71225.upstash.io"}
2026-04-22 14:38:21 [WARN]: Redis error — leaderboard will use MongoDB fallback {"error":"getaddrinfo ENOTFOUND mint-starling-71225.upstash.io"}
2026-04-22 14:38:23 [WARN]: Redis error — leaderboard will use MongoDB fallback {"error":"getaddrinfo ENOTFOUND mint-starling-71225.upstash.io"}
2026-04-22 14:38:25 [WARN]: Redis error — leaderboard will use MongoDB fallback {"error":"getaddrinfo ENOTFOUND mint-starling-71225.upstash.io"}
2026-04-22 14:38:27 [WARN]: Redis error — leaderboard will use MongoDB fallback {"error":"getaddrinfo ENOTFOUND mint-starling-71225.upstash.io"}
2026-04-22 14:38:29 [WARN]: Redis error — leaderboard will use MongoDB fallback {"error":"getaddrinfo ENOTFOUND mint-starling-71225.upstash.io"}
2026-04-22 14:38:31 [WARN]: Redis error — leaderboard will use MongoDB fallback {"error":"getaddrinfo ENOTFOUND mint-starling-71225.upstash.io"}
2026-04-22 14:38:33 [WARN]: Redis error — leaderboard will use MongoDB fallback {"error":"getaddrinfo ENOTFOUND mint-starling-71225.upstash.io"}
2026-04-22 14:38:35 [WARN]: Redis error — leaderboard will use MongoDB fallback {"error":"getaddrinfo ENOTFOUND mint-starling-71225.upstash.io"}
2026-04-22 14:38:37 [WARN]: Redis error — leaderboard will use MongoDB fallback {"error":"getaddrinfo ENOTFOUND mint-starling-71225.upstash.io"}
2026-04-22 14:38:39 [WARN]: Redis error — leaderboard will use MongoDB fallback {"error":"getaddrinfo ENOTFOUND mint-starling-71225.upstash.io"}
2026-04-22 14:38:41 [WARN]: Redis error — leaderboard will use MongoDB fallback {"error":"getaddrinfo ENOTFOUND mint-starling-71225.upstash.io"}
2026-04-22 14:38:43 [WARN]: Redis error — leaderboard will use MongoDB fallback {"error":"getaddrinfo ENOTFOUND mint-starling-71225.upstash.io"}
2026-04-22 14:38:45 [WARN]: Redis error — leaderboard will use MongoDB fallback {"error":"getaddrinfo ENOTFOUND mint-starling-71225.upstash.io"}
2026-04-22 14:38:47 [WARN]: Redis error — leaderboard will use MongoDB fallback {"error":"getaddrinfo ENOTFOUND mint-starling-71225.upstash.io"}
2026-04-22 14:38:49 [WARN]: Redis error — leaderboard will use MongoDB fallback {"error":"getaddrinfo ENOTFOUND mint-starling-71225.upstash.io"}
2026-04-22 14:38:51 [WARN]: Redis error — leaderboard will use MongoDB fallback {"error":"getaddrinfo ENOTFOUND mint-starling-71225.upstash.io"}
2026-04-22 14:38:53 [WARN]: Redis error — leaderboard will use MongoDB fallback {"error":"getaddrinfo ENOTFOUND mint-starling-71225.upstash.io"}
2026-04-22 14:38:55 [WARN]: Redis error — leaderboard will use MongoDB fallback {"error":"getaddrinfo ENOTFOUND mint-starling-71225.upstash.io"}
2026-04-22 14:38:57 [WARN]: Redis error — leaderboard will use MongoDB fallback {"error":"getaddrinfo ENOTFOUND mint-starling-71225.upstash.io"}
2026-04-22 14:38:59 [WARN]: Redis error — leaderboard will use MongoDB fallback {"error":"getaddrinfo ENOTFOUND mint-starling-71225.upstash.io"}
2026-04-22 14:39:01 [WARN]: Redis error — leaderboard will use MongoDB fallback {"error":"getaddrinfo ENOTFOUND mint-starling-71225.upstash.io"}
2026-04-22 14:39:03 [WARN]: Redis error — leaderboard will use MongoDB fallback {"error":"getaddrinfo ENOTFOUND mint-starling-71225.upstash.io"}
2026-04-22 14:39:05 [WARN]: Redis error — leaderboard will use MongoDB fallback {"error":"getaddrinfo ENOTFOUND mint-starling-71225.upstash.io"}
2026-04-22 14:39:07 [WARN]: Redis error — leaderboard will use MongoDB fallback {"error":"getaddrinfo ENOTFOUND mint-starling-71225.upstash.io"}
2026-04-22 14:39:09 [WARN]: Redis error — leaderboard will use MongoDB fallback {"error":"getaddrinfo ENOTFOUND mint-starling-71225.upstash.io"}
2026-04-22 14:39:11 [WARN]: Redis error — leaderboard will use MongoDB fallback {"error":"getaddrinfo ENOTFOUND mint-starling-71225.upstash.io"}
2026-04-22 14:39:13 [WARN]: Redis error — leaderboard will use MongoDB fallback {"error":"getaddrinfo ENOTFOUND mint-starling-71225.upstash.io"}
2026-04-22 14:39:15 [WARN]: Redis error — leaderboard will use MongoDB fallback {"error":"getaddrinfo ENOTFOUND mint-starling-71225.upstash.io"}
2026-04-22 14:39:17 [WARN]: Redis error — leaderboard will use MongoDB fallback {"error":"getaddrinfo ENOTFOUND mint-starling-71225.upstash.io"}
2026-04-22 14:39:19 [WARN]: Redis error — leaderboard will use MongoDB fallback {"error":"getaddrinfo ENOTFOUND mint-starling-71225.upstash.io"}
2026-04-22 14:39:21 [WARN]: Redis error — leaderboard will use MongoDB fallback {"error":"getaddrinfo ENOTFOUND mint-starling-71225.upstash.io"}
2026-04-22 14:39:23 [WARN]: Redis error — leaderboard will use MongoDB fallback {"error":"getaddrinfo ENOTFOUND mint-starling-71225.upstash.io"}
2026-04-22 14:39:25 [WARN]: Redis error — leaderboard will use MongoDB fallback {"error":"getaddrinfo ENOTFOUND mint-starling-71225.upstash.io"}
2026-04-22 14:39:27 [WARN]: Redis error — leaderboard will use MongoDB fallback {"error":"getaddrinfo ENOTFOUND mint-starling-71225.upstash.io"}
2026-04-22 14:39:29 [WARN]: Redis error — leaderboard will use MongoDB fallback {"error":"getaddrinfo ENOTFOUND mint-starling-71225.upstash.io"}
2026-04-22 14:39:31 [WARN]: Redis error — leaderboard will use MongoDB fallback {"error":"getaddrinfo ENOTFOUND mint-starling-71225.upstash.io"}
2026-04-22 14:39:33 [WARN]: Redis error — leaderboard will use MongoDB fallback {"error":"getaddrinfo ENOTFOUND mint-starling-71225.upstash.io"}
2026-04-22 14:39:35 [WARN]: Redis error — leaderboard will use MongoDB fallback {"error":"getaddrinfo ENOTFOUND mint-starling-71225.upstash.io"}
2026-04-22 14:39:37 [WARN]: Redis error — leaderboard will use MongoDB fallback {"error":"getaddrinfo ENOTFOUND mint-starling-71225.upstash.io"}
2026-04-22 14:39:39 [WARN]: Redis error — leaderboard will use MongoDB fallback {"error":"getaddrinfo ENOTFOUND mint-starling-71225.upstash.io"}
2026-04-22 14:39:41 [WARN]: Redis error — leaderboard will use MongoDB fallback {"error":"getaddrinfo ENOTFOUND mint-starling-71225.upstash.io"}
2026-04-22 14:39:43 [WARN]: Redis error — leaderboard will use MongoDB fallback {"error":"getaddrinfo ENOTFOUND mint-starling-71225.upstash.io"}
2026-04-22 14:39:45 [WARN]: Redis error — leaderboard will use MongoDB fallback {"error":"getaddrinfo ENOTFOUND mint-starling-71225.upstash.io"}
2026-04-22 14:39:47 [WARN]: Redis error — leaderboard will use MongoDB fallback {"error":"getaddrinfo ENOTFOUND mint-starling-71225.upstash.io"}
2026-04-22 14:39:49 [WARN]: Redis error — leaderboard will use MongoDB fallback {"error":"getaddrinfo ENOTFOUND mint-starling-71225.upstash.io"}
2026-04-22 14:39:51 [WARN]: Redis error — leaderboard will use MongoDB fallback {"error":"getaddrinfo ENOTFOUND mint-starling-71225.upstash.io"}
2026-04-22 14:39:53 [WARN]: Redis error — leaderboard will use MongoDB fallback {"error":"getaddrinfo ENOTFOUND mint-starling-71225.upstash.io"}
2026-04-22 14:39:55 [WARN]: Redis error — leaderboard will use MongoDB fallback {"error":"getaddrinfo ENOTFOUND mint-starling-71225.upstash.io"}
2026-04-22 14:39:57 [WARN]: Redis error — leaderboard will use MongoDB fallback {"error":"getaddrinfo ENOTFOUND mint-starling-71225.upstash.io"}
2026-04-22 14:39:59 [WARN]: Redis error — leaderboard will use MongoDB fallback {"error":"getaddrinfo ENOTFOUND mint-starling-71225.upstash.io"}
2026-04-22 14:40:01 [WARN]: Redis error — leaderboard will use MongoDB fallback {"error":"getaddrinfo ENOTFOUND mint-starling-71225.upstash.io"}
2026-04-22 14:40:03 [WARN]: Redis error — leaderboard will use MongoDB fallback {"error":"getaddrinfo ENOTFOUND mint-starling-71225.upstash.io"}
2026-04-22 14:40:05 [WARN]: Redis error — leaderboard will use MongoDB fallback {"error":"getaddrinfo ENOTFOUND mint-starling-71225.upstash.io"}
2026-04-22 14:40:07 [WARN]: Redis error — leaderboard will use MongoDB fallback {"error":"getaddrinfo ENOTFOUND mint-starling-71225.upstash.io"}
2026-04-22 14:40:09 [WARN]: Redis error — leaderboard will use MongoDB fallback {"error":"getaddrinfo ENOTFOUND mint-starling-71225.upstash.io"}
2026-04-22 14:40:11 [WARN]: Redis error — leaderboard will use MongoDB fallback {"error":"getaddrinfo ENOTFOUND mint-starling-71225.upstash.io"}
2026-04-22 14:40:13 [WARN]: Redis error — leaderboard will use MongoDB fallback {"error":"getaddrinfo ENOTFOUND mint-starling-71225.upstash.io"}
2026-04-22 14:40:15 [WARN]: Redis error — leaderboard will use MongoDB fallback {"error":"getaddrinfo ENOTFOUND mint-starling-71225.upstash.io"}
2026-04-22 14:40:17 [WARN]: Redis error — leaderboard will use MongoDB fallback {"error":"getaddrinfo ENOTFOUND mint-starling-71225.upstash.io"}
2026-04-22 14:40:19 [WARN]: Redis error — leaderboard will use MongoDB fallback {"error":"getaddrinfo ENOTFOUND mint-starling-71225.upstash.io"}
2026-04-22 14:40:22 [WARN]: Redis error — leaderboard will use MongoDB fallback {"error":"getaddrinfo ENOTFOUND mint-starling-71225.upstash.io"}
2026-04-22 14:40:24 [WARN]: Redis error — leaderboard will use MongoDB fallback {"error":"getaddrinfo ENOTFOUND mint-starling-71225.upstash.io"}
2026-04-22 14:40:26 [WARN]: Redis error — leaderboard will use MongoDB fallback {"error":"getaddrinfo ENOTFOUND mint-starling-71225.upstash.io"}
2026-04-22 14:40:28 [WARN]: Redis error — leaderboard will use MongoDB fallback {"error":"getaddrinfo ENOTFOUND mint-starling-71225.upstash.io"}
2026-04-22 14:40:30 [WARN]: Redis error — leaderboard will use MongoDB fallback {"error":"getaddrinfo ENOTFOUND mint-starling-71225.upstash.io"}
2026-04-22 14:40:32 [WARN]: Redis error — leaderboard will use MongoDB fallback {"error":"getaddrinfo ENOTFOUND mint-starling-71225.upstash.io"}
2026-04-22 14:40:34 [WARN]: Redis error — leaderboard will use MongoDB fallback {"error":"getaddrinfo ENOTFOUND mint-starling-71225.upstash.io"}
2026-04-22 14:40:36 [WARN]: Redis error — leaderboard will use MongoDB fallback {"error":"getaddrinfo ENOTFOUND mint-starling-71225.upstash.io"}
2026-04-22 14:40:38 [WARN]: Redis error — leaderboard will use MongoDB fallback {"error":"getaddrinfo ENOTFOUND mint-starling-71225.upstash.io"}
2026-04-22 14:40:40 [WARN]: Redis error — leaderboard will use MongoDB fallback {"error":"getaddrinfo ENOTFOUND mint-starling-71225.upstash.io"}
2026-04-22 14:40:42 [WARN]: Redis error — leaderboard will use MongoDB fallback {"error":"getaddrinfo ENOTFOUND mint-starling-71225.upstash.io"}
2026-04-22 14:40:44 [WARN]: Redis error — leaderboard will use MongoDB fallback {"error":"getaddrinfo ENOTFOUND mint-starling-71225.upstash.io"}
2026-04-22 14:40:46 [WARN]: Redis error — leaderboard will use MongoDB fallback {"error":"getaddrinfo ENOTFOUND mint-starling-71225.upstash.io"}
2026-04-22 14:40:48 [WARN]: Redis error — leaderboard will use MongoDB fallback {"error":"getaddrinfo ENOTFOUND mint-starling-71225.upstash.io"}
2026-04-22 14:40:50 [WARN]: Redis error — leaderboard will use MongoDB fallback {"error":"getaddrinfo ENOTFOUND mint-starling-71225.upstash.io"}
2026-04-22 14:40:52 [WARN]: Redis error — leaderboard will use MongoDB fallback {"error":"getaddrinfo ENOTFOUND mint-starling-71225.upstash.io"}
2026-04-22 14:40:54 [WARN]: Redis error — leaderboard will use MongoDB fallback {"error":"getaddrinfo ENOTFOUND mint-starling-71225.upstash.io"}
2026-04-22 14:40:56 [WARN]: Redis error — leaderboard will use MongoDB fallback {"error":"getaddrinfo ENOTFOUND mint-starling-71225.upstash.io"}
2026-04-22 14:40:58 [WARN]: Redis error — leaderboard will use MongoDB fallback {"error":"getaddrinfo ENOTFOUND mint-starling-71225.upstash.io"}
2026-04-22 14:41:00 [WARN]: Redis error — leaderboard will use MongoDB fallback {"error":"getaddrinfo ENOTFOUND mint-starling-71225.upstash.io"}
2026-04-22 14:41:02 [WARN]: Redis error — leaderboard will use MongoDB fallback {"error":"getaddrinfo ENOTFOUND mint-starling-71225.upstash.io"}
2026-04-22 14:41:04 [WARN]: Redis error — leaderboard will use MongoDB fallback {"error":"getaddrinfo ENOTFOUND mint-starling-71225.upstash.io"}
2026-04-22 14:41:06 [WARN]: Redis error — leaderboard will use MongoDB fallback {"error":"getaddrinfo ENOTFOUND mint-starling-71225.upstash.io"}
2026-04-22 14:41:08 [WARN]: Redis error — leaderboard will use MongoDB fallback {"error":"getaddrinfo ENOTFOUND mint-starling-71225.upstash.io"}
2026-04-22 14:41:10 [WARN]: Redis error — leaderboard will use MongoDB fallback {"error":"getaddrinfo ENOTFOUND mint-starling-71225.upstash.io"}
2026-04-22 14:41:12 [WARN]: Redis error — leaderboard will use MongoDB fallback {"error":"getaddrinfo ENOTFOUND mint-starling-71225.upstash.io"}
2026-04-22 14:41:14 [WARN]: Redis error — leaderboard will use MongoDB fallback {"error":"getaddrinfo ENOTFOUND mint-starling-71225.upstash.io"}
2026-04-22 14:41:16 [WARN]: Redis error — leaderboard will use MongoDB fallback {"error":"getaddrinfo ENOTFOUND mint-starling-71225.upstash.io"}
2026-04-22 14:41:18 [WARN]: Redis error — leaderboard will use MongoDB fallback {"error":"getaddrinfo ENOTFOUND mint-starling-71225.upstash.io"}
2026-04-22 14:41:20 [WARN]: Redis error — leaderboard will use MongoDB fallback {"error":"getaddrinfo ENOTFOUND mint-starling-71225.upstash.io"}
2026-04-22 14:41:22 [WARN]: Redis error — leaderboard will use MongoDB fallback {"error":"getaddrinfo ENOTFOUND mint-starling-71225.upstash.io"}
2026-04-22 14:41:24 [WARN]: Redis error — leaderboard will use MongoDB fallback {"error":"getaddrinfo ENOTFOUND mint-starling-71225.upstash.io"}
2026-04-22 14:41:26 [WARN]: Redis error — leaderboard will use MongoDB fallback {"error":"getaddrinfo ENOTFOUND mint-starling-71225.upstash.io"}
2026-04-22 14:41:28 [WARN]: Redis error — leaderboard will use MongoDB fallback {"error":"getaddrinfo ENOTFOUND mint-starling-71225.upstash.io"}
2026-04-22 14:41:30 [WARN]: Redis error — leaderboard will use MongoDB fallback {"error":"getaddrinfo ENOTFOUND mint-starling-71225.upstash.io"}
2026-04-22 14:41:32 [WARN]: Redis error — leaderboard will use MongoDB fallback {"error":"getaddrinfo ENOTFOUND mint-starling-71225.upstash.io"}
2026-04-22 14:41:34 [WARN]: Redis error — leaderboard will use MongoDB fallback {"error":"getaddrinfo ENOTFOUND mint-starling-71225.upstash.io"}
2026-04-22 14:41:36 [WARN]: Redis error — leaderboard will use MongoDB fallback {"error":"getaddrinfo ENOTFOUND mint-starling-71225.upstash.io"}
2026-04-22 14:41:38 [WARN]: Redis error — leaderboard will use MongoDB fallback {"error":"getaddrinfo ENOTFOUND mint-starling-71225.upstash.io"}
2026-04-22 14:41:40 [WARN]: Redis error — leaderboard will use MongoDB fallback {"error":"getaddrinfo ENOTFOUND mint-starling-71225.upstash.io"}
2026-04-22 14:41:42 [WARN]: Redis error — leaderboard will use MongoDB fallback {"error":"getaddrinfo ENOTFOUND mint-starling-71225.upstash.io"}
2026-04-22 14:41:44 [WARN]: Redis error — leaderboard will use MongoDB fallback {"error":"getaddrinfo ENOTFOUND mint-starling-71225.upstash.io"}
2026-04-22 14:41:46 [WARN]: Redis error — leaderboard will use MongoDB fallback {"error":"getaddrinfo ENOTFOUND mint-starling-71225.upstash.io"}
2026-04-22 14:41:48 [WARN]: Redis error — leaderboard will use MongoDB fallback {"error":"getaddrinfo ENOTFOUND mint-starling-71225.upstash.io"}
2026-04-22 14:41:50 [WARN]: Redis error — leaderboard will use MongoDB fallback {"error":"getaddrinfo ENOTFOUND mint-starling-71225.upstash.io"}
2026-04-22 14:41:52 [WARN]: Redis error — leaderboard will use MongoDB fallback {"error":"getaddrinfo ENOTFOUND mint-starling-71225.upstash.io"}
2026-04-22 14:41:54 [WARN]: Redis error — leaderboard will use MongoDB fallback {"error":"getaddrinfo ENOTFOUND mint-starling-71225.upstash.io"}
2026-04-22 14:41:56 [WARN]: Redis error — leaderboard will use MongoDB fallback {"error":"getaddrinfo ENOTFOUND mint-starling-71225.upstash.io"}
2026-04-22 14:41:58 [WARN]: Redis error — leaderboard will use MongoDB fallback {"error":"getaddrinfo ENOTFOUND mint-starling-71225.upstash.io"}
2026-04-22 14:42:00 [WARN]: Redis error — leaderboard will use MongoDB fallback {"error":"getaddrinfo ENOTFOUND mint-starling-71225.upstash.io"}
2026-04-22 14:42:02 [WARN]: Redis error — leaderboard will use MongoDB fallback {"error":"getaddrinfo ENOTFOUND mint-starling-71225.upstash.io"}
2026-04-22 14:42:04 [WARN]: Redis error — leaderboard will use MongoDB fallback {"error":"getaddrinfo ENOTFOUND mint-starling-71225.upstash.io"}
2026-04-22 14:42:06 [WARN]: Redis error — leaderboard will use MongoDB fallback {"error":"getaddrinfo ENOTFOUND mint-starling-71225.upstash.io"}
2026-04-22 14:42:08 [WARN]: Redis error — leaderboard will use MongoDB fallback {"error":"getaddrinfo ENOTFOUND mint-starling-71225.upstash.io"}
2026-04-22 14:42:10 [WARN]: Redis error — leaderboard will use MongoDB fallback {"error":"getaddrinfo ENOTFOUND mint-starling-71225.upstash.io"}
2026-04-22 14:42:12 [WARN]: Redis error — leaderboard will use MongoDB fallback {"error":"getaddrinfo ENOTFOUND mint-starling-71225.upstash.io"}
2026-04-22 14:42:14 [WARN]: Redis error — leaderboard will use MongoDB fallback {"error":"getaddrinfo ENOTFOUND mint-starling-71225.upstash.io"}
2026-04-22 14:42:16 [WARN]: Redis error — leaderboard will use MongoDB fallback {"error":"getaddrinfo ENOTFOUND mint-starling-71225.upstash.io"}
2026-04-22 14:42:18 [WARN]: Redis error — leaderboard will use MongoDB fallback {"error":"getaddrinfo ENOTFOUND mint-starling-71225.upstash.io"}
2026-04-22 14:42:20 [WARN]: Redis error — leaderboard will use MongoDB fallback {"error":"getaddrinfo ENOTFOUND mint-starling-71225.upstash.io"}
2026-04-22 14:42:23 [WARN]: Redis error — leaderboard will use MongoDB fallback {"error":"getaddrinfo ENOTFOUND mint-starling-71225.upstash.io"}
2026-04-22 14:42:25 [WARN]: Redis error — leaderboard will use MongoDB fallback {"error":"getaddrinfo ENOTFOUND mint-starling-71225.upstash.io"}
2026-04-22 14:42:27 [WARN]: Redis error — leaderboard will use MongoDB fallback {"error":"getaddrinfo ENOTFOUND mint-starling-71225.upstash.io"}
2026-04-22 14:42:29 [WARN]: Redis error — leaderboard will use MongoDB fallback {"error":"getaddrinfo ENOTFOUND mint-starling-71225.upstash.io"}
2026-04-22 14:42:31 [WARN]: Redis error — leaderboard will use MongoDB fallback {"error":"getaddrinfo ENOTFOUND mint-starling-71225.upstash.io"}
2026-04-22 14:42:33 [WARN]: Redis error — leaderboard will use MongoDB fallback {"error":"getaddrinfo ENOTFOUND mint-starling-71225.upstash.io"}
2026-04-22 14:42:35 [WARN]: Redis error — leaderboard will use MongoDB fallback {"error":"getaddrinfo ENOTFOUND mint-starling-71225.upstash.io"}
2026-04-22 14:42:37 [WARN]: Redis error — leaderboard will use MongoDB fallback {"error":"getaddrinfo ENOTFOUND mint-starling-71225.upstash.io"}
2026-04-22 14:42:39 [WARN]: Redis error — leaderboard will use MongoDB fallback {"error":"getaddrinfo ENOTFOUND mint-starling-71225.upstash.io"}
2026-04-22 14:42:41 [WARN]: Redis error — leaderboard will use MongoDB fallback {"error":"getaddrinfo ENOTFOUND mint-starling-71225.upstash.io"}
2026-04-22 14:42:43 [WARN]: Redis error — leaderboard will use MongoDB fallback {"error":"getaddrinfo ENOTFOUND mint-starling-71225.upstash.io"}
2026-04-22 14:42:45 [WARN]: Redis error — leaderboard will use MongoDB fallback {"error":"getaddrinfo ENOTFOUND mint-starling-71225.upstash.io"}
2026-04-22 14:42:47 [WARN]: Redis error — leaderboard will use MongoDB fallback {"error":"getaddrinfo ENOTFOUND mint-starling-71225.upstash.io"}
2026-04-22 14:42:49 [WARN]: Redis error — leaderboard will use MongoDB fallback {"error":"getaddrinfo ENOTFOUND mint-starling-71225.upstash.io"}
2026-04-22 14:42:51 [WARN]: Redis error — leaderboard will use MongoDB fallback {"error":"getaddrinfo ENOTFOUND mint-starling-71225.upstash.io"}
2026-04-22 14:42:53 [WARN]: Redis error — leaderboard will use MongoDB fallback {"error":"getaddrinfo ENOTFOUND mint-starling-71225.upstash.io"}
2026-04-22 14:42:55 [WARN]: Redis error — leaderboard will use MongoDB fallback {"error":"getaddrinfo ENOTFOUND mint-starling-71225.upstash.io"}
2026-04-22 14:42:57 [WARN]: Redis error — leaderboard will use MongoDB fallback {"error":"getaddrinfo ENOTFOUND mint-starling-71225.upstash.io"}
2026-04-22 14:42:59 [WARN]: Redis error — leaderboard will use MongoDB fallback {"error":"getaddrinfo ENOTFOUND mint-starling-71225.upstash.io"}
2026-04-22 14:43:01 [WARN]: Redis error — leaderboard will use MongoDB fallback {"error":"getaddrinfo ENOTFOUND mint-starling-71225.upstash.io"}
2026-04-22 14:43:03 [WARN]: Redis error — leaderboard will use MongoDB fallback {"error":"getaddrinfo ENOTFOUND mint-starling-71225.upstash.io"}
2026-04-22 14:43:05 [WARN]: Redis error — leaderboard will use MongoDB fallback {"error":"getaddrinfo ENOTFOUND mint-starling-71225.upstash.io"}
2026-04-22 14:43:07 [WARN]: Redis error — leaderboard will use MongoDB fallback {"error":"getaddrinfo ENOTFOUND mint-starling-71225.upstash.io"}
2026-04-22 14:43:09 [WARN]: Redis error — leaderboard will use MongoDB fallback {"error":"getaddrinfo ENOTFOUND mint-starling-71225.upstash.io"}
2026-04-22 14:43:11 [WARN]: Redis error — leaderboard will use MongoDB fallback {"error":"getaddrinfo ENOTFOUND mint-starling-71225.upstash.io"}
2026-04-22 14:43:13 [WARN]: Redis error — leaderboard will use MongoDB fallback {"error":"getaddrinfo ENOTFOUND mint-starling-71225.upstash.io"}
2026-04-22 14:43:15 [WARN]: Redis error — leaderboard will use MongoDB fallback {"error":"getaddrinfo ENOTFOUND mint-starling-71225.upstash.io"}
2026-04-22 14:43:17 [WARN]: Redis error — leaderboard will use MongoDB fallback {"error":"getaddrinfo ENOTFOUND mint-starling-71225.upstash.io"}
2026-04-22 14:43:19 [WARN]: Redis error — leaderboard will use MongoDB fallback {"error":"getaddrinfo ENOTFOUND mint-starling-71225.upstash.io"}
2026-04-22 14:43:21 [WARN]: Redis error — leaderboard will use MongoDB fallback {"error":"getaddrinfo ENOTFOUND mint-starling-71225.upstash.io"}
2026-04-22 14:43:23 [WARN]: Redis error — leaderboard will use MongoDB fallback {"error":"getaddrinfo ENOTFOUND mint-starling-71225.upstash.io"}
2026-04-22 14:43:25 [WARN]: Redis error — leaderboard will use MongoDB fallback {"error":"getaddrinfo ENOTFOUND mint-starling-71225.upstash.io"}
2026-04-22 14:43:27 [WARN]: Redis error — leaderboard will use MongoDB fallback {"error":"getaddrinfo ENOTFOUND mint-starling-71225.upstash.io"}
2026-04-22 14:43:29 [WARN]: Redis error — leaderboard will use MongoDB fallback {"error":"getaddrinfo ENOTFOUND mint-starling-71225.upstash.io"}
2026-04-22 14:43:31 [WARN]: Redis error — leaderboard will use MongoDB fallback {"error":"getaddrinfo ENOTFOUND mint-starling-71225.upstash.io"}
2026-04-22 14:43:33 [WARN]: Redis error — leaderboard will use MongoDB fallback {"error":"getaddrinfo ENOTFOUND mint-starling-71225.upstash.io"}
2026-04-22 14:43:35 [WARN]: Redis error — leaderboard will use MongoDB fallback {"error":"getaddrinfo ENOTFOUND mint-starling-71225.upstash.io"}
2026-04-22 14:43:37 [WARN]: Redis error — leaderboard will use MongoDB fallback {"error":"getaddrinfo ENOTFOUND mint-starling-71225.upstash.io"}
2026-04-22 14:43:39 [WARN]: Redis error — leaderboard will use MongoDB fallback {"error":"getaddrinfo ENOTFOUND mint-starling-71225.upstash.io"}
2026-04-22 14:43:41 [WARN]: Redis error — leaderboard will use MongoDB fallback {"error":"getaddrinfo ENOTFOUND mint-starling-71225.upstash.io"}
2026-04-22 14:43:43 [WARN]: Redis error — leaderboard will use MongoDB fallback {"error":"getaddrinfo ENOTFOUND mint-starling-71225.upstash.io"}
2026-04-22 14:43:45 [WARN]: Redis error — leaderboard will use MongoDB fallback {"error":"getaddrinfo ENOTFOUND mint-starling-71225.upstash.io"}
2026-04-22 14:43:47 [WARN]: Redis error — leaderboard will use MongoDB fallback {"error":"getaddrinfo ENOTFOUND mint-starling-71225.upstash.io"}
2026-04-22 14:43:49 [WARN]: Redis error — leaderboard will use MongoDB fallback {"error":"getaddrinfo ENOTFOUND mint-starling-71225.upstash.io"}
2026-04-22 14:43:51 [WARN]: Redis error — leaderboard will use MongoDB fallback {"error":"getaddrinfo ENOTFOUND mint-starling-71225.upstash.io"}
2026-04-22 14:43:53 [WARN]: Redis error — leaderboard will use MongoDB fallback {"error":"getaddrinfo ENOTFOUND mint-starling-71225.upstash.io"}
2026-04-22 14:43:55 [WARN]: Redis error — leaderboard will use MongoDB fallback {"error":"getaddrinfo ENOTFOUND mint-starling-71225.upstash.io"}
2026-04-22 14:43:57 [WARN]: Redis error — leaderboard will use MongoDB fallback {"error":"getaddrinfo ENOTFOUND mint-starling-71225.upstash.io"}
2026-04-22 14:43:59 [WARN]: Redis error — leaderboard will use MongoDB fallback {"error":"getaddrinfo ENOTFOUND mint-starling-71225.upstash.io"}
2026-04-22 14:44:01 [WARN]: Redis error — leaderboard will use MongoDB fallback {"error":"getaddrinfo ENOTFOUND mint-starling-71225.upstash.io"}
2026-04-22 14:44:03 [WARN]: Redis error — leaderboard will use MongoDB fallback {"error":"getaddrinfo ENOTFOUND mint-starling-71225.upstash.io"}
2026-04-22 14:44:05 [WARN]: Redis error — leaderboard will use MongoDB fallback {"error":"getaddrinfo ENOTFOUND mint-starling-71225.upstash.io"}
2026-04-22 14:44:07 [WARN]: Redis error — leaderboard will use MongoDB fallback {"error":"getaddrinfo ENOTFOUND mint-starling-71225.upstash.io"}
2026-04-22 14:44:09 [WARN]: Redis error — leaderboard will use MongoDB fallback {"error":"getaddrinfo ENOTFOUND mint-starling-71225.upstash.io"}
2026-04-22 14:44:11 [WARN]: Redis error — leaderboard will use MongoDB fallback {"error":"getaddrinfo ENOTFOUND mint-starling-71225.upstash.io"}
2026-04-22 14:44:13 [WARN]: Redis error — leaderboard will use MongoDB fallback {"error":"getaddrinfo ENOTFOUND mint-starling-71225.upstash.io"}
2026-04-22 14:44:15 [WARN]: Redis error — leaderboard will use MongoDB fallback {"error":"getaddrinfo ENOTFOUND mint-starling-71225.upstash.io"}
2026-04-22 14:44:17 [WARN]: Redis error — leaderboard will use MongoDB fallback {"error":"getaddrinfo ENOTFOUND mint-starling-71225.upstash.io"}
2026-04-22 14:44:19 [WARN]: Redis error — leaderboard will use MongoDB fallback {"error":"getaddrinfo ENOTFOUND mint-starling-71225.upstash.io"}
2026-04-22 14:44:22 [WARN]: Redis error — leaderboard will use MongoDB fallback {"error":"getaddrinfo ENOTFOUND mint-starling-71225.upstash.io"}
2026-04-22 14:44:24 [WARN]: Redis error — leaderboard will use MongoDB fallback {"error":"getaddrinfo ENOTFOUND mint-starling-71225.upstash.io"}
2026-04-22 14:44:26 [WARN]: Redis error — leaderboard will use MongoDB fallback {"error":"getaddrinfo ENOTFOUND mint-starling-71225.upstash.io"}
2026-04-22 14:44:28 [WARN]: Redis error — leaderboard will use MongoDB fallback {"error":"getaddrinfo ENOTFOUND mint-starling-71225.upstash.io"}
2026-04-22 14:44:30 [WARN]: Redis error — leaderboard will use MongoDB fallback {"error":"getaddrinfo ENOTFOUND mint-starling-71225.upstash.io"}
2026-04-22 14:44:32 [WARN]: Redis error — leaderboard will use MongoDB fallback {"error":"getaddrinfo ENOTFOUND mint-starling-71225.upstash.io"}
2026-04-22 14:44:34 [WARN]: Redis error — leaderboard will use MongoDB fallback {"error":"getaddrinfo ENOTFOUND mint-starling-71225.upstash.io"}
2026-04-22 14:44:36 [WARN]: Redis error — leaderboard will use MongoDB fallback {"error":"getaddrinfo ENOTFOUND mint-starling-71225.upstash.io"}
2026-04-22 14:44:38 [WARN]: Redis error — leaderboard will use MongoDB fallback {"error":"getaddrinfo ENOTFOUND mint-starling-71225.upstash.io"}
2026-04-22 14:44:40 [WARN]: Redis error — leaderboard will use MongoDB fallback {"error":"getaddrinfo ENOTFOUND mint-starling-71225.upstash.io"}
2026-04-22 14:44:42 [WARN]: Redis error — leaderboard will use MongoDB fallback {"error":"getaddrinfo ENOTFOUND mint-starling-71225.upstash.io"}
2026-04-22 14:44:44 [WARN]: Redis error — leaderboard will use MongoDB fallback {"error":"getaddrinfo ENOTFOUND mint-starling-71225.upstash.io"}
2026-04-22 14:44:46 [WARN]: Redis error — leaderboard will use MongoDB fallback {"error":"getaddrinfo ENOTFOUND mint-starling-71225.upstash.io"}
2026-04-22 14:44:48 [WARN]: Redis error — leaderboard will use MongoDB fallback {"error":"getaddrinfo ENOTFOUND mint-starling-71225.upstash.io"}
2026-04-22 14:44:50 [WARN]: Redis error — leaderboard will use MongoDB fallback {"error":"getaddrinfo ENOTFOUND mint-starling-71225.upstash.io"}
2026-04-22 14:44:52 [WARN]: Redis error — leaderboard will use MongoDB fallback {"error":"getaddrinfo ENOTFOUND mint-starling-71225.upstash.io"}
2026-04-22 14:44:54 [WARN]: Redis error — leaderboard will use MongoDB fallback {"error":"getaddrinfo ENOTFOUND mint-starling-71225.upstash.io"}
2026-04-22 14:44:56 [WARN]: Redis error — leaderboard will use MongoDB fallback {"error":"getaddrinfo ENOTFOUND mint-starling-71225.upstash.io"}
2026-04-22 14:44:58 [WARN]: Redis error — leaderboard will use MongoDB fallback {"error":"getaddrinfo ENOTFOUND mint-starling-71225.upstash.io"}
2026-04-22 14:45:00 [WARN]: Redis error — leaderboard will use MongoDB fallback {"error":"getaddrinfo ENOTFOUND mint-starling-71225.upstash.io"}
2026-04-22 14:45:01 [INFO]: MongoDB connection attempt 1/3
2026-04-22 14:45:02 [INFO]: MongoDB connected successfully
2026-04-22 14:45:02 [INFO]: Server running on port 5000 in development mode
2026-04-22 14:45:02 [INFO]: Socket connected: awu88GtbzbcJnc37AAAB
2026-04-22 14:45:02 [INFO]: Socket awu88GtbzbcJnc37AAAB joined room user:69b55b4c2a4ff06cb7d760fa
2026-04-22 14:45:59 [INFO]: Socket disconnected: awu88GtbzbcJnc37AAAB
2026-04-22 14:45:59 [INFO]: [0mGET /api/auth/me [32m200[0m 48.843 ms - 607[0m
2026-04-22 14:45:59 [INFO]: [0mGET /api/auth/me [36m304[0m 30.082 ms - -[0m
2026-04-22 14:45:59 [INFO]: Socket connected: fFWnYjkLAY5F6PTOAAAF
2026-04-22 14:45:59 [INFO]: Socket fFWnYjkLAY5F6PTOAAAF joined room user:69b55b4c2a4ff06cb7d760fa
2026-04-22 14:45:59 [INFO]: [0mGET /api/problems/69b551a430f4ccf0382a10a9 [36m304[0m 146.856 ms - -[0m
2026-04-22 14:46:00 [INFO]: [0mGET /api/problems/69b551a430f4ccf0382a10a9 [36m304[0m 217.779 ms - -[0m
2026-04-22 14:46:05 [INFO]: User 69b55b4c2a4ff06cb7d760fa using BYOK for AI Mentor.
2026-04-22 14:46:06 [ERROR]: Gemini API Error in AI Mentor {"error":"[GoogleGenerativeAI Error]: Error fetching from https://generativelanguage.googleapis.com/v1beta/models/gemini-1.5-flash:generateContent: [404 Not Found] models/gemini-1.5-flash is not found for API version v1beta, or is not supported for generateContent. Call ListModels to see the list of available models and their supported methods."}
2026-04-22 14:46:06 [INFO]: [0mPOST /api/problems/69b551a430f4ccf0382a10a9/nudge [32m200[0m 412.465 ms - 61[0m
2026-04-22 14:46:21 [INFO]: User 69b55b4c2a4ff06cb7d760fa using BYOK for AI Mentor.
2026-04-22 14:46:21 [ERROR]: Gemini API Error in AI Mentor {"error":"[GoogleGenerativeAI Error]: Error fetching from https://generativelanguage.googleapis.com/v1beta/models/gemini-1.5-flash:generateContent: [404 Not Found] models/gemini-1.5-flash is not found for API version v1beta, or is not supported for generateContent. Call ListModels to see the list of available models and their supported methods."}
2026-04-22 14:46:21 [INFO]: [0mPOST /api/problems/69b551a430f4ccf0382a10a9/nudge [32m200[0m 721.048 ms - 72[0m
2026-04-22 14:46:35 [ERROR]: Code execution failed {"error":"connect ECONNREFUSED 127.0.0.1:2000","language":"java"}
2026-04-22 14:46:37 [ERROR]: Code execution failed {"error":"connect ECONNREFUSED 127.0.0.1:2000","language":"java"}
2026-04-22 14:46:39 [ERROR]: Code execution failed {"error":"connect ECONNREFUSED 127.0.0.1:2000","language":"java"}
2026-04-22 14:46:39 [INFO]: Test run complete: 0/3 passed (java)
2026-04-22 14:46:40 [INFO]: Submission created: user=69b55b4c2a4ff06cb7d760fa problem=69b551a430f4ccf0382a10a9 correct=false xp=0
2026-04-22 14:46:40 [INFO]: [0mPOST /api/submissions [32m201[0m 4519.104 ms - 3125[0m
2026-04-22 14:46:43 [INFO]: User 69b55b4c2a4ff06cb7d760fa using BYOK for AI Mentor.
2026-04-22 14:46:43 [ERROR]: Gemini API Error in AI Mentor {"error":"[GoogleGenerativeAI Error]: Error fetching from https://generativelanguage.googleapis.com/v1beta/models/gemini-1.5-flash:generateContent: [404 Not Found] models/gemini-1.5-flash is not found for API version v1beta, or is not supported for generateContent. Call ListModels to see the list of available models and their supported methods."}
2026-04-22 14:46:43 [INFO]: [0mPOST /api/problems/69b551a430f4ccf0382a10a9/nudge [32m200[0m 256.441 ms - 97[0m
2026-04-22 15:41:06 [INFO]: MongoDB connection attempt 1/3
2026-04-22 15:41:07 [INFO]: MongoDB connected successfully
2026-04-22 15:41:24 [INFO]: MongoDB connection attempt 1/3
2026-04-22 15:41:24 [INFO]: MongoDB connected successfully
2026-04-22 15:41:24 [INFO]: Server running on port 5000 in development mode
2026-04-22 15:41:25 [INFO]: Socket connected: -k5wejgZJ5HVOio_AAAB
2026-04-22 15:41:25 [INFO]: Socket -k5wejgZJ5HVOio_AAAB joined room user:69b55b4c2a4ff06cb7d760fa
2026-04-22 15:41:37 [INFO]: Socket disconnected: -k5wejgZJ5HVOio_AAAB
2026-04-22 15:41:38 [INFO]: [0mGET /api/auth/me [32m200[0m 56.052 ms - 607[0m
2026-04-22 15:41:38 [INFO]: [0mGET /api/auth/me [36m304[0m 33.211 ms - -[0m
2026-04-22 15:41:38 [INFO]: Socket connected: GesngHa6pemv2UdDAAAF
2026-04-22 15:41:38 [INFO]: Socket GesngHa6pemv2UdDAAAF joined room user:69b55b4c2a4ff06cb7d760fa
2026-04-22 15:41:38 [INFO]: [0mGET /api/problems/69b551a430f4ccf0382a10a9 [32m200[0m 109.908 ms - 1857[0m
2026-04-22 15:41:38 [INFO]: [0mGET /api/problems/69b551a430f4ccf0382a10a9 [36m304[0m 89.368 ms - -[0m
2026-04-22 15:41:43 [INFO]: User 69b55b4c2a4ff06cb7d760fa using BYOK for AI Mentor.
2026-04-22 15:41:43 [ERROR]: Gemini API Error in AI Mentor {"error":"[GoogleGenerativeAI Error]: Error fetching from https://generativelanguage.googleapis.com/v1beta/models/gemini-2.0-flash:generateContent: [429 Too Many Requests] You exceeded your current quota, please check your plan and billing details. For more information on this error, head to: https://ai.google.dev/gemini-api/docs/rate-limits. To monitor your current usage, head to: https://ai.dev/rate-limit. \n* Quota exceeded for metric: generativelanguage.googleapis.com/generate_content_free_tier_input_token_count, limit: 0, model: gemini-2.0-flash\n* Quota exceeded for metric: generativelanguage.googleapis.com/generate_content_free_tier_requests, limit: 0, model: gemini-2.0-flash\n* Quota exceeded for metric: generativelanguage.googleapis.com/generate_content_free_tier_requests, limit: 0, model: gemini-2.0-flash\nPlease retry in 16.011264485s. [{\"@type\":\"type.googleapis.com/google.rpc.Help\",\"links\":[{\"description\":\"Learn more about Gemini API quotas\",\"url\":\"https://ai.google.dev/gemini-api/docs/rate-limits\"}]},{\"@type\":\"type.googleapis.com/google.rpc.QuotaFailure\",\"violations\":[{\"quotaMetric\":\"generativelanguage.googleapis.com/generate_content_free_tier_input_token_count\",\"quotaId\":\"GenerateContentInputTokensPerModelPerMinute-FreeTier\",\"quotaDimensions\":{\"location\":\"global\",\"model\":\"gemini-2.0-flash\"}},{\"quotaMetric\":\"generativelanguage.googleapis.com/generate_content_free_tier_requests\",\"quotaId\":\"GenerateRequestsPerMinutePerProjectPerModel-FreeTier\",\"quotaDimensions\":{\"location\":\"global\",\"model\":\"gemini-2.0-flash\"}},{\"quotaMetric\":\"generativelanguage.googleapis.com/generate_content_free_tier_requests\",\"quotaId\":\"GenerateRequestsPerDayPerProjectPerModel-FreeTier\",\"quotaDimensions\":{\"location\":\"global\",\"model\":\"gemini-2.0-flash\"}}]},{\"@type\":\"type.googleapis.com/google.rpc.RetryInfo\",\"retryDelay\":\"16s\"}]"}
2026-04-22 15:41:43 [INFO]: [0mPOST /api/problems/69b551a430f4ccf0382a10a9/nudge [32m200[0m 329.630 ms - 72[0m
2026-04-22 15:41:58 [ERROR]: Code execution failed {"error":"connect ECONNREFUSED 127.0.0.1:2000","language":"java"}
2026-04-22 15:42:00 [ERROR]: Code execution failed {"error":"connect ECONNREFUSED 127.0.0.1:2000","language":"java"}
2026-04-22 15:42:02 [ERROR]: Code execution failed {"error":"connect ECONNREFUSED 127.0.0.1:2000","language":"java"}
2026-04-22 15:42:02 [INFO]: Test run complete: 0/3 passed (java)
2026-04-22 15:42:02 [INFO]: User 69b55b4c2a4ff06cb7d760fa using BYOK for AI Mentor.
2026-04-22 15:42:02 [INFO]: Submission created: user=69b55b4c2a4ff06cb7d760fa problem=69b551a430f4ccf0382a10a9 correct=false xp=0
2026-04-22 15:42:02 [INFO]: [0mPOST /api/submissions [32m201[0m 4454.550 ms - 3124[0m
2026-04-22 15:42:02 [ERROR]: Gemini API Error in AI Mentor {"error":"[GoogleGenerativeAI Error]: Error fetching from https://generativelanguage.googleapis.com/v1beta/models/gemini-2.0-flash:generateContent: [429 Too Many Requests] You exceeded your current quota, please check your plan and billing details. For more information on this error, head to: https://ai.google.dev/gemini-api/docs/rate-limits. To monitor your current usage, head to: https://ai.dev/rate-limit. \n* Quota exceeded for metric: generativelanguage.googleapis.com/generate_content_free_tier_requests, limit: 0, model: gemini-2.0-flash\n* Quota exceeded for metric: generativelanguage.googleapis.com/generate_content_free_tier_requests, limit: 0, model: gemini-2.0-flash\n* Quota exceeded for metric: generativelanguage.googleapis.com/generate_content_free_tier_input_token_count, limit: 0, model: gemini-2.0-flash\nPlease retry in 57.109200933s. [{\"@type\":\"type.googleapis.com/google.rpc.Help\",\"links\":[{\"description\":\"Learn more about Gemini API quotas\",\"url\":\"https://ai.google.dev/gemini-api/docs/rate-limits\"}]},{\"@type\":\"type.googleapis.com/google.rpc.QuotaFailure\",\"violations\":[{\"quotaMetric\":\"generativelanguage.googleapis.com/generate_content_free_tier_requests\",\"quotaId\":\"GenerateRequestsPerDayPerProjectPerModel-FreeTier\",\"quotaDimensions\":{\"model\":\"gemini-2.0-flash\",\"location\":\"global\"}},{\"quotaMetric\":\"generativelanguage.googleapis.com/generate_content_free_tier_requests\",\"quotaId\":\"GenerateRequestsPerMinutePerProjectPerModel-FreeTier\",\"quotaDimensions\":{\"model\":\"gemini-2.0-flash\",\"location\":\"global\"}},{\"quotaMetric\":\"generativelanguage.googleapis.com/generate_content_free_tier_input_token_count\",\"quotaId\":\"GenerateContentInputTokensPerModelPerMinute-FreeTier\",\"quotaDimensions\":{\"model\":\"gemini-2.0-flash\",\"location\":\"global\"}}]},{\"@type\":\"type.googleapis.com/google.rpc.RetryInfo\",\"retryDelay\":\"57s\"}]"}
2026-04-22 15:42:02 [INFO]: [0mPOST /api/problems/69b551a430f4ccf0382a10a9/nudge [32m200[0m 291.274 ms - 97[0m
2026-04-22 15:42:05 [INFO]: User 69b55b4c2a4ff06cb7d760fa using BYOK for AI Mentor.
2026-04-22 15:42:05 [ERROR]: Gemini API Error in AI Mentor {"error":"[GoogleGenerativeAI Error]: Error fetching from https://generativelanguage.googleapis.com/v1beta/models/gemini-2.0-flash:generateContent: [429 Too Many Requests] You exceeded your current quota, please check your plan and billing details. For more information on this error, head to: https://ai.google.dev/gemini-api/docs/rate-limits. To monitor your current usage, head to: https://ai.dev/rate-limit. \n* Quota exceeded for metric: generativelanguage.googleapis.com/generate_content_free_tier_input_token_count, limit: 0, model: gemini-2.0-flash\n* Quota exceeded for metric: generativelanguage.googleapis.com/generate_content_free_tier_requests, limit: 0, model: gemini-2.0-flash\n* Quota exceeded for metric: generativelanguage.googleapis.com/generate_content_free_tier_requests, limit: 0, model: gemini-2.0-flash\nPlease retry in 54.482798888s. [{\"@type\":\"type.googleapis.com/google.rpc.Help\",\"links\":[{\"description\":\"Learn more about Gemini API quotas\",\"url\":\"https://ai.google.dev/gemini-api/docs/rate-limits\"}]},{\"@type\":\"type.googleapis.com/google.rpc.QuotaFailure\",\"violations\":[{\"quotaMetric\":\"generativelanguage.googleapis.com/generate_content_free_tier_input_token_count\",\"quotaId\":\"GenerateContentInputTokensPerModelPerMinute-FreeTier\",\"quotaDimensions\":{\"location\":\"global\",\"model\":\"gemini-2.0-flash\"}},{\"quotaMetric\":\"generativelanguage.googleapis.com/generate_content_free_tier_requests\",\"quotaId\":\"GenerateRequestsPerMinutePerProjectPerModel-FreeTier\",\"quotaDimensions\":{\"location\":\"global\",\"model\":\"gemini-2.0-flash\"}},{\"quotaMetric\":\"generativelanguage.googleapis.com/generate_content_free_tier_requests\",\"quotaId\":\"GenerateRequestsPerDayPerProjectPerModel-FreeTier\",\"quotaDimensions\":{\"location\":\"global\",\"model\":\"gemini-2.0-flash\"}}]},{\"@type\":\"type.googleapis.com/google.rpc.RetryInfo\",\"retryDelay\":\"54s\"}]"}
2026-04-22 15:42:05 [INFO]: [0mPOST /api/problems/69b551a430f4ccf0382a10a9/nudge [32m200[0m 206.597 ms - 97[0m
2026-04-22 15:42:08 [ERROR]: Code execution failed {"error":"connect ECONNREFUSED 127.0.0.1:2000","language":"java"}
2026-04-22 15:42:10 [ERROR]: Code execution failed {"error":"connect ECONNREFUSED 127.0.0.1:2000","language":"java"}
2026-04-22 15:42:12 [ERROR]: Code execution failed {"error":"connect ECONNREFUSED 127.0.0.1:2000","language":"java"}
2026-04-22 15:42:12 [INFO]: Test run complete: 0/3 passed (java)
2026-04-22 15:42:13 [INFO]: Submission created: user=69b55b4c2a4ff06cb7d760fa problem=69b551a430f4ccf0382a10a9 correct=false xp=0
2026-04-22 15:42:13 [INFO]: [0mPOST /api/submissions [32m201[0m 4428.021 ms - 3123[0m
2026-04-22 16:07:45 [INFO]: MongoDB connection attempt 1/3
2026-04-22 16:07:46 [INFO]: MongoDB connected successfully
2026-04-22 16:08:03 [INFO]: MongoDB connection attempt 1/3
2026-04-22 16:08:05 [INFO]: MongoDB connected successfully
2026-04-22 16:08:05 [INFO]: Server running on port 5000 in development mode
2026-04-22 16:08:10 [INFO]: Socket connected: 8ZhMvotEe8_OAm1iAAAB
2026-04-22 16:08:10 [INFO]: Socket 8ZhMvotEe8_OAm1iAAAB joined room user:69b55b4c2a4ff06cb7d760fa
2026-04-22 16:09:37 [INFO]: MongoDB connection attempt 1/3
2026-04-22 16:09:37 [INFO]: MongoDB connected successfully
2026-04-22 16:09:37 [INFO]: Server running on port 5000 in development mode
2026-04-22 16:09:38 [INFO]: Socket connected: 7DMWqq0YN00bMYqLAAAB
2026-04-22 16:09:38 [INFO]: Socket 7DMWqq0YN00bMYqLAAAB joined room user:69b55b4c2a4ff06cb7d760fa
2026-04-22 16:09:47 [INFO]: Socket disconnected: 7DMWqq0YN00bMYqLAAAB
2026-04-22 16:09:50 [INFO]: [0mGET /api/auth/me [32m200[0m 116.040 ms - 607[0m
2026-04-22 16:09:50 [INFO]: [0mGET /api/auth/me [36m304[0m 40.820 ms - -[0m
2026-04-22 16:09:51 [INFO]: Socket connected: 8JpX_V6IJVM8whiJAAAE
2026-04-22 16:09:51 [INFO]: Socket 8JpX_V6IJVM8whiJAAAE joined room user:69b55b4c2a4ff06cb7d760fa
2026-04-22 16:09:51 [INFO]: [0mGET /api/problems/69b551a430f4ccf0382a10a9 [32m200[0m 182.454 ms - 1857[0m
2026-04-22 16:09:51 [INFO]: [0mGET /api/problems/69b551a430f4ccf0382a10a9 [36m304[0m 98.470 ms - -[0m
2026-04-22 16:10:19 [INFO]: User 69b55b4c2a4ff06cb7d760fa using BYOK for AI Mentor.
2026-04-22 16:10:26 [INFO]: [0mPOST /api/problems/69b551a430f4ccf0382a10a9/nudge [32m200[0m 6913.763 ms - 176[0m
2026-04-22 16:10:37 [INFO]: Test run complete: 2/3 passed (java)
2026-04-22 16:10:38 [INFO]: Submission created: user=69b55b4c2a4ff06cb7d760fa problem=69b551a430f4ccf0382a10a9 correct=false xp=3
2026-04-22 16:10:38 [INFO]: [0mPOST /api/submissions [32m201[0m 7898.708 ms - 3002[0m
2026-04-22 16:10:50 [INFO]: Test run complete: 2/3 passed (java)
2026-04-22 16:10:51 [INFO]: Submission created: user=69b55b4c2a4ff06cb7d760fa problem=69b551a430f4ccf0382a10a9 correct=false xp=3
2026-04-22 16:10:51 [INFO]: [0mPOST /api/submissions [32m201[0m 7300.740 ms - 3001[0m
2026-04-22 16:10:59 [INFO]: Test run complete: 3/3 passed (java)
2026-04-22 16:11:00 [INFO]: Submission created: user=69b55b4c2a4ff06cb7d760fa problem=69b551a430f4ccf0382a10a9 correct=true xp=10
2026-04-22 16:11:00 [INFO]: [0mPOST /api/submissions [32m201[0m 7494.175 ms - 2927[0m
2026-04-22 16:11:11 [INFO]: User 69b55b4c2a4ff06cb7d760fa using BYOK for AI Mentor.
2026-04-22 16:11:18 [INFO]: [0mPOST /api/problems/69b551a430f4ccf0382a10a9/nudge [32m200[0m 6873.431 ms - 142[0m
2026-04-22 16:14:42 [INFO]: [0mGET /api/users/profile [32m200[0m 66.239 ms - 12004[0m
2026-04-22 16:14:42 [INFO]: [0mGET /api/submissions/history?limit=10 [32m200[0m 68.078 ms - 10232[0m
2026-04-22 16:14:42 [INFO]: [0mGET /api/users/profile [36m304[0m 74.183 ms - -[0m
2026-04-22 16:14:42 [INFO]: [0mGET /api/submissions/history?limit=10 [36m304[0m 75.471 ms - -[0m
2026-04-22 16:14:42 [INFO]: [0mGET /api/skills/my-states [32m200[0m 279.553 ms - 6422[0m
2026-04-22 16:14:42 [INFO]: [0mGET /api/users/recommendations [32m200[0m 300.579 ms - 2007[0m
2026-04-22 16:14:42 [INFO]: [0mGET /api/skills/my-states [36m304[0m 53.235 ms - -[0m
2026-04-22 16:14:42 [INFO]: [0mGET /api/users/recommendations [36m304[0m 85.174 ms - -[0m
2026-04-22 16:14:51 [INFO]: [0mGET /api/skills [36m304[0m 61.595 ms - -[0m
2026-04-22 16:14:51 [INFO]: [0mGET /api/problems?page=1&limit=15 [36m304[0m 82.884 ms - -[0m
2026-04-22 16:14:51 [INFO]: [0mGET /api/skills [36m304[0m 53.423 ms - -[0m
2026-04-22 16:14:51 [INFO]: [0mGET /api/problems?page=1&limit=15 [36m304[0m 79.856 ms - -[0m
2026-04-22 16:14:53 [INFO]: [0mGET /api/skills/my-states [36m304[0m 86.563 ms - -[0m
2026-04-22 16:14:53 [INFO]: [0mGET /api/users/recommendations [36m304[0m 110.747 ms - -[0m
2026-04-22 16:14:53 [INFO]: [0mGET /api/skills/my-states [36m304[0m 55.037 ms - -[0m
2026-04-22 16:14:53 [INFO]: [0mGET /api/users/recommendations [36m304[0m 86.110 ms - -[0m
2026-04-22 16:24:25 [INFO]: MongoDB connection attempt 1/3
2026-04-22 16:24:26 [INFO]: MongoDB connected successfully
2026-04-22 16:24:47 [INFO]: MongoDB connection attempt 1/3
2026-04-22 16:24:48 [INFO]: MongoDB connected successfully
2026-04-22 16:27:02 [INFO]: MongoDB connection attempt 1/3
2026-04-22 16:27:03 [INFO]: MongoDB connected successfully
2026-04-22 16:27:20 [INFO]: MongoDB connection attempt 1/3
2026-04-22 16:27:21 [INFO]: MongoDB connected successfully
2026-04-22 16:27:21 [INFO]: Server running on port 5000 in development mode
2026-04-22 16:27:31 [INFO]: User logged in: supreethreddypannala@gmail.com
2026-04-22 16:27:31 [INFO]: [0mPOST /api/auth/login [32m200[0m 186.612 ms - 442[0m
2026-04-22 16:27:31 [INFO]: Socket connected: eLkvnZhp_hWId4ePAAAB
2026-04-22 16:27:31 [INFO]: Socket eLkvnZhp_hWId4ePAAAB joined room user:69b55b4c2a4ff06cb7d760fa
2026-04-22 16:27:31 [INFO]: [0mGET /api/users/profile [36m304[0m 229.279 ms - -[0m
2026-04-22 16:27:31 [INFO]: [0mGET /api/submissions/history?limit=10 [36m304[0m 208.502 ms - -[0m
2026-04-22 16:27:31 [INFO]: [0mGET /api/users/profile [36m304[0m 76.917 ms - -[0m
2026-04-22 16:27:31 [INFO]: [0mGET /api/submissions/history?limit=10 [36m304[0m 82.309 ms - -[0m
2026-04-22 16:27:32 [INFO]: [0mGET /api/skills/my-states [36m304[0m 394.486 ms - -[0m
2026-04-22 16:27:32 [INFO]: [0mGET /api/users/recommendations [36m304[0m 417.413 ms - -[0m
2026-04-22 16:27:32 [INFO]: [0mGET /api/skills/my-states [36m304[0m 56.912 ms - -[0m
2026-04-22 16:27:32 [INFO]: [0mGET /api/users/recommendations [36m304[0m 83.706 ms - -[0m
2026-04-22 16:27:33 [INFO]: Socket connected: k1-uuwh2L8c8DGHuAAAE
2026-04-22 16:27:33 [INFO]: Socket k1-uuwh2L8c8DGHuAAAE joined room user:69b55b4c2a4ff06cb7d760fa
2026-04-22 16:27:33 [INFO]: [0mGET /api/leaderboard [32m200[0m 59.239 ms - 185[0m
2026-04-22 16:27:33 [WARN]: Redis error — leaderboard will use MongoDB fallback {"error":"WRONGPASS invalid username-password pair"}
2026-04-22 16:27:33 [INFO]: [0mGET /api/leaderboard [36m304[0m 49.197 ms - -[0m
2026-04-22 16:27:34 [INFO]: Socket disconnected: k1-uuwh2L8c8DGHuAAAE
2026-04-22 16:27:34 [INFO]: [0mGET /api/skills/my-states [36m304[0m 55.243 ms - -[0m
2026-04-22 16:27:34 [INFO]: [0mGET /api/users/recommendations [36m304[0m 91.571 ms - -[0m
2026-04-22 16:27:34 [INFO]: [0mGET /api/skills/my-states [36m304[0m 60.546 ms - -[0m
2026-04-22 16:27:34 [INFO]: [0mGET /api/users/recommendations [36m304[0m 83.002 ms - -[0m
2026-04-22 16:27:35 [INFO]: [0mGET /api/problems/69b551a230f4ccf0382a108b [32m200[0m 78.307 ms - 1842[0m
2026-04-22 16:27:35 [INFO]: [0mGET /api/problems/69b551a230f4ccf0382a108b [36m304[0m 83.121 ms - -[0m
2026-04-22 16:28:10 [INFO]: User 69b55b4c2a4ff06cb7d760fa using BYOK for AI Mentor.
2026-04-22 16:28:12 [INFO]: [0mPOST /api/problems/69b551a230f4ccf0382a108b/nudge [32m200[0m 2807.517 ms - 180[0m
2026-04-22 16:28:40 [INFO]: User 69b55b4c2a4ff06cb7d760fa using BYOK for AI Mentor.
2026-04-22 16:28:44 [INFO]: [0mPOST /api/problems/69b551a230f4ccf0382a108b/nudge [32m200[0m 3804.595 ms - 252[0m
2026-04-22 16:29:11 [INFO]: User 69b55b4c2a4ff06cb7d760fa using BYOK for AI Mentor.
2026-04-22 16:29:14 [INFO]: [0mPOST /api/problems/69b551a230f4ccf0382a108b/nudge [32m200[0m 2852.042 ms - 185[0m
2026-04-22 16:30:07 [ERROR]: Code execution failed {"error":"connect ECONNREFUSED 127.0.0.1:2000","language":"java"}
2026-04-22 16:30:07 [INFO]: Test run complete: 0/1 passed (java)
2026-04-22 16:30:07 [INFO]: [0mPOST /api/submissions/run [32m200[0m 45.975 ms - 318[0m
2026-04-22 16:30:07 [ERROR]: Code execution failed {"error":"connect ECONNREFUSED 127.0.0.1:2000","language":"java"}
2026-04-22 16:30:07 [INFO]: Test run complete: 0/1 passed (java)
2026-04-22 16:30:07 [INFO]: [0mPOST /api/submissions/run [32m200[0m 29.058 ms - 317[0m
2026-04-22 16:32:06 [INFO]: Test run complete: 0/1 passed (java)
2026-04-22 16:32:06 [INFO]: [0mPOST /api/submissions/run [32m200[0m 1560.490 ms - 586[0m
2026-04-22 16:32:13 [INFO]: [0mGET /api/submissions/recent/69b551a230f4ccf0382a108b [32m200[0m 34.910 ms - 42[0m
2026-04-22 16:32:22 [INFO]: Test run complete: 0/3 passed (java)
2026-04-22 16:32:22 [INFO]: Submission created: user=69b55b4c2a4ff06cb7d760fa problem=69b551a230f4ccf0382a108b correct=false xp=0
2026-04-22 16:32:22 [INFO]: [0mPOST /api/submissions [32m201[0m 7363.112 ms - 4140[0m
2026-04-22 16:32:31 [INFO]: [0mGET /api/submissions/recent/69b551a230f4ccf0382a108b [32m200[0m 28.884 ms - 344[0m
2026-04-22 16:38:10 [INFO]: MongoDB connection attempt 1/3
2026-04-22 16:38:12 [INFO]: MongoDB connection attempt 1/3
2026-04-22 16:38:13 [INFO]: MongoDB connected successfully
2026-04-22 16:38:13 [INFO]: Server running on port 5000 in development mode
2026-04-22 16:38:13 [INFO]: Piston Execution API connected successfully
2026-04-22 16:38:14 [INFO]: Socket connected: nMQWy1S1y8yUrF-tAAAB
2026-04-22 16:38:14 [INFO]: Socket nMQWy1S1y8yUrF-tAAAB joined room user:69b55b4c2a4ff06cb7d760fa
2026-04-22 16:39:56 [INFO]: Test run complete: 0/1 passed (java)
2026-04-22 16:39:56 [INFO]: [0mPOST /api/submissions/run [32m200[0m 1142.654 ms - 623[0m
2026-04-22 16:40:40 [INFO]: Test run complete: 1/1 passed (java)
2026-04-22 16:40:40 [INFO]: [0mPOST /api/submissions/run [32m200[0m 923.053 ms - 223[0m
2026-04-22 16:40:51 [INFO]: Test run complete: 3/3 passed (java)
2026-04-22 16:40:52 [INFO]: Submission created: user=69b55b4c2a4ff06cb7d760fa problem=69b551a230f4ccf0382a108b correct=true xp=10
2026-04-22 16:40:52 [INFO]: [0mPOST /api/submissions [32m201[0m 7224.523 ms - 2870[0m
2026-04-22 16:41:02 [INFO]: User 69b55b4c2a4ff06cb7d760fa using BYOK for AI Mentor.
2026-04-22 16:41:12 [INFO]: [0mPOST /api/problems/69b551a230f4ccf0382a108b/nudge [32m200[0m 9514.129 ms - 189[0m
2026-04-22 16:41:20 [INFO]: User 69b55b4c2a4ff06cb7d760fa using BYOK for AI Mentor.
2026-04-22 16:41:23 [INFO]: [0mPOST /api/problems/69b551a230f4ccf0382a108b/nudge [32m200[0m 2658.295 ms - 197[0m
2026-04-22 16:53:31 [INFO]: MongoDB connection attempt 1/3
2026-04-22 16:53:31 [INFO]: MongoDB connected successfully
2026-04-22 16:53:31 [INFO]: Server running on port 5000 in development mode
2026-04-22 16:53:31 [INFO]: Piston Execution API connected successfully
2026-04-22 16:53:32 [INFO]: Socket connected: 5-SUoylKPjI52SHVAAAB
2026-04-22 16:53:32 [INFO]: Socket 5-SUoylKPjI52SHVAAAB joined room user:69b55b4c2a4ff06cb7d760fa
2026-04-22 16:53:54 [INFO]: MongoDB connection attempt 1/3
2026-04-22 16:53:55 [INFO]: MongoDB connected successfully
2026-04-22 16:53:55 [INFO]: Server running on port 5000 in development mode
2026-04-22 16:53:55 [INFO]: Piston Execution API connected successfully
2026-04-22 16:53:56 [INFO]: Socket connected: SwYhj88LhEI9DEZPAAAB
2026-04-22 16:53:56 [INFO]: Socket SwYhj88LhEI9DEZPAAAB joined room user:69b55b4c2a4ff06cb7d760fa
2026-04-22 16:54:28 [INFO]: [0mGET /api/problems/69b551a230f4ccf0382a108b [32m200[0m 101.118 ms - 1842[0m
2026-04-22 16:55:47 [INFO]: Socket disconnected: SwYhj88LhEI9DEZPAAAB
2026-04-22 16:55:47 [INFO]: [0mGET /api/auth/me [32m200[0m 27.864 ms - 607[0m
2026-04-22 16:55:47 [INFO]: [0mGET /api/auth/me [36m304[0m 28.185 ms - -[0m
2026-04-22 16:55:47 [INFO]: Socket connected: 1A2wL9B1efS7-8QOAAAE
2026-04-22 16:55:47 [INFO]: Socket 1A2wL9B1efS7-8QOAAAE joined room user:69b55b4c2a4ff06cb7d760fa
2026-04-22 16:55:47 [INFO]: [0mGET /api/problems/69b551a230f4ccf0382a108b [36m304[0m 92.159 ms - -[0m
2026-04-22 16:55:48 [INFO]: [0mGET /api/problems/69b551a230f4ccf0382a108b [36m304[0m 84.063 ms - -[0m
2026-04-22 16:57:06 [INFO]: Test run complete: 1/1 passed (java)
2026-04-22 16:57:06 [INFO]: [0mPOST /api/submissions/run [32m200[0m 1509.010 ms - 224[0m
2026-04-22 16:57:13 [INFO]: User 69b55b4c2a4ff06cb7d760fa using BYOK for AI Mentor.
2026-04-22 16:57:13 [INFO]: Returning AI Nudge from Cache
2026-04-22 16:57:13 [INFO]: [0mPOST /api/problems/69b551a230f4ccf0382a108b/nudge [32m200[0m 108.243 ms - 229[0m
2026-04-22 16:57:20 [INFO]: Test run complete: 0/1 passed (java)
2026-04-22 16:57:20 [INFO]: [0mPOST /api/submissions/run [32m200[0m 514.301 ms - 363[0m
2026-04-22 16:57:22 [INFO]: User 69b55b4c2a4ff06cb7d760fa using BYOK for AI Mentor.
2026-04-22 16:57:22 [INFO]: Returning AI Nudge from Cache
2026-04-22 16:57:22 [INFO]: [0mPOST /api/problems/69b551a230f4ccf0382a108b/nudge [32m200[0m 81.284 ms - 229[0m
2026-04-22 16:57:23 [INFO]: User 69b55b4c2a4ff06cb7d760fa using BYOK for AI Mentor.
2026-04-22 16:57:23 [INFO]: Returning AI Nudge from Cache
2026-04-22 16:57:23 [INFO]: [0mPOST /api/problems/69b551a230f4ccf0382a108b/nudge [32m200[0m 92.852 ms - 229[0m
2026-04-22 16:57:24 [INFO]: User 69b55b4c2a4ff06cb7d760fa using BYOK for AI Mentor.
2026-04-22 16:57:24 [INFO]: Returning AI Nudge from Cache
2026-04-22 16:57:24 [INFO]: [0mPOST /api/problems/69b551a230f4ccf0382a108b/nudge [32m200[0m 79.258 ms - 229[0m
2026-04-22 16:57:25 [INFO]: User 69b55b4c2a4ff06cb7d760fa using BYOK for AI Mentor.
2026-04-22 16:57:25 [INFO]: Returning AI Nudge from Cache
2026-04-22 16:57:25 [INFO]: [0mPOST /api/problems/69b551a230f4ccf0382a108b/nudge [32m200[0m 91.168 ms - 229[0m
2026-04-22 16:57:31 [INFO]: User 69b55b4c2a4ff06cb7d760fa using BYOK for AI Mentor.
2026-04-22 16:57:31 [INFO]: Returning AI Nudge from Cache
2026-04-22 16:57:31 [INFO]: [0mPOST /api/problems/69b551a230f4ccf0382a108b/nudge [32m200[0m 77.844 ms - 229[0m
2026-04-22 16:57:34 [INFO]: User 69b55b4c2a4ff06cb7d760fa using BYOK for AI Mentor.
2026-04-22 16:57:34 [INFO]: Returning AI Nudge from Cache
2026-04-22 16:57:34 [INFO]: [0mPOST /api/problems/69b551a230f4ccf0382a108b/nudge [32m200[0m 83.030 ms - 229[0m
2026-04-22 16:58:31 [INFO]: User 69b55b4c2a4ff06cb7d760fa using BYOK for AI Mentor.
2026-04-22 16:58:31 [INFO]: Returning AI Nudge from Cache
2026-04-22 16:58:31 [INFO]: [0mPOST /api/problems/69b551a230f4ccf0382a108b/nudge [32m200[0m 97.366 ms - 229[0m
2026-04-22 16:58:31 [INFO]: User 69b55b4c2a4ff06cb7d760fa using BYOK for AI Mentor.
2026-04-22 16:58:31 [INFO]: Returning AI Nudge from Cache
2026-04-22 16:58:31 [INFO]: [0mPOST /api/problems/69b551a230f4ccf0382a108b/nudge [32m200[0m 82.210 ms - 229[0m
2026-04-22 16:58:34 [INFO]: User 69b55b4c2a4ff06cb7d760fa using BYOK for AI Mentor.
2026-04-22 16:58:34 [INFO]: Returning AI Nudge from Cache
2026-04-22 16:58:34 [INFO]: [0mPOST /api/problems/69b551a230f4ccf0382a108b/nudge [32m200[0m 92.954 ms - 229[0m
2026-04-22 16:59:42 [INFO]: User 69b55b4c2a4ff06cb7d760fa using BYOK for AI Mentor.
2026-04-22 16:59:42 [INFO]: Returning AI Nudge from Cache
2026-04-22 16:59:42 [INFO]: [0mPOST /api/problems/69b551a230f4ccf0382a108b/nudge [32m200[0m 111.058 ms - 229[0m
2026-04-22 16:59:43 [INFO]: User 69b55b4c2a4ff06cb7d760fa using BYOK for AI Mentor.
2026-04-22 16:59:43 [INFO]: Returning AI Nudge from Cache
2026-04-22 16:59:43 [INFO]: [0mPOST /api/problems/69b551a230f4ccf0382a108b/nudge [32m200[0m 81.180 ms - 229[0m
2026-04-22 16:59:44 [INFO]: User 69b55b4c2a4ff06cb7d760fa using BYOK for AI Mentor.
2026-04-22 16:59:44 [INFO]: Returning AI Nudge from Cache
2026-04-22 16:59:44 [INFO]: [0mPOST /api/problems/69b551a230f4ccf0382a108b/nudge [32m200[0m 95.539 ms - 229[0m
2026-04-22 16:59:49 [INFO]: User 69b55b4c2a4ff06cb7d760fa using BYOK for AI Mentor.
2026-04-22 16:59:52 [INFO]: [0mPOST /api/problems/69b551a230f4ccf0382a108b/nudge [32m200[0m 2395.135 ms - 166[0m
2026-04-22 16:59:57 [INFO]: Socket disconnected: 1A2wL9B1efS7-8QOAAAE
2026-04-22 16:59:58 [INFO]: [0mGET /api/auth/me [36m304[0m 27.111 ms - -[0m
2026-04-22 16:59:58 [INFO]: [0mGET /api/auth/me [36m304[0m 26.460 ms - -[0m
2026-04-22 16:59:58 [INFO]: Socket connected: 0WLec7pfEG9GSG1IAAAH
2026-04-22 16:59:58 [INFO]: Socket 0WLec7pfEG9GSG1IAAAH joined room user:69b55b4c2a4ff06cb7d760fa
2026-04-22 16:59:58 [INFO]: [0mGET /api/problems/69b551a230f4ccf0382a108b [36m304[0m 84.324 ms - -[0m
2026-04-22 16:59:59 [INFO]: [0mGET /api/problems/69b551a230f4ccf0382a108b [36m304[0m 82.228 ms - -[0m
2026-04-22 17:00:01 [INFO]: MongoDB connection attempt 1/3
2026-04-22 17:00:02 [INFO]: MongoDB connected successfully
2026-04-22 17:00:02 [INFO]: Server running on port 5000 in development mode
2026-04-22 17:00:02 [INFO]: Piston Execution API connected successfully
2026-04-22 17:00:02 [INFO]: Socket connected: JbQGMGjhlBr_9gT1AAAB
2026-04-22 17:00:02 [INFO]: Socket JbQGMGjhlBr_9gT1AAAB joined room user:69b55b4c2a4ff06cb7d760fa
2026-04-22 17:00:15 [INFO]: MongoDB connection attempt 1/3
2026-04-22 17:00:15 [INFO]: MongoDB connected successfully
2026-04-22 17:00:15 [INFO]: Server running on port 5000 in development mode
2026-04-22 17:00:15 [INFO]: Piston Execution API connected successfully
2026-04-22 17:00:15 [INFO]: Socket connected: hNPDITRi5UWtfSkXAAAB
2026-04-22 17:00:15 [INFO]: Socket hNPDITRi5UWtfSkXAAAB joined room user:69b55b4c2a4ff06cb7d760fa
2026-04-22 17:00:42 [INFO]: [0mGET /api/problems/69b551a230f4ccf0382a108b [36m304[0m 98.399 ms - -[0m
2026-04-22 17:01:20 [INFO]: Test run complete: 1/1 passed (java)
2026-04-22 17:01:20 [INFO]: [0mPOST /api/submissions/run [32m200[0m 1156.746 ms - 224[0m
2026-04-22 17:01:26 [INFO]: User 69b55b4c2a4ff06cb7d760fa using BYOK for AI Mentor.
2026-04-22 17:01:27 [ERROR]: Gemini API Error in AI Mentor {"error":"[GoogleGenerativeAI Error]: Error fetching from https://generativelanguage.googleapis.com/v1beta/models/gemini-2.5-flash:generateContent: [503 Service Unavailable] This model is currently experiencing high demand. Spikes in demand are usually temporary. Please try again later."}
2026-04-22 17:01:27 [INFO]: [0mPOST /api/problems/69b551a230f4ccf0382a108b/nudge [32m200[0m 1289.533 ms - 119[0m
2026-04-22 17:01:33 [INFO]: User 69b55b4c2a4ff06cb7d760fa using BYOK for AI Mentor.
2026-04-22 17:01:40 [INFO]: [0mPOST /api/problems/69b551a230f4ccf0382a108b/nudge [32m200[0m 7514.137 ms - 197[0m
2026-04-22 17:01:49 [INFO]: Test run complete: 0/1 passed (java)
2026-04-22 17:01:49 [INFO]: [0mPOST /api/submissions/run [32m200[0m 490.359 ms - 517[0m
2026-04-22 17:01:52 [INFO]: User 69b55b4c2a4ff06cb7d760fa using BYOK for AI Mentor.
2026-04-22 17:02:00 [INFO]: [0mPOST /api/problems/69b551a230f4ccf0382a108b/nudge [32m200[0m 7935.216 ms - 218[0m
2026-04-22 17:07:06 [INFO]: Socket disconnected: hNPDITRi5UWtfSkXAAAB
2026-04-22 17:07:07 [INFO]: [0mGET /api/auth/me [36m304[0m 29.814 ms - -[0m
2026-04-22 17:07:07 [INFO]: [0mGET /api/auth/me [36m304[0m 35.201 ms - -[0m
2026-04-22 17:07:07 [INFO]: [0mGET /api/problems/69b551a230f4ccf0382a108b [36m304[0m 115.051 ms - -[0m
2026-04-22 17:07:07 [INFO]: [0mGET /api/problems/69b551a230f4ccf0382a108b [36m304[0m 91.311 ms - -[0m
2026-04-22 17:07:08 [INFO]: Socket connected: t_z2xdLzm7UH7JTRAAAF
2026-04-22 17:07:08 [INFO]: Socket t_z2xdLzm7UH7JTRAAAF joined room user:69b55b4c2a4ff06cb7d760fa
2026-04-22 17:07:09 [INFO]: MongoDB connection attempt 1/3
2026-04-22 17:07:10 [INFO]: MongoDB connected successfully
2026-04-22 17:07:10 [INFO]: Server running on port 5000 in development mode
2026-04-22 17:07:10 [INFO]: Piston Execution API connected successfully
2026-04-22 17:07:10 [INFO]: Socket connected: xypUslmpnr5yV1NPAAAB
2026-04-22 17:07:10 [INFO]: Socket xypUslmpnr5yV1NPAAAB joined room user:69b55b4c2a4ff06cb7d760fa
2026-04-22 17:07:45 [INFO]: MongoDB connection attempt 1/3
2026-04-22 17:07:45 [INFO]: MongoDB connected successfully
2026-04-22 17:07:45 [INFO]: Server running on port 5000 in development mode
2026-04-22 17:07:45 [INFO]: Piston Execution API connected successfully
2026-04-22 17:07:46 [INFO]: Socket connected: LQwLYmLObV4_YIu8AAAB
2026-04-22 17:07:46 [INFO]: Socket LQwLYmLObV4_YIu8AAAB joined room user:69b55b4c2a4ff06cb7d760fa
2026-04-22 17:08:37 [INFO]: MongoDB connection attempt 1/3
2026-04-22 17:08:37 [INFO]: MongoDB connected successfully
2026-04-22 17:13:02 [INFO]: MongoDB connection attempt 1/3
2026-04-22 17:13:02 [INFO]: MongoDB connected successfully
2026-04-22 17:13:14 [INFO]: MongoDB connection attempt 1/3
2026-04-22 17:13:15 [INFO]: MongoDB connected successfully
2026-04-22 17:13:15 [INFO]: Server running on port 5000 in development mode
2026-04-22 17:13:15 [WARN]: Piston Execution API unavailable on boot: connect ECONNREFUSED 127.0.0.1:2000 (offline)
2026-04-22 17:13:15 [INFO]: Socket connected: Vmp-FTbqg_hTH-dbAAAB
2026-04-22 17:13:15 [INFO]: Socket Vmp-FTbqg_hTH-dbAAAB joined room user:69b55b4c2a4ff06cb7d760fa
2026-04-22 17:15:24 [WARN]: Piston connection refused. Waiting 500ms and retrying... {"language":"java"}
2026-04-22 17:15:25 [ERROR]: Code execution failed {"error":"connect ECONNREFUSED 127.0.0.1:2000","language":"java"}
2026-04-22 17:15:25 [INFO]: Test run complete: 0/1 passed (java)
2026-04-22 17:15:25 [INFO]: [0mPOST /api/submissions/run [32m200[0m 599.450 ms - 319[0m
2026-04-22 17:15:42 [INFO]: MongoDB connection attempt 1/3
2026-04-22 17:15:42 [INFO]: MongoDB connected successfully
2026-04-22 17:15:42 [INFO]: Server running on port 5000 in development mode
2026-04-22 17:15:42 [WARN]: Piston Execution API unavailable on boot: connect ECONNREFUSED 127.0.0.1:2000 (offline)
2026-04-22 17:15:45 [INFO]: Socket connected: fIrOo-jLl0GqmScEAAAB
2026-04-22 17:15:45 [INFO]: Socket fIrOo-jLl0GqmScEAAAB joined room user:69b55b4c2a4ff06cb7d760fa
2026-04-22 17:16:57 [INFO]: Test run complete: 1/1 passed (java)
2026-04-22 17:16:57 [INFO]: [0mPOST /api/submissions/run [32m200[0m 863.201 ms - 223[0m
2026-04-22 17:17:06 [INFO]: User 69b55b4c2a4ff06cb7d760fa using BYOK for AI Mentor.
2026-04-22 17:17:11 [INFO]: [0mPOST /api/problems/69b551a230f4ccf0382a108b/nudge [32m200[0m 4891.222 ms - 236[0m
2026-04-22 17:18:38 [INFO]: User 69b55b4c2a4ff06cb7d760fa using BYOK for AI Mentor.
2026-04-22 17:18:41 [INFO]: [0mPOST /api/problems/69b551a230f4ccf0382a108b/nudge [32m200[0m 3359.508 ms - 207[0m
2026-04-22 17:18:46 [INFO]: User 69b55b4c2a4ff06cb7d760fa using BYOK for AI Mentor.
2026-04-22 17:18:51 [INFO]: [0mPOST /api/problems/69b551a230f4ccf0382a108b/nudge [32m200[0m 5015.256 ms - 237[0m
2026-04-22 17:19:18 [INFO]: Test run complete: 3/3 passed (java)
2026-04-22 17:19:18 [INFO]: Submission created: user=69b55b4c2a4ff06cb7d760fa problem=69b551a230f4ccf0382a108b correct=true xp=10
2026-04-22 17:19:18 [INFO]: [0mPOST /api/submissions [32m201[0m 2942.624 ms - 2944[0m
2026-04-22 17:28:03 [INFO]: MongoDB connection attempt 1/3
2026-04-22 17:28:04 [INFO]: MongoDB connected successfully
2026-04-22 17:28:04 [INFO]: Server running on port 5000 in development mode
2026-04-22 17:28:04 [INFO]: Piston Execution API connected successfully
2026-04-22 17:28:04 [INFO]: Socket connected: H4tsAokW-GqRq9q4AAAB
2026-04-22 17:28:04 [INFO]: Socket H4tsAokW-GqRq9q4AAAB joined room user:69b55b4c2a4ff06cb7d760fa
2026-04-22 17:28:37 [INFO]: MongoDB connection attempt 1/3
2026-04-22 17:28:37 [INFO]: MongoDB connected successfully
2026-04-22 22:07:05 [INFO]: MongoDB connection attempt 1/3
2026-04-22 22:07:05 [INFO]: MongoDB connected successfully
2026-04-22 22:07:05 [INFO]: Server running on port 5000 in development mode
2026-04-22 22:07:05 [INFO]: Piston Execution API connected successfully
2026-04-22 22:14:19 [INFO]: User logged in: supreethreddypannala@gmail.com
2026-04-22 22:14:19 [INFO]: [0mPOST /api/auth/login [32m200[0m 208.118 ms - 442[0m
2026-04-22 22:14:19 [INFO]: Socket connected: 6qvQK0uAjuBzC3FJAAAB
2026-04-22 22:14:19 [INFO]: Socket 6qvQK0uAjuBzC3FJAAAB joined room user:69b55b4c2a4ff06cb7d760fa
2026-04-22 22:14:19 [INFO]: [0mGET /api/users/profile [32m200[0m 89.154 ms - 11841[0m
2026-04-22 22:14:19 [INFO]: [0mGET /api/submissions/history?limit=10 [32m200[0m 74.399 ms - 10165[0m
2026-04-22 22:14:19 [INFO]: [0mGET /api/users/profile [36m304[0m 78.698 ms - -[0m
2026-04-22 22:14:19 [INFO]: [0mGET /api/submissions/history?limit=10 [36m304[0m 68.407 ms - -[0m
2026-04-22 22:14:19 [INFO]: [0mGET /api/skills/my-states [32m200[0m 304.661 ms - 6437[0m
2026-04-22 22:14:19 [INFO]: [0mGET /api/users/recommendations [32m200[0m 342.160 ms - 2080[0m
2026-04-22 22:14:19 [INFO]: [0mGET /api/skills/my-states [36m304[0m 50.533 ms - -[0m
2026-04-22 22:14:19 [INFO]: [0mGET /api/users/recommendations [36m304[0m 78.775 ms - -[0m
2026-04-22 22:17:31 [INFO]: [0mGET /api/skills [32m200[0m 79.842 ms - 4858[0m
2026-04-22 22:17:31 [INFO]: [0mGET /api/problems?page=1&limit=15 [32m200[0m 135.285 ms - 23596[0m
2026-04-22 22:17:31 [INFO]: [0mGET /api/skills [36m304[0m 59.514 ms - -[0m
2026-04-22 22:17:32 [INFO]: [0mGET /api/problems?page=1&limit=15 [36m304[0m 68.788 ms - -[0m
2026-04-22 22:17:33 [INFO]: [0mGET /api/skills/my-states [36m304[0m 58.970 ms - -[0m
2026-04-22 22:17:33 [INFO]: [0mGET /api/users/recommendations [36m304[0m 97.645 ms - -[0m
2026-04-22 22:17:33 [INFO]: [0mGET /api/skills/my-states [36m304[0m 64.038 ms - -[0m
2026-04-22 22:17:33 [INFO]: [0mGET /api/users/recommendations [36m304[0m 107.586 ms - -[0m
2026-04-22 22:17:33 [INFO]: [0mGET /api/skills [36m304[0m 71.423 ms - -[0m
2026-04-22 22:17:33 [INFO]: [0mGET /api/problems?page=1&limit=15 [36m304[0m 96.004 ms - -[0m
2026-04-22 22:17:33 [INFO]: [0mGET /api/skills [36m304[0m 69.843 ms - -[0m
2026-04-22 22:17:33 [INFO]: [0mGET /api/problems?page=1&limit=15 [36m304[0m 107.266 ms - -[0m
2026-04-22 22:17:34 [INFO]: Socket disconnected: 6qvQK0uAjuBzC3FJAAAB
2026-04-22 22:17:34 [INFO]: [0mGET /api/problems/69b551a430f4ccf0382a10ab [32m200[0m 81.851 ms - 2091[0m
2026-04-22 22:17:34 [INFO]: [0mGET /api/problems/69b551a430f4ccf0382a10ab [36m304[0m 88.099 ms - -[0m
2026-04-22 22:18:15 [INFO]: Socket connected: 9J5baPc_Up1bU-RwAAAE
2026-04-22 22:18:15 [INFO]: Socket 9J5baPc_Up1bU-RwAAAE joined room user:69b55b4c2a4ff06cb7d760fa
2026-04-22 22:18:15 [INFO]: [0mGET /api/skills [36m304[0m 58.894 ms - -[0m
2026-04-22 22:18:15 [INFO]: [0mGET /api/problems?page=1&limit=15 [36m304[0m 109.427 ms - -[0m
2026-04-22 22:18:15 [INFO]: [0mGET /api/skills [36m304[0m 59.404 ms - -[0m
2026-04-22 22:18:15 [INFO]: [0mGET /api/problems?page=1&limit=15 [36m304[0m 114.902 ms - -[0m
2026-04-22 22:18:16 [INFO]: Socket disconnected: 9J5baPc_Up1bU-RwAAAE
2026-04-22 22:18:17 [INFO]: [0mGET /api/problems/69b551a430f4ccf0382a10a8 [32m200[0m 88.926 ms - 1992[0m
2026-04-22 22:18:17 [INFO]: [0mGET /api/problems/69b551a430f4ccf0382a10a8 [36m304[0m 91.018 ms - -[0m
2026-04-22 22:18:32 [INFO]: [0mGET /api/submissions/recent/69b551a430f4ccf0382a10a8 [32m200[0m 27.627 ms - 42[0m
2026-04-22 22:18:32 [INFO]: [0mGET /api/submissions/recent/69b551a430f4ccf0382a10a8 [36m304[0m 26.038 ms - -[0m
2026-04-22 22:19:49 [INFO]: Socket connected: a3rjISwpzZre7T5gAAAG
2026-04-22 22:19:49 [INFO]: Socket a3rjISwpzZre7T5gAAAG joined room user:69b55b4c2a4ff06cb7d760fa
2026-04-22 22:19:49 [INFO]: [0mGET /api/users/profile [36m304[0m 77.128 ms - -[0m
2026-04-22 22:19:49 [INFO]: [0mGET /api/skills/my-states [36m304[0m 68.326 ms - -[0m
2026-04-22 22:19:49 [INFO]: [0mGET /api/users/recommendations [36m304[0m 100.364 ms - -[0m
2026-04-22 22:19:49 [INFO]: [0mGET /api/users/profile [36m304[0m 70.507 ms - -[0m
2026-04-22 22:19:49 [INFO]: [0mGET /api/skills/my-states [36m304[0m 73.641 ms - -[0m
2026-04-22 22:19:49 [INFO]: [0mGET /api/users/recommendations [36m304[0m 93.716 ms - -[0m
2026-04-22 22:19:49 [INFO]: [0mGET /api/submissions/history?limit=10 [36m304[0m 332.156 ms - -[0m
2026-04-22 22:19:49 [INFO]: [0mGET /api/submissions/history?limit=10 [36m304[0m 69.281 ms - -[0m
2026-04-22 22:20:23 [INFO]: [0mGET /api/skills [36m304[0m 70.236 ms - -[0m
2026-04-22 22:20:23 [INFO]: [0mGET /api/problems?page=1&limit=15 [36m304[0m 94.069 ms - -[0m
2026-04-22 22:20:23 [INFO]: [0mGET /api/skills [36m304[0m 74.764 ms - -[0m
2026-04-22 22:20:23 [INFO]: [0mGET /api/problems?page=1&limit=15 [36m304[0m 95.946 ms - -[0m
2026-04-22 22:20:24 [INFO]: [0mGET /api/problems?page=1&limit=15&skillId=69b5519a30f4ccf0382a107c [32m200[0m 128.023 ms - 5615[0m
2026-04-22 22:20:24 [INFO]: Socket disconnected: a3rjISwpzZre7T5gAAAG
2026-04-22 22:20:24 [INFO]: [0mGET /api/problems/69b551a430f4ccf0382a10a9 [32m200[0m 131.876 ms - 1857[0m
2026-04-22 22:20:24 [INFO]: [0mGET /api/problems/69b551a430f4ccf0382a10a9 [36m304[0m 93.385 ms - -[0m
2026-04-22 22:34:29 [INFO]: Socket connected: UWig_WaRG51D4FPmAAAJ
2026-04-23 05:32:21 [INFO]: MongoDB connection attempt 1/3
2026-04-23 05:32:22 [INFO]: MongoDB connected successfully
2026-04-23 05:32:51 [INFO]: MongoDB connection attempt 1/3
2026-04-23 05:32:51 [INFO]: MongoDB connected successfully
2026-04-23 05:32:51 [INFO]: Server running on port 5000 in development mode
2026-04-23 05:32:51 [WARN]: Piston Execution API unavailable on boot: connect ECONNREFUSED 127.0.0.1:2000 (offline)
2026-04-23 05:34:07 [INFO]: MongoDB connection attempt 1/3
2026-04-23 05:34:07 [INFO]: MongoDB connected successfully
2026-04-23 05:34:07 [INFO]: Server running on port 5000 in development mode
2026-04-23 05:34:07 [INFO]: Piston Execution API connected successfully
2026-04-23 05:34:15 [INFO]: [0mGET /api/auth/me [32m200[0m 63.131 ms - 607[0m
2026-04-23 05:34:15 [INFO]: [0mGET /api/auth/me [36m304[0m 31.354 ms - -[0m
2026-04-23 05:34:15 [INFO]: [0mGET /api/problems/69b551a430f4ccf0382a10a9 [36m304[0m 123.798 ms - -[0m
2026-04-23 05:34:15 [INFO]: [0mGET /api/problems/69b551a430f4ccf0382a10a9 [36m304[0m 105.097 ms - -[0m
2026-04-23 05:34:27 [INFO]: [0mGET /api/auth/me [36m304[0m 34.458 ms - -[0m
2026-04-23 05:34:27 [INFO]: [0mGET /api/auth/me [36m304[0m 30.759 ms - -[0m
2026-04-23 05:37:34 [INFO]: [0mGET /api/skills/my-states [36m304[0m 100.369 ms - -[0m
2026-04-23 05:37:34 [INFO]: [0mGET /api/submissions/history [32m200[0m 100.685 ms - 20572[0m
2026-04-23 05:37:34 [INFO]: [0mGET /api/skills/my-states [36m304[0m 58.913 ms - -[0m
2026-04-23 05:37:34 [INFO]: [0mGET /api/submissions/history [36m304[0m 85.302 ms - -[0m
2026-04-23 05:39:51 [INFO]: [0mGET /api/skills/my-states [36m304[0m 63.826 ms - -[0m
2026-04-23 05:39:51 [INFO]: [0mGET /api/submissions/history [36m304[0m 79.214 ms - -[0m
2026-04-23 05:39:51 [INFO]: [0mGET /api/skills/my-states [36m304[0m 71.447 ms - -[0m
2026-04-23 05:39:51 [INFO]: [0mGET /api/submissions/history [36m304[0m 93.110 ms - -[0m
2026-04-23 05:39:53 [INFO]: [0mGET /api/skills/my-states [36m304[0m 54.276 ms - -[0m
2026-04-23 05:39:53 [INFO]: [0mGET /api/submissions/history [36m304[0m 101.819 ms - -[0m
2026-04-23 05:39:53 [INFO]: [0mGET /api/skills/my-states [36m304[0m 75.228 ms - -[0m
2026-04-23 05:39:53 [INFO]: [0mGET /api/submissions/history [36m304[0m 84.895 ms - -[0m
2026-04-23 05:40:42 [INFO]: [0mGET /api/skills/my-states [36m304[0m 59.185 ms - -[0m
2026-04-23 05:40:42 [INFO]: [0mGET /api/submissions/history [36m304[0m 91.711 ms - -[0m
2026-04-23 05:40:42 [INFO]: [0mGET /api/skills/my-states [36m304[0m 57.274 ms - -[0m
2026-04-23 05:40:42 [INFO]: [0mGET /api/submissions/history [36m304[0m 83.355 ms - -[0m
2026-04-23 05:40:46 [INFO]: [0mGET /api/skills/my-states [36m304[0m 66.629 ms - -[0m
2026-04-23 05:40:46 [INFO]: [0mGET /api/submissions/history [36m304[0m 114.834 ms - -[0m
2026-04-23 05:40:46 [INFO]: [0mGET /api/skills/my-states [36m304[0m 63.162 ms - -[0m
2026-04-23 05:40:46 [INFO]: [0mGET /api/submissions/history [36m304[0m 91.745 ms - -[0m
2026-04-23 05:40:47 [INFO]: Socket connected: L6b08GpH_P7S-TGXAAAC
2026-04-23 05:40:47 [INFO]: Socket L6b08GpH_P7S-TGXAAAC joined room user:69b55b4c2a4ff06cb7d760fa
2026-04-23 05:40:47 [INFO]: [0mGET /api/leaderboard [32m200[0m 107.565 ms - 185[0m
2026-04-23 05:40:47 [INFO]: Socket disconnected: L6b08GpH_P7S-TGXAAAC
2026-04-23 05:40:47 [INFO]: [0mGET /api/leaderboard [36m304[0m 74.025 ms - -[0m
2026-04-23 05:40:47 [WARN]: Redis error — leaderboard will use MongoDB fallback {"error":"WRONGPASS invalid username-password pair"}
2026-04-23 05:40:55 [INFO]: [0mGET /api/auth/me [36m304[0m 28.012 ms - -[0m
2026-04-23 05:40:55 [INFO]: [0mGET /api/auth/me [36m304[0m 26.021 ms - -[0m
2026-04-23 05:40:55 [INFO]: Socket connected: nUQvnmFfk27BIuhaAAAF
2026-04-23 05:40:55 [INFO]: Socket disconnected: nUQvnmFfk27BIuhaAAAF
2026-04-23 05:40:55 [INFO]: Socket connected: -BzkiorOThyfVD-XAAAH
2026-04-23 05:40:55 [INFO]: Socket -BzkiorOThyfVD-XAAAH joined room user:69b55b4c2a4ff06cb7d760fa
2026-04-23 05:40:55 [INFO]: [0mGET /api/leaderboard [36m304[0m 53.778 ms - -[0m
2026-04-23 05:40:55 [INFO]: Socket disconnected: -BzkiorOThyfVD-XAAAH
2026-04-23 05:40:55 [INFO]: [0mGET /api/leaderboard [36m304[0m 53.616 ms - -[0m
2026-04-23 05:41:36 [INFO]: [0mGET /api/auth/me [36m304[0m 25.159 ms - -[0m
2026-04-23 05:41:36 [INFO]: [0mGET /api/auth/me [36m304[0m 25.023 ms - -[0m
2026-04-23 05:41:36 [INFO]: Socket connected: MsTz9WBdWcfR3A5xAAAL
2026-04-23 05:41:36 [INFO]: Socket MsTz9WBdWcfR3A5xAAAL joined room user:69b55b4c2a4ff06cb7d760fa
2026-04-23 05:41:36 [INFO]: [0mGET /api/leaderboard [36m304[0m 51.871 ms - -[0m
2026-04-23 05:41:36 [INFO]: Socket disconnected: MsTz9WBdWcfR3A5xAAAL
2026-04-23 05:41:36 [INFO]: [0mGET /api/leaderboard [36m304[0m 56.786 ms - -[0m
2026-04-23 05:41:42 [INFO]: [0mGET /api/auth/me [36m304[0m 26.993 ms - -[0m
2026-04-23 05:41:42 [INFO]: [0mGET /api/auth/me [36m304[0m 30.722 ms - -[0m
2026-04-23 05:41:46 [INFO]: [0mGET /api/skills/my-states [36m304[0m 62.941 ms - -[0m
2026-04-23 05:41:46 [INFO]: [0mGET /api/submissions/history [36m304[0m 84.286 ms - -[0m
2026-04-23 05:41:46 [INFO]: [0mGET /api/skills/my-states [36m304[0m 51.424 ms - -[0m
2026-04-23 05:41:46 [INFO]: [0mGET /api/submissions/history [36m304[0m 78.787 ms - -[0m
2026-04-23 05:42:27 [INFO]: [0mGET /api/skills/my-states [36m304[0m 54.374 ms - -[0m
2026-04-23 05:42:27 [INFO]: [0mGET /api/submissions/history [36m304[0m 84.109 ms - -[0m
2026-04-23 05:42:27 [INFO]: [0mGET /api/skills/my-states [36m304[0m 73.757 ms - -[0m
2026-04-23 05:42:27 [INFO]: [0mGET /api/submissions/history [36m304[0m 58.936 ms - -[0m
2026-04-23 05:42:32 [INFO]: [0mGET /api/skills/my-states [36m304[0m 49.198 ms - -[0m
2026-04-23 05:42:32 [INFO]: [0mGET /api/submissions/history [36m304[0m 80.213 ms - -[0m
2026-04-23 05:42:32 [INFO]: [0mGET /api/skills/my-states [36m304[0m 50.428 ms - -[0m
2026-04-23 05:42:32 [INFO]: [0mGET /api/submissions/history [36m304[0m 79.504 ms - -[0m
2026-04-23 05:42:33 [INFO]: [0mGET /api/skills/my-states [36m304[0m 58.111 ms - -[0m
2026-04-23 05:42:33 [INFO]: [0mGET /api/submissions/history [36m304[0m 78.661 ms - -[0m
2026-04-23 05:42:33 [INFO]: [0mGET /api/skills/my-states [36m304[0m 52.482 ms - -[0m
2026-04-23 05:42:33 [INFO]: [0mGET /api/submissions/history [36m304[0m 78.634 ms - -[0m
2026-04-23 05:42:35 [INFO]: Socket connected: 5V1SgyGwQ4XUhH_eAAAN
2026-04-23 05:42:35 [INFO]: Socket 5V1SgyGwQ4XUhH_eAAAN joined room user:69b55b4c2a4ff06cb7d760fa
2026-04-23 05:42:35 [INFO]: [0mGET /api/leaderboard [36m304[0m 52.605 ms - -[0m
2026-04-23 05:42:35 [INFO]: Socket disconnected: 5V1SgyGwQ4XUhH_eAAAN
2026-04-23 05:42:35 [INFO]: [0mGET /api/leaderboard [36m304[0m 64.760 ms - -[0m
2026-04-23 05:48:40 [INFO]: MongoDB connection attempt 1/3
2026-04-23 05:48:40 [INFO]: MongoDB connected successfully
2026-04-23 05:48:40 [INFO]: Server running on port 5000 in development mode
2026-04-23 05:48:41 [INFO]: Piston Execution API connected successfully
2026-04-23 06:16:58 [INFO]: MongoDB connection attempt 1/3
2026-04-23 06:16:58 [INFO]: MongoDB connected successfully
2026-04-23 06:19:07 [INFO]: MongoDB connection attempt 1/3
2026-04-23 06:19:07 [INFO]: MongoDB connected successfully
2026-04-23 06:19:07 [INFO]: Server running on port 5000 in development mode
2026-04-23 06:19:07 [INFO]: Piston Execution API connected successfully
2026-04-23 06:19:41 [INFO]: User logged in: supreethreddypannala@gmail.com
2026-04-23 06:19:41 [INFO]: [0mPOST /api/auth/login [32m200[0m 273.262 ms - 442[0m
2026-04-23 06:19:41 [INFO]: [0mGET /api/skills/my-states [32m200[0m 86.743 ms - 6437[0m
2026-04-23 06:19:41 [INFO]: [0mGET /api/users/recommendations [32m200[0m 132.600 ms - 2080[0m
2026-04-23 06:19:41 [INFO]: [0mGET /api/skills/my-states [36m304[0m 67.559 ms - -[0m
2026-04-23 06:19:41 [INFO]: [0mGET /api/users/recommendations [36m304[0m 163.278 ms - -[0m
2026-04-23 06:21:33 [INFO]: [0mGET /api/skills [36m304[0m 64.561 ms - -[0m
2026-04-23 06:21:33 [INFO]: [0mGET /api/problems?page=1&limit=15 [36m304[0m 98.917 ms - -[0m
2026-04-23 06:21:33 [INFO]: [0mGET /api/skills [36m304[0m 63.328 ms - -[0m
2026-04-23 06:21:33 [INFO]: [0mGET /api/problems?page=1&limit=15 [36m304[0m 93.956 ms - -[0m
2026-04-23 06:21:48 [INFO]: [0mGET /api/problems/69b551a430f4ccf0382a10ab [32m200[0m 91.041 ms - 2091[0m
2026-04-23 06:21:48 [INFO]: [0mGET /api/problems/69b551a430f4ccf0382a10ab [36m304[0m 98.385 ms - -[0m
2026-04-23 06:22:46 [INFO]: [0mGET /api/skills/my-states [36m304[0m 58.963 ms - -[0m
2026-04-23 06:22:46 [INFO]: [0mGET /api/users/recommendations [36m304[0m 89.926 ms - -[0m
2026-04-23 06:22:46 [INFO]: [0mGET /api/skills/my-states [36m304[0m 61.920 ms - -[0m
2026-04-23 06:22:46 [INFO]: [0mGET /api/users/recommendations [36m304[0m 83.812 ms - -[0m
2026-04-23 06:22:51 [INFO]: [0mGET /api/skills [36m304[0m 57.265 ms - -[0m
2026-04-23 06:22:51 [INFO]: [0mGET /api/problems?page=1&limit=15 [36m304[0m 100.237 ms - -[0m
2026-04-23 06:22:51 [INFO]: [0mGET /api/skills [36m304[0m 60.280 ms - -[0m
2026-04-23 06:22:51 [INFO]: [0mGET /api/problems?page=1&limit=15 [36m304[0m 89.944 ms - -[0m
2026-04-23 06:22:57 [INFO]: Socket connected: 5C52eXP9m-K7u6iUAAAC
2026-04-23 06:22:57 [INFO]: Socket 5C52eXP9m-K7u6iUAAAC joined room user:69b55b4c2a4ff06cb7d760fa
2026-04-23 06:22:58 [INFO]: [0mGET /api/leaderboard [32m200[0m 108.932 ms - 185[0m
2026-04-23 06:22:58 [INFO]: [0mGET /api/leaderboard [36m304[0m 86.589 ms - -[0m
2026-04-23 06:22:58 [WARN]: Redis error — leaderboard will use MongoDB fallback {"error":"WRONGPASS invalid username-password pair"}
2026-04-23 06:22:59 [INFO]: Socket disconnected: 5C52eXP9m-K7u6iUAAAC
2026-04-23 06:22:59 [INFO]: [0mGET /api/skills/my-states [36m304[0m 58.847 ms - -[0m
2026-04-23 06:22:59 [INFO]: [0mGET /api/submissions/history [32m200[0m 90.575 ms - 20572[0m
2026-04-23 06:22:59 [INFO]: [0mGET /api/skills/my-states [36m304[0m 58.467 ms - -[0m
2026-04-23 06:23:00 [INFO]: [0mGET /api/submissions/history [36m304[0m 95.390 ms - -[0m
2026-04-23 06:23:10 [INFO]: [0mGET /api/skills/my-states [36m304[0m 64.678 ms - -[0m
2026-04-23 06:23:10 [INFO]: [0mGET /api/users/recommendations [36m304[0m 97.463 ms - -[0m
2026-04-23 06:23:10 [INFO]: [0mGET /api/skills/my-states [36m304[0m 63.969 ms - -[0m
2026-04-23 06:23:10 [INFO]: [0mGET /api/users/recommendations [36m304[0m 83.225 ms - -[0m
2026-04-23 06:23:52 [INFO]: [0mGET /api/skills [36m304[0m 53.801 ms - -[0m
2026-04-23 06:23:52 [INFO]: [0mGET /api/problems?page=1&limit=15 [36m304[0m 83.240 ms - -[0m
2026-04-23 06:23:52 [INFO]: [0mGET /api/skills [36m304[0m 58.160 ms - -[0m
2026-04-23 06:23:52 [INFO]: [0mGET /api/problems?page=1&limit=15 [36m304[0m 83.142 ms - -[0m
2026-04-23 06:23:56 [INFO]: [0mGET /api/problems?page=1&limit=15&skillId=69b5519b30f4ccf0382a1083 [32m200[0m 58.452 ms - 4469[0m
2026-04-23 06:23:58 [INFO]: [0mGET /api/problems?page=1&limit=15&skillId=69b5519b30f4ccf0382a1083&difficulty=easy [32m200[0m 54.239 ms - 1400[0m
2026-04-23 06:24:03 [INFO]: [0mGET /api/problems?page=1&limit=15&difficulty=easy [36m304[0m 83.473 ms - -[0m
2026-04-23 06:24:06 [INFO]: [0mGET /api/problems/69b551a430f4ccf0382a10a6 [36m304[0m 85.856 ms - -[0m
2026-04-23 06:24:06 [INFO]: [0mGET /api/problems/69b551a430f4ccf0382a10a6 [36m304[0m 93.941 ms - -[0m
2026-04-23 06:36:59 [INFO]: [0mGET /api/auth/me [32m200[0m 168.254 ms - 607[0m
2026-04-23 06:36:59 [INFO]: [0mGET /api/auth/me [36m304[0m 28.305 ms - -[0m
2026-04-23 06:37:00 [INFO]: [0mGET /api/problems/69b551a430f4ccf0382a10a6 [36m304[0m 102.590 ms - -[0m
2026-04-23 06:37:00 [INFO]: [0mGET /api/problems/69b551a430f4ccf0382a10a6 [36m304[0m 130.869 ms - -[0m
2026-04-23 06:46:48 [INFO]: MongoDB connection attempt 1/3
2026-04-23 07:21:44 [INFO]: MongoDB connection attempt 1/3
2026-04-23 07:21:44 [INFO]: MongoDB connected successfully
2026-04-23 07:21:44 [INFO]: Server running on port 5000 in development mode
2026-04-23 07:21:44 [INFO]: Piston Execution API connected successfully
2026-04-23 07:22:17 [INFO]: [0mGET /api/auth/me [36m304[0m 73.095 ms - -[0m
2026-04-23 07:22:17 [INFO]: [0mGET /api/auth/me [36m304[0m 31.254 ms - -[0m
2026-04-23 07:22:18 [INFO]: [0mGET /api/skills/my-states [36m304[0m 94.037 ms - -[0m
2026-04-23 07:22:18 [INFO]: [0mGET /api/users/recommendations [36m304[0m 138.444 ms - -[0m
2026-04-23 07:22:18 [INFO]: [0mGET /api/skills/my-states [36m304[0m 63.188 ms - -[0m
2026-04-23 07:22:18 [INFO]: [0mGET /api/users/recommendations [36m304[0m 96.081 ms - -[0m
2026-04-23 07:22:22 [INFO]: [0mGET /api/skills [36m304[0m 62.579 ms - -[0m
2026-04-23 07:22:22 [INFO]: [0mGET /api/problems?page=1&limit=15 [36m304[0m 101.459 ms - -[0m
2026-04-23 07:22:22 [INFO]: [0mGET /api/skills [36m304[0m 64.069 ms - -[0m
2026-04-23 07:22:22 [INFO]: [0mGET /api/problems?page=1&limit=15 [36m304[0m 84.766 ms - -[0m
2026-04-23 07:22:25 [INFO]: [0mGET /api/problems/69b551a430f4ccf0382a10ab [36m304[0m 81.372 ms - -[0m
2026-04-23 07:22:25 [INFO]: [0mGET /api/problems/69b551a430f4ccf0382a10ab [36m304[0m 97.294 ms - -[0m
2026-04-23 07:22:39 [INFO]: User 69b55b4c2a4ff06cb7d760fa using BYOK for AI Mentor.
2026-04-23 07:22:41 [ERROR]: Gemini API Error in AI Mentor {"error":"[GoogleGenerativeAI Error]: Error fetching from https://generativelanguage.googleapis.com/v1beta/models/gemini-2.5-flash:generateContent: [503 Service Unavailable] This model is currently experiencing high demand. Spikes in demand are usually temporary. Please try again later."}
2026-04-23 07:22:41 [INFO]: [0mPOST /api/problems/69b551a430f4ccf0382a10ab/nudge [32m200[0m 1846.064 ms - 108[0m
2026-04-23 07:23:01 [INFO]: Test run complete: 0/1 passed (javascript)
2026-04-23 07:23:01 [INFO]: [0mPOST /api/submissions/run [32m200[0m 335.292 ms - 1034[0m
2026-04-23 07:23:19 [INFO]: Socket connected: xvdOAAIXerLhBspCAAAC
2026-04-23 07:23:19 [INFO]: Socket xvdOAAIXerLhBspCAAAC joined room user:69b55b4c2a4ff06cb7d760fa
2026-04-23 07:23:19 [INFO]: [0mGET /api/leaderboard [36m304[0m 72.443 ms - -[0m
2026-04-23 07:23:19 [INFO]: [0mGET /api/leaderboard [36m304[0m 54.771 ms - -[0m
2026-04-23 07:23:19 [WARN]: Redis error — leaderboard will use MongoDB fallback {"error":"WRONGPASS invalid username-password pair"}
2026-04-23 07:23:20 [INFO]: Socket disconnected: xvdOAAIXerLhBspCAAAC
2026-04-23 07:23:20 [INFO]: [0mGET /api/skills/my-states [36m304[0m 57.895 ms - -[0m
2026-04-23 07:23:20 [INFO]: [0mGET /api/submissions/history [36m304[0m 95.831 ms - -[0m
2026-04-23 07:23:20 [INFO]: [0mGET /api/skills/my-states [36m304[0m 66.144 ms - -[0m
2026-04-23 07:23:21 [INFO]: [0mGET /api/submissions/history [36m304[0m 78.245 ms - -[0m
2026-04-23 07:23:29 [INFO]: [0mGET /api/skills/my-states [36m304[0m 67.736 ms - -[0m
2026-04-23 07:23:29 [INFO]: [0mGET /api/users/recommendations [36m304[0m 87.979 ms - -[0m
2026-04-23 07:23:29 [INFO]: [0mGET /api/skills/my-states [36m304[0m 53.033 ms - -[0m
2026-04-23 07:23:29 [INFO]: [0mGET /api/users/recommendations [36m304[0m 79.293 ms - -[0m
2026-04-23 07:23:31 [INFO]: [0mGET /api/skills [36m304[0m 52.400 ms - -[0m
2026-04-23 07:23:31 [INFO]: [0mGET /api/problems?page=1&limit=15 [36m304[0m 104.558 ms - -[0m
2026-04-23 07:23:32 [INFO]: [0mGET /api/skills [36m304[0m 69.209 ms - -[0m
2026-04-23 07:23:32 [INFO]: [0mGET /api/problems?page=1&limit=15 [36m304[0m 89.598 ms - -[0m
2026-04-23 07:23:34 [INFO]: [0mGET /api/problems/69b551a430f4ccf0382a10a9 [32m200[0m 86.427 ms - 1857[0m
2026-04-23 07:23:34 [INFO]: [0mGET /api/problems/69b551a430f4ccf0382a10a9 [36m304[0m 101.843 ms - -[0m
2026-04-23 07:29:03 [INFO]: Test run complete: 1/1 passed (java)
2026-04-23 07:29:03 [INFO]: [0mPOST /api/submissions/run [32m200[0m 2358.764 ms - 215[0m
2026-04-23 07:29:12 [INFO]: Test run complete: 2/3 passed (java)
2026-04-23 07:29:12 [INFO]: Submission created: user=69b55b4c2a4ff06cb7d760fa problem=69b551a430f4ccf0382a10a9 correct=false xp=3
2026-04-23 07:29:12 [INFO]: [0mPOST /api/submissions [32m201[0m 5687.628 ms - 2975[0m
2026-04-23 07:29:22 [INFO]: Test run complete: 3/3 passed (java)
2026-04-23 07:29:22 [INFO]: Submission created: user=69b55b4c2a4ff06cb7d760fa problem=69b551a430f4ccf0382a10a9 correct=true xp=10
2026-04-23 07:29:22 [INFO]: [0mPOST /api/submissions [32m201[0m 4346.177 ms - 2931[0m
2026-04-23 07:29:39 [INFO]: Test run complete: 0/1 passed (java)
2026-04-23 07:29:39 [INFO]: [0mPOST /api/submissions/run [32m200[0m 1206.797 ms - 217[0m
2026-04-23 07:29:45 [INFO]: User 69b55b4c2a4ff06cb7d760fa using BYOK for AI Mentor.
2026-04-23 07:29:50 [INFO]: [0mPOST /api/problems/69b551a430f4ccf0382a10a9/nudge [32m200[0m 4416.142 ms - 247[0m
2026-04-23 07:45:44 [INFO]: User logged in: supreethreddypannala@gmail.com
2026-04-23 07:45:44 [INFO]: [0mPOST /api/auth/login [32m200[0m 274.422 ms - 442[0m
2026-04-23 07:45:44 [INFO]: [0mGET /api/skills/my-states [32m200[0m 95.013 ms - 6438[0m
2026-04-23 07:45:44 [INFO]: [0mGET /api/users/recommendations [32m200[0m 146.081 ms - 2036[0m
2026-04-23 07:45:44 [INFO]: [0mGET /api/skills/my-states [36m304[0m 70.709 ms - -[0m
2026-04-23 07:45:44 [INFO]: [0mGET /api/users/recommendations [36m304[0m 116.981 ms - -[0m
2026-04-23 07:46:02 [INFO]: User logged in: supreethreddypannala@gmail.com
2026-04-23 07:46:02 [INFO]: [0mPOST /api/auth/login [32m200[0m 182.543 ms - 442[0m
2026-04-23 07:46:03 [INFO]: [0mGET /api/skills/my-states [36m304[0m 87.812 ms - -[0m
2026-04-23 07:46:03 [INFO]: [0mGET /api/users/recommendations [36m304[0m 115.775 ms - -[0m
2026-04-23 07:46:03 [INFO]: [0mGET /api/skills/my-states [36m304[0m 65.692 ms - -[0m
2026-04-23 07:46:03 [INFO]: [0mGET /api/users/recommendations [36m304[0m 93.236 ms - -[0m
2026-04-23 07:46:59 [INFO]: [0mGET /api/skills [36m304[0m 63.041 ms - -[0m
2026-04-23 07:46:59 [INFO]: [0mGET /api/problems?page=1&limit=15 [36m304[0m 103.290 ms - -[0m
2026-04-23 07:46:59 [INFO]: [0mGET /api/skills [36m304[0m 72.213 ms - -[0m
2026-04-23 07:46:59 [INFO]: [0mGET /api/problems?page=1&limit=15 [36m304[0m 97.162 ms - -[0m
2026-04-23 07:47:01 [INFO]: [0mGET /api/problems/69b551a430f4ccf0382a10ab [36m304[0m 91.958 ms - -[0m
2026-04-23 07:47:01 [INFO]: [0mGET /api/problems/69b551a430f4ccf0382a10ab [36m304[0m 101.731 ms - -[0m
2026-04-23 07:47:07 [INFO]: [0mGET /api/submissions/recent/69b551a430f4ccf0382a10ab [32m200[0m 31.585 ms - 42[0m
2026-04-23 07:47:07 [INFO]: [0mGET /api/submissions/recent/69b551a430f4ccf0382a10ab [36m304[0m 27.399 ms - -[0m
2026-04-23 07:47:13 [INFO]: [0mGET /api/skills [36m304[0m 92.566 ms - -[0m
2026-04-23 07:47:13 [INFO]: [0mGET /api/problems?page=1&limit=15 [36m304[0m 110.881 ms - -[0m
2026-04-23 07:47:13 [INFO]: [0mGET /api/skills [36m304[0m 69.163 ms - -[0m
2026-04-23 07:47:13 [INFO]: [0mGET /api/problems?page=1&limit=15 [36m304[0m 111.520 ms - -[0m
2026-04-23 07:47:15 [INFO]: [0mGET /api/problems/69b551a430f4ccf0382a10a9 [32m200[0m 88.784 ms - 1857[0m
2026-04-23 07:47:15 [INFO]: [0mGET /api/problems/69b551a430f4ccf0382a10a9 [36m304[0m 191.381 ms - -[0m
2026-04-23 07:47:19 [INFO]: [0mGET /api/submissions/recent/69b551a430f4ccf0382a10a9 [32m200[0m 29.886 ms - 1440[0m
2026-04-23 07:47:19 [INFO]: [0mGET /api/submissions/recent/69b551a430f4ccf0382a10a9 [36m304[0m 28.981 ms - -[0m
2026-04-23 07:47:44 [INFO]: Test run complete: 0/3 passed (javascript)
2026-04-23 07:47:45 [INFO]: Submission created: user=69b55b4c2a4ff06cb7d760fa problem=69b551a430f4ccf0382a10a9 correct=false xp=0
2026-04-23 07:47:45 [INFO]: [0mPOST /api/submissions [32m201[0m 1895.665 ms - 4978[0m
2026-04-23 07:47:57 [INFO]: [0mGET /api/submissions/recent/69b551a430f4ccf0382a10a9 [32m200[0m 28.845 ms - 1447[0m
2026-04-23 07:47:58 [INFO]: [0mGET /api/submissions/recent/69b551a430f4ccf0382a10a9 [36m304[0m 27.669 ms - -[0m
2026-04-23 07:52:42 [INFO]: Socket connected: bdIKYIOcD5r89guiAAAF
2026-04-23 07:52:42 [INFO]: Socket bdIKYIOcD5r89guiAAAF joined room user:69b55b4c2a4ff06cb7d760fa
2026-04-23 07:52:42 [INFO]: [0mGET /api/leaderboard [32m200[0m 80.872 ms - 185[0m
2026-04-23 07:52:42 [INFO]: [0mGET /api/leaderboard [36m304[0m 60.219 ms - -[0m
2026-04-23 07:52:49 [INFO]: Socket disconnected: bdIKYIOcD5r89guiAAAF
2026-04-23 07:53:04 [INFO]: User logged in: supreethreddypannala@gmail.com
2026-04-23 07:53:04 [INFO]: [0mPOST /api/auth/login [32m200[0m 205.054 ms - 442[0m
2026-04-23 07:53:04 [INFO]: [0mGET /api/skills/my-states [32m200[0m 81.718 ms - 6438[0m
2026-04-23 07:53:04 [INFO]: [0mGET /api/users/recommendations [32m200[0m 119.124 ms - 2080[0m
2026-04-23 07:53:05 [INFO]: [0mGET /api/skills/my-states [36m304[0m 59.654 ms - -[0m
2026-04-23 07:53:05 [INFO]: [0mGET /api/users/recommendations [36m304[0m 94.037 ms - -[0m
2026-04-23 07:54:09 [INFO]: [0mGET /api/skills [36m304[0m 95.975 ms - -[0m
2026-04-23 07:54:09 [INFO]: [0mGET /api/problems?page=1&limit=15 [36m304[0m 113.131 ms - -[0m
2026-04-23 07:54:09 [INFO]: [0mGET /api/skills [36m304[0m 62.972 ms - -[0m
2026-04-23 07:54:09 [INFO]: [0mGET /api/problems?page=1&limit=15 [36m304[0m 98.331 ms - -[0m
2026-04-23 07:54:10 [INFO]: [0mGET /api/problems/69b551a430f4ccf0382a10ab [36m304[0m 102.895 ms - -[0m
2026-04-23 07:54:10 [INFO]: [0mGET /api/problems/69b551a430f4ccf0382a10ab [36m304[0m 81.220 ms - -[0m
2026-04-23 07:55:00 [INFO]: Test run complete: 0/1 passed (java)
2026-04-23 07:55:00 [INFO]: [0mPOST /api/submissions/run [32m200[0m 2895.049 ms - 263[0m
2026-04-23 07:55:04 [INFO]: Test run complete: 0/1 passed (java)
2026-04-23 07:55:04 [INFO]: [0mPOST /api/submissions/run [32m200[0m 1791.414 ms - 535[0m
2026-04-23 07:55:17 [INFO]: User 69b55b4c2a4ff06cb7d760fa using BYOK for AI Mentor.
2026-04-23 07:55:20 [INFO]: [0mPOST /api/problems/69b551a430f4ccf0382a10ab/nudge [32m200[0m 2855.990 ms - 226[0m
2026-04-23 07:55:37 [INFO]: Test run complete: 0/1 passed (java)
2026-04-23 07:55:37 [INFO]: [0mPOST /api/submissions/run [32m200[0m 3307.051 ms - 499[0m
2026-04-23 07:55:43 [INFO]: User 69b55b4c2a4ff06cb7d760fa using BYOK for AI Mentor.
2026-04-23 07:55:47 [INFO]: [0mPOST /api/problems/69b551a430f4ccf0382a10ab/nudge [32m200[0m 3535.037 ms - 203[0m
2026-04-23 07:56:00 [INFO]: Test run complete: 1/1 passed (java)
2026-04-23 07:56:00 [INFO]: [0mPOST /api/submissions/run [32m200[0m 1792.093 ms - 262[0m
2026-04-23 07:56:07 [INFO]: Test run complete: 0/3 passed (java)
2026-04-23 07:56:07 [INFO]: Submission created: user=69b55b4c2a4ff06cb7d760fa problem=69b551a430f4ccf0382a10ab correct=false xp=0
2026-04-23 07:56:07 [INFO]: [0mPOST /api/submissions [32m201[0m 5510.812 ms - 2959[0m
2026-04-23 07:56:16 [INFO]: Test run complete: 0/3 passed (java)
2026-04-23 07:56:16 [INFO]: Submission created: user=69b55b4c2a4ff06cb7d760fa problem=69b551a430f4ccf0382a10ab correct=false xp=0
2026-04-23 07:56:16 [INFO]: [0mPOST /api/submissions [32m201[0m 6720.769 ms - 3047[0m
2026-04-23 07:56:24 [INFO]: User 69b55b4c2a4ff06cb7d760fa using BYOK for AI Mentor.
2026-04-23 07:56:29 [INFO]: [0mPOST /api/problems/69b551a430f4ccf0382a10ab/nudge [32m200[0m 4671.635 ms - 173[0m
2026-04-23 07:56:40 [INFO]: Test run complete: 0/3 passed (java)
2026-04-23 07:56:41 [INFO]: Submission created: user=69b55b4c2a4ff06cb7d760fa problem=69b551a430f4ccf0382a10ab correct=false xp=0
2026-04-23 07:56:41 [INFO]: [0mPOST /api/submissions [32m201[0m 6891.948 ms - 3047[0m
2026-04-23 07:57:30 [INFO]: Test run complete: 0/3 passed (java)
2026-04-23 07:57:31 [INFO]: Submission created: user=69b55b4c2a4ff06cb7d760fa problem=69b551a430f4ccf0382a10ab correct=false xp=0
2026-04-23 07:57:31 [INFO]: [0mPOST /api/submissions [32m201[0m 5587.737 ms - 3014[0m
2026-04-23 07:57:34 [INFO]: Test run complete: 1/1 passed (java)
2026-04-23 07:57:34 [INFO]: [0mPOST /api/submissions/run [32m200[0m 2006.986 ms - 262[0m
2026-04-23 08:03:37 [INFO]: [0mGET /api/skills/my-states [32m200[0m 77.818 ms - 6439[0m
2026-04-23 08:03:37 [INFO]: [0mGET /api/users/recommendations [36m304[0m 149.161 ms - -[0m
2026-04-23 08:03:38 [INFO]: [0mGET /api/skills/my-states [36m304[0m 66.883 ms - -[0m
2026-04-23 08:03:38 [INFO]: [0mGET /api/users/recommendations [36m304[0m 103.090 ms - -[0m
2026-04-23 08:04:32 [INFO]: [0mGET /api/skills/my-states [36m304[0m 105.089 ms - -[0m
2026-04-23 08:04:32 [INFO]: [0mGET /api/submissions/history [32m200[0m 138.191 ms - 21598[0m
2026-04-23 08:04:32 [INFO]: [0mGET /api/skills/my-states [36m304[0m 97.059 ms - -[0m
2026-04-23 08:04:33 [INFO]: [0mGET /api/submissions/history [36m304[0m 147.417 ms - -[0m
2026-04-23 08:08:20 [INFO]: [0mGET /api/auth/me [32m200[0m 61.050 ms - 607[0m
2026-04-23 08:08:20 [INFO]: [0mGET /api/auth/me [36m304[0m 27.968 ms - -[0m
2026-04-23 08:08:20 [INFO]: [0mGET /api/skills/my-states [36m304[0m 93.878 ms - -[0m
2026-04-23 08:08:20 [INFO]: [0mGET /api/submissions/history [36m304[0m 111.833 ms - -[0m
2026-04-23 08:08:20 [INFO]: [0mGET /api/skills/my-states [36m304[0m 69.085 ms - -[0m
2026-04-23 08:08:20 [INFO]: [0mGET /api/submissions/history [36m304[0m 114.568 ms - -[0m
2026-04-23 08:09:34 [INFO]: [0mGET /api/skills/my-states [36m304[0m 66.404 ms - -[0m
2026-04-23 08:09:34 [INFO]: [0mGET /api/users/recommendations [36m304[0m 96.542 ms - -[0m
2026-04-23 08:09:34 [INFO]: [0mGET /api/skills/my-states [36m304[0m 64.375 ms - -[0m
2026-04-23 08:09:34 [INFO]: [0mGET /api/users/recommendations [36m304[0m 90.806 ms - -[0m
2026-04-23 08:10:34 [INFO]: MongoDB connection attempt 1/3
2026-04-23 08:10:35 [INFO]: MongoDB connected successfully
2026-04-23 08:10:35 [INFO]: Server running on port 5000 in development mode
2026-04-23 08:10:35 [INFO]: Piston Execution API connected successfully
2026-04-23 08:10:50 [INFO]: MongoDB connection attempt 1/3
2026-04-23 08:10:51 [INFO]: MongoDB connected successfully
2026-04-23 08:10:51 [INFO]: Server running on port 5000 in development mode
2026-04-23 08:10:51 [INFO]: Piston Execution API connected successfully
2026-04-23 08:12:14 [INFO]: [0mGET /api/skills [36m304[0m 192.576 ms - -[0m
2026-04-23 08:12:14 [INFO]: [0mGET /api/problems?page=1&limit=15 [36m304[0m 145.702 ms - -[0m
2026-04-23 08:12:14 [INFO]: [0mGET /api/skills [36m304[0m 86.926 ms - -[0m
2026-04-23 08:12:14 [INFO]: [0mGET /api/problems?page=1&limit=15 [36m304[0m 103.321 ms - -[0m
2026-04-23 08:12:16 [INFO]: [0mGET /api/problems/69b551a430f4ccf0382a10ab [32m200[0m 112.328 ms - 2091[0m
2026-04-23 08:12:16 [INFO]: [0mGET /api/problems/69b551a430f4ccf0382a10ab [36m304[0m 97.890 ms - -[0m
2026-04-23 08:12:27 [INFO]: Socket connected: fGh4R4acOEkJFNXTAAAC
2026-04-23 08:12:27 [INFO]: Socket fGh4R4acOEkJFNXTAAAC joined room user:69b55b4c2a4ff06cb7d760fa
2026-04-23 08:12:27 [INFO]: [0mGET /api/leaderboard [36m304[0m 70.122 ms - -[0m
2026-04-23 08:12:27 [WARN]: Redis error — leaderboard will use MongoDB fallback {"error":"WRONGPASS invalid username-password pair"}
2026-04-23 08:12:27 [INFO]: [0mGET /api/leaderboard [36m304[0m 115.463 ms - -[0m
2026-04-23 08:12:28 [INFO]: Socket disconnected: fGh4R4acOEkJFNXTAAAC
2026-04-23 08:14:50 [INFO]: [0mGET /api/skills/my-states [36m304[0m 78.448 ms - -[0m
2026-04-23 08:14:50 [INFO]: [0mGET /api/users/recommendations [36m304[0m 113.767 ms - -[0m
2026-04-23 08:14:51 [INFO]: [0mGET /api/skills/my-states [36m304[0m 77.785 ms - -[0m
2026-04-23 08:14:51 [INFO]: [0mGET /api/users/recommendations [36m304[0m 91.518 ms - -[0m
2026-04-23 08:15:01 [INFO]: [0mGET /api/skills/my-states [36m304[0m 63.114 ms - -[0m
2026-04-23 08:15:01 [INFO]: [0mGET /api/submissions/history [36m304[0m 116.555 ms - -[0m
2026-04-23 08:15:01 [INFO]: [0mGET /api/skills/my-states [36m304[0m 70.834 ms - -[0m
2026-04-23 08:15:01 [INFO]: [0mGET /api/submissions/history [36m304[0m 125.273 ms - -[0m
2026-04-23 08:15:04 [INFO]: [0mGET /api/skills/my-states [36m304[0m 61.876 ms - -[0m
2026-04-23 08:15:04 [INFO]: [0mGET /api/users/recommendations [36m304[0m 90.769 ms - -[0m
2026-04-23 08:15:04 [INFO]: [0mGET /api/skills/my-states [36m304[0m 64.858 ms - -[0m
2026-04-23 08:15:04 [INFO]: [0mGET /api/users/recommendations [36m304[0m 93.169 ms - -[0m
2026-04-23 08:16:38 [INFO]: [0mGET /api/skills [36m304[0m 80.954 ms - -[0m
2026-04-23 08:16:39 [INFO]: [0mGET /api/problems?page=1&limit=15 [36m304[0m 103.534 ms - -[0m
2026-04-23 08:16:39 [INFO]: [0mGET /api/skills [36m304[0m 66.327 ms - -[0m
2026-04-23 08:16:39 [INFO]: [0mGET /api/problems?page=1&limit=15 [36m304[0m 101.675 ms - -[0m
2026-04-23 08:18:19 [INFO]: [0mGET /api/auth/me [36m304[0m 38.075 ms - -[0m
2026-04-23 08:18:19 [INFO]: [0mGET /api/auth/me [36m304[0m 29.454 ms - -[0m
2026-04-23 08:18:19 [INFO]: [0mGET /api/skills [36m304[0m 67.706 ms - -[0m
2026-04-23 08:18:19 [INFO]: [0mGET /api/problems?page=1&limit=15 [36m304[0m 109.665 ms - -[0m
2026-04-23 08:18:19 [INFO]: [0mGET /api/skills [36m304[0m 66.887 ms - -[0m
2026-04-23 08:18:19 [INFO]: [0mGET /api/problems?page=1&limit=15 [36m304[0m 91.755 ms - -[0m
2026-04-23 08:18:26 [INFO]: [0mGET /api/problems/69b551a430f4ccf0382a10ab [36m304[0m 94.651 ms - -[0m
2026-04-23 08:18:26 [INFO]: [0mGET /api/problems/69b551a430f4ccf0382a10ab [36m304[0m 97.074 ms - -[0m
2026-04-23 08:18:32 [INFO]: [0mGET /api/submissions/recent/69b551a430f4ccf0382a10ab [32m200[0m 33.395 ms - 2309[0m
2026-04-23 08:18:32 [INFO]: [0mGET /api/submissions/recent/69b551a430f4ccf0382a10ab [36m304[0m 30.126 ms - -[0m
2026-04-23 08:18:42 [INFO]: Test run complete: 0/1 passed (java)
2026-04-23 08:18:42 [INFO]: [0mPOST /api/submissions/run [32m200[0m 3602.018 ms - 263[0m
2026-04-23 08:18:46 [INFO]: Test run complete: 1/1 passed (java)
2026-04-23 08:18:46 [INFO]: [0mPOST /api/submissions/run [32m200[0m 2124.664 ms - 262[0m
2026-04-23 08:26:27 [INFO]: [0mGET /api/skills/my-states [36m304[0m 232.654 ms - -[0m
2026-04-23 08:30:47 [INFO]: User logged in: supreethreddypannala@gmail.com
2026-04-23 08:30:47 [INFO]: [0mPOST /api/auth/login [32m200[0m 858.698 ms - 442[0m
2026-04-23 08:30:47 [INFO]: [0mGET /api/skills/my-states [32m200[0m 126.590 ms - 6439[0m
2026-04-23 08:30:47 [INFO]: [0mGET /api/problems [32m200[0m 170.944 ms - 31597[0m
2026-04-23 08:30:47 [INFO]: [0mGET /api/users/recommendations [32m200[0m 197.937 ms - 2080[0m
2026-04-23 08:30:47 [INFO]: [0mGET /api/skills/my-states [36m304[0m 112.299 ms - -[0m
2026-04-23 08:30:47 [INFO]: [0mGET /api/problems [36m304[0m 144.585 ms - -[0m
2026-04-23 08:30:48 [INFO]: [0mGET /api/users/recommendations [36m304[0m 138.002 ms - -[0m
2026-04-23 08:30:48 [INFO]: [0mGET /api/skills/my-states [36m304[0m 76.722 ms - -[0m
2026-04-23 08:30:48 [INFO]: [0mGET /api/skills/my-states [36m304[0m 62.911 ms - -[0m
2026-04-23 08:31:04 [INFO]: [0mGET /api/auth/me [32m200[0m 45.267 ms - 607[0m
2026-04-23 08:31:04 [INFO]: [0mGET /api/auth/me [36m304[0m 27.381 ms - -[0m
2026-04-23 08:31:05 [INFO]: [0mGET /api/skills/my-states [36m304[0m 58.915 ms - -[0m
2026-04-23 08:31:05 [INFO]: [0mGET /api/submissions/history?limit=500 [32m200[0m 122.528 ms - 39566[0m
2026-04-23 08:31:05 [INFO]: [0mGET /api/skills/my-states [36m304[0m 77.857 ms - -[0m
2026-04-23 08:31:05 [INFO]: [0mGET /api/submissions/history?limit=500 [36m304[0m 108.676 ms - -[0m
2026-04-23 08:31:05 [INFO]: [0mGET /api/skills/my-states [36m304[0m 88.799 ms - -[0m
2026-04-23 08:31:05 [INFO]: [0mGET /api/skills/my-states [36m304[0m 74.429 ms - -[0m
2026-04-23 08:31:51 [INFO]: [0mGET /api/auth/me [36m304[0m 31.623 ms - -[0m
2026-04-23 08:31:51 [INFO]: [0mGET /api/auth/me [36m304[0m 31.263 ms - -[0m
2026-04-23 08:31:51 [INFO]: [0mGET /api/skills/my-states [36m304[0m 58.338 ms - -[0m
2026-04-23 08:31:51 [INFO]: [0mGET /api/users/recommendations [36m304[0m 99.413 ms - -[0m
2026-04-23 08:31:51 [INFO]: [0mGET /api/problems [36m304[0m 106.937 ms - -[0m
2026-04-23 08:31:51 [INFO]: [0mGET /api/skills/my-states [36m304[0m 79.380 ms - -[0m
2026-04-23 08:31:51 [INFO]: [0mGET /api/users/recommendations [36m304[0m 105.928 ms - -[0m
2026-04-23 08:31:51 [INFO]: [0mGET /api/problems [36m304[0m 108.292 ms - -[0m
2026-04-23 08:31:51 [INFO]: [0mGET /api/skills/my-states [36m304[0m 74.679 ms - -[0m
2026-04-23 08:31:51 [INFO]: [0mGET /api/skills/my-states [36m304[0m 56.870 ms - -[0m
2026-04-23 08:39:29 [INFO]: [0mGET /api/skills [36m304[0m 89.215 ms - -[0m
2026-04-23 08:39:29 [INFO]: [0mGET /api/problems?page=1&limit=15 [32m200[0m 87.875 ms - 23596[0m
2026-04-23 08:39:29 [INFO]: [0mGET /api/skills [36m304[0m 58.007 ms - -[0m
2026-04-23 08:39:29 [INFO]: [0mGET /api/problems?page=1&limit=15 [36m304[0m 83.501 ms - -[0m
2026-04-23 08:39:30 [INFO]: [0mGET /api/problems/69b551a430f4ccf0382a10ab [32m200[0m 91.950 ms - 2091[0m
2026-04-23 08:39:30 [INFO]: [0mGET /api/problems/69b551a430f4ccf0382a10ab [36m304[0m 78.463 ms - -[0m
2026-04-23 08:39:35 [INFO]: [0mGET /api/skills/my-states [36m304[0m 57.876 ms - -[0m
2026-04-23 08:39:35 [INFO]: [0mGET /api/users/recommendations [36m304[0m 101.799 ms - -[0m
2026-04-23 08:39:35 [INFO]: [0mGET /api/problems [36m304[0m 104.333 ms - -[0m
2026-04-23 08:39:35 [INFO]: [0mGET /api/skills/my-states [36m304[0m 76.973 ms - -[0m
2026-04-23 08:39:35 [INFO]: [0mGET /api/users/recommendations [36m304[0m 90.771 ms - -[0m
2026-04-23 08:39:35 [INFO]: [0mGET /api/problems [36m304[0m 93.077 ms - -[0m
2026-04-23 08:43:31 [INFO]: [0mGET /api/auth/me [36m304[0m 83.401 ms - -[0m
2026-04-23 08:43:31 [INFO]: [0mGET /api/auth/me [36m304[0m 26.017 ms - -[0m
2026-04-23 08:43:31 [INFO]: [0mGET /api/skills/my-states [36m304[0m 52.380 ms - -[0m
2026-04-23 08:43:31 [INFO]: [0mGET /api/problems/69b551a430f4ccf0382a10ab [36m304[0m 121.028 ms - -[0m
2026-04-23 08:43:31 [INFO]: [0mGET /api/skills/my-states [36m304[0m 91.565 ms - -[0m
2026-04-23 08:43:31 [INFO]: [0mGET /api/problems/69b551a430f4ccf0382a10ab [36m304[0m 90.238 ms - -[0m
2026-04-23 08:43:37 [INFO]: [0mGET /api/skills/my-states [36m304[0m 131.690 ms - -[0m
2026-04-23 08:43:37 [INFO]: [0mGET /api/problems [32m200[0m 145.818 ms - 31597[0m
2026-04-23 08:43:37 [INFO]: [0mGET /api/users/recommendations [36m304[0m 159.130 ms - -[0m
2026-04-23 08:43:37 [INFO]: [0mGET /api/skills/my-states [36m304[0m 75.221 ms - -[0m
2026-04-23 08:43:37 [INFO]: [0mGET /api/problems [36m304[0m 81.419 ms - -[0m
2026-04-23 08:43:37 [INFO]: [0mGET /api/users/recommendations [36m304[0m 82.439 ms - -[0m
2026-04-23 08:44:17 [INFO]: [0mGET /api/skills/my-states [36m304[0m 55.722 ms - -[0m
2026-04-23 08:44:18 [INFO]: [0mGET /api/submissions/history?limit=500 [32m200[0m 99.167 ms - 39566[0m
2026-04-23 08:44:18 [INFO]: [0mGET /api/skills/my-states [36m304[0m 55.486 ms - -[0m
2026-04-23 08:44:18 [INFO]: [0mGET /api/submissions/history?limit=500 [36m304[0m 102.419 ms - -[0m
2026-04-23 08:44:37 [INFO]: [0mGET /api/skills [36m304[0m 52.454 ms - -[0m
2026-04-23 08:44:37 [INFO]: [0mGET /api/problems?page=1&limit=15 [36m304[0m 101.040 ms - -[0m
2026-04-23 08:44:38 [INFO]: [0mGET /api/skills [36m304[0m 123.018 ms - -[0m
2026-04-23 08:44:38 [INFO]: [0mGET /api/problems?page=1&limit=15 [36m304[0m 126.686 ms - -[0m
2026-04-23 08:44:39 [INFO]: [0mGET /api/problems/69b551a430f4ccf0382a10aa [32m200[0m 81.678 ms - 1853[0m
2026-04-23 08:44:40 [INFO]: [0mGET /api/problems/69b551a430f4ccf0382a10aa [36m304[0m 83.271 ms - -[0m
2026-04-23 08:44:54 [INFO]: Test run complete: 0/1 passed (javascript)
2026-04-23 08:44:54 [INFO]: [0mPOST /api/submissions/run [32m200[0m 809.784 ms - 988[0m
2026-04-23 08:44:55 [INFO]: Test run complete: 0/1 passed (javascript)
2026-04-23 08:44:55 [INFO]: [0mPOST /api/submissions/run [32m200[0m 193.101 ms - 988[0m
2026-04-23 08:44:56 [INFO]: Test run complete: 0/1 passed (javascript)
2026-04-23 08:44:56 [INFO]: [0mPOST /api/submissions/run [32m200[0m 208.746 ms - 988[0m
2026-04-23 09:12:12 [INFO]: MongoDB connection attempt 1/3
2026-04-23 09:12:13 [INFO]: MongoDB connected successfully
2026-04-23 09:12:13 [INFO]: Server running on port 5000 in development mode
2026-04-23 09:12:13 [INFO]: Piston Execution API connected successfully
2026-04-23 09:12:23 [INFO]: [Arena] /arena namespace initialised
2026-04-23 09:12:23 [INFO]: MongoDB connection attempt 1/3
2026-04-23 09:12:23 [INFO]: MongoDB connected successfully
2026-04-23 09:12:23 [INFO]: Server running on port 5000 in development mode
2026-04-23 09:12:23 [INFO]: Piston Execution API connected successfully
2026-04-23 10:19:26 [INFO]: [Arena] /arena namespace initialised
2026-04-23 10:19:26 [INFO]: MongoDB connection attempt 1/3
2026-04-23 10:19:26 [INFO]: MongoDB connected successfully
2026-04-23 10:19:26 [INFO]: Server running on port 5000 in development mode
2026-04-23 10:19:26 [INFO]: Piston Execution API connected successfully
2026-04-23 10:20:15 [INFO]: [0mGET /api/auth/me [36m304[0m 85.147 ms - -[0m
2026-04-23 10:20:16 [INFO]: [0mGET /api/auth/me [36m304[0m 31.059 ms - -[0m
2026-04-23 10:20:16 [INFO]: [0mGET /api/skills/my-states [36m304[0m 106.797 ms - -[0m
2026-04-23 10:20:16 [INFO]: [0mGET /api/problems [36m304[0m 145.728 ms - -[0m
2026-04-23 10:20:16 [INFO]: [0mGET /api/users/recommendations [36m304[0m 171.552 ms - -[0m
2026-04-23 10:20:16 [INFO]: [0mGET /api/skills/my-states [36m304[0m 76.586 ms - -[0m
2026-04-23 10:20:16 [INFO]: [0mGET /api/problems [36m304[0m 77.864 ms - -[0m
2026-04-23 10:20:16 [INFO]: [0mGET /api/skills/my-states [36m304[0m 61.440 ms - -[0m
2026-04-23 10:20:16 [INFO]: [0mGET /api/users/recommendations [36m304[0m 90.882 ms - -[0m
2026-04-23 10:20:16 [INFO]: [0mGET /api/skills/my-states [36m304[0m 59.281 ms - -[0m
2026-04-23 10:20:45 [INFO]: Socket connected: lVlrE5FFyWn9bi7ZAAAC
2026-04-23 10:21:26 [INFO]: [0mGET /api/skills [36m304[0m 60.673 ms - -[0m
2026-04-23 10:21:26 [INFO]: [0mGET /api/problems?page=1&limit=15 [36m304[0m 84.280 ms - -[0m
2026-04-23 10:21:26 [INFO]: [0mGET /api/skills [36m304[0m 54.553 ms - -[0m
2026-04-23 10:21:26 [INFO]: [0mGET /api/problems?page=1&limit=15 [36m304[0m 89.966 ms - -[0m
2026-04-23 10:21:27 [INFO]: [0mGET /api/skills/my-states [36m304[0m 52.855 ms - -[0m
2026-04-23 10:21:27 [INFO]: [0mGET /api/users/recommendations [36m304[0m 80.687 ms - -[0m
2026-04-23 10:21:27 [INFO]: [0mGET /api/problems [36m304[0m 97.647 ms - -[0m
2026-04-23 10:21:27 [INFO]: [0mGET /api/skills/my-states [36m304[0m 58.892 ms - -[0m
2026-04-23 10:21:27 [INFO]: [0mGET /api/users/recommendations [36m304[0m 85.105 ms - -[0m
2026-04-23 10:21:27 [INFO]: [0mGET /api/problems [36m304[0m 88.416 ms - -[0m
2026-04-23 10:21:33 [INFO]: [0mGET /api/skills [36m304[0m 93.837 ms - -[0m
2026-04-23 10:21:33 [INFO]: [0mGET /api/problems?page=1&limit=15 [36m304[0m 115.374 ms - -[0m
2026-04-23 10:21:33 [INFO]: [0mGET /api/skills [36m304[0m 104.642 ms - -[0m
2026-04-23 10:21:33 [INFO]: [0mGET /api/problems?page=1&limit=15 [36m304[0m 135.748 ms - -[0m
2026-04-23 10:21:35 [INFO]: [0mGET /api/problems/69b551a430f4ccf0382a10ab [36m304[0m 116.647 ms - -[0m
2026-04-23 10:21:35 [INFO]: [0mGET /api/problems/69b551a430f4ccf0382a10ab [36m304[0m 77.048 ms - -[0m
2026-04-23 10:21:49 [INFO]: [Arena] Socket connected: 2SllN206d1ZoerfOAAAF
2026-04-23 10:21:49 [INFO]: [0mGET /api/problems [36m304[0m 123.502 ms - -[0m
2026-04-23 10:21:50 [INFO]: [0mGET /api/problems [36m304[0m 1155.891 ms - -[0m
2026-04-23 10:22:18 [INFO]: [Arena] Room 665E01 created by Supreeth Reddy (69b55b4c2a4ff06cb7d760fa). Mode: coop-split
2026-04-23 10:27:19 [INFO]: [Arena] /arena namespace initialised
2026-04-23 10:27:19 [INFO]: MongoDB connection attempt 1/3
2026-04-23 10:27:19 [INFO]: MongoDB connected successfully
2026-04-23 10:27:19 [INFO]: Server running on port 5000 in development mode
2026-04-23 10:27:20 [INFO]: [Arena] Socket connected: SqNruwPLrBcmErteAAAB
2026-04-23 10:27:20 [INFO]: Piston Execution API connected successfully
2026-04-23 10:27:20 [INFO]: [0mGET /api/problems [36m304[0m 738.697 ms - -[0m
2026-04-23 10:27:20 [INFO]: [0mGET /api/problems [36m304[0m 87.216 ms - -[0m
2026-04-23 10:27:23 [INFO]: [Arena] Socket disconnected: SqNruwPLrBcmErteAAAB
2026-04-23 10:27:26 [INFO]: [0mGET /api/auth/me [32m200[0m 62.872 ms - 607[0m
2026-04-23 10:27:26 [INFO]: [0mGET /api/auth/me [36m304[0m 30.266 ms - -[0m
2026-04-23 10:27:27 [INFO]: [0mGET /api/skills/my-states [32m200[0m 78.289 ms - 6439[0m
2026-04-23 10:27:27 [INFO]: [0mGET /api/problems [32m200[0m 110.154 ms - 31597[0m
2026-04-23 10:27:27 [INFO]: [0mGET /api/skills/my-states [36m304[0m 112.607 ms - -[0m
2026-04-23 10:27:27 [INFO]: [Arena] Socket connected: Tlo8c2_2PskP9ZVjAAAF
2026-04-23 10:27:27 [INFO]: [0mGET /api/problems [36m304[0m 179.841 ms - -[0m
2026-04-23 10:27:40 [INFO]: Socket connected: RNRd90Qasz9pEGzMAAAI
2026-04-23 10:28:03 [INFO]: [Arena] /arena namespace initialised
2026-04-23 10:28:03 [INFO]: MongoDB connection attempt 1/3
2026-04-23 10:28:03 [INFO]: MongoDB connected successfully
2026-04-23 10:28:03 [INFO]: Server running on port 5000 in development mode
2026-04-23 10:28:03 [INFO]: Piston Execution API connected successfully
2026-04-23 10:28:03 [INFO]: [Arena] Socket connected: 30C3mWD2mk_3ALNCAAAB
2026-04-23 10:28:12 [INFO]: [Arena] Socket disconnected: 30C3mWD2mk_3ALNCAAAB
2026-04-23 10:28:16 [INFO]: [0mGET /api/auth/me [36m304[0m 54.524 ms - -[0m
2026-04-23 10:28:16 [INFO]: [0mGET /api/auth/me [36m304[0m 32.954 ms - -[0m
2026-04-23 10:28:16 [INFO]: [0mGET /api/skills/my-states [36m304[0m 99.762 ms - -[0m
2026-04-23 10:28:16 [INFO]: [0mGET /api/problems [36m304[0m 109.452 ms - -[0m
2026-04-23 10:28:16 [INFO]: [Arena] Socket connected: MWxhjj2vnk4HezETAAAF
2026-04-23 10:28:16 [INFO]: [0mGET /api/skills/my-states [36m304[0m 62.014 ms - -[0m
2026-04-23 10:28:16 [INFO]: [0mGET /api/problems [36m304[0m 96.002 ms - -[0m
2026-04-23 10:28:22 [INFO]: Socket connected: TLCeR6tM8qnkANEXAAAI
2026-04-23 10:30:13 [INFO]: New user registered: angeerasareddypannala@gmail.com
2026-04-23 10:30:13 [INFO]: [0mPOST /api/auth/register [32m201[0m 494.424 ms - 445[0m
2026-04-23 10:30:13 [INFO]: [0mGET /api/skills/my-states [32m200[0m 51.870 ms - 6375[0m
2026-04-23 10:30:13 [INFO]: [0mGET /api/skills/my-states [32m200[0m 53.361 ms - 6375[0m
2026-04-23 10:30:13 [INFO]: [0mGET /api/skills/my-states [32m200[0m 53.284 ms - 6375[0m
2026-04-23 10:30:13 [INFO]: [0mGET /api/users/recommendations [32m200[0m 87.400 ms - 2080[0m
2026-04-23 10:30:13 [INFO]: [0mGET /api/problems [32m200[0m 84.513 ms - 31597[0m
2026-04-23 10:30:13 [INFO]: [0mGET /api/users/recommendations [32m200[0m 81.837 ms - 2080[0m
2026-04-23 10:30:13 [INFO]: [0mGET /api/problems [32m200[0m 84.372 ms - 31597[0m
2026-04-23 10:30:13 [INFO]: [0mGET /api/skills/my-states [32m200[0m 249.416 ms - 6375[0m
2026-04-23 10:30:23 [INFO]: [Arena] Socket connected: jpw-jPTr5S2p9RzuAAAK
2026-04-23 10:30:23 [INFO]: [0mGET /api/problems [32m200[0m 94.562 ms - 31597[0m
2026-04-23 10:30:23 [INFO]: [0mGET /api/problems [36m304[0m 102.917 ms - -[0m
2026-04-23 10:30:32 [INFO]: [Arena] Room 879B77 created by Supreeth Reddy (69b55b4c2a4ff06cb7d760fa). Mode: coop-split
2026-04-23 10:30:46 [INFO]: [Arena] Angeerasa Reddy (69e9a75de78c372318bfb9c4) joined room 879B77
2026-04-23 10:30:49 [INFO]: [Arena] Match started in room 879B77. Mode: coop-split
2026-04-23 10:30:50 [INFO]: [0mGET /api/problems/69b551a430f4ccf0382a10a9 [32m200[0m 109.717 ms - 1857[0m
2026-04-23 10:30:50 [INFO]: [0mGET /api/problems/69b551a430f4ccf0382a10a9 [36m304[0m 104.705 ms - -[0m
2026-04-23 10:31:11 [INFO]: [Arena] Supreeth Reddy left room 879B77. 1 remaining.
2026-04-23 10:31:12 [INFO]: [0mGET /api/problems [36m304[0m 119.717 ms - -[0m
2026-04-23 10:31:12 [INFO]: [0mGET /api/problems [36m304[0m 94.639 ms - -[0m
2026-04-23 10:31:18 [INFO]: [Arena] Room 375325 created by Supreeth Reddy (69b55b4c2a4ff06cb7d760fa). Mode: coop-split
2026-04-23 10:31:22 [INFO]: [Arena] Socket disconnected: jpw-jPTr5S2p9RzuAAAK
2026-04-23 10:31:22 [INFO]: [Arena] Angeerasa Reddy left room 879B77. 0 remaining.
2026-04-23 10:31:22 [INFO]: [Arena] Room 879B77 deleted (empty).
2026-04-23 10:31:23 [INFO]: [0mGET /api/auth/me [32m200[0m 24.379 ms - 457[0m
2026-04-23 10:31:23 [INFO]: [0mGET /api/auth/me [32m200[0m 23.832 ms - 457[0m
2026-04-23 10:31:23 [INFO]: [Arena] Socket connected: 2Jc6TBlY16G8wDvbAAAM
2026-04-23 10:31:23 [INFO]: [0mGET /api/skills/my-states [36m304[0m 51.193 ms - -[0m
2026-04-23 10:31:23 [INFO]: [0mGET /api/skills/my-states [32m200[0m 66.149 ms - 6375[0m
2026-04-23 10:31:23 [INFO]: [0mGET /api/problems [32m200[0m 108.270 ms - 31597[0m
2026-04-23 10:31:23 [INFO]: [0mGET /api/problems [36m304[0m 118.194 ms - -[0m
2026-04-23 10:31:35 [INFO]: [Arena] Angeerasa Reddy (69e9a75de78c372318bfb9c4) joined room 375325
2026-04-23 10:31:42 [INFO]: [Arena] Match started in room 375325. Mode: coop-split
2026-04-23 10:31:43 [INFO]: [0mGET /api/problems/69b551a430f4ccf0382a10a8 [32m200[0m 87.645 ms - 1992[0m
2026-04-23 10:31:43 [INFO]: [0mGET /api/problems/69b551a430f4ccf0382a10a8 [36m304[0m 82.162 ms - -[0m
2026-04-23 10:31:53 [INFO]: [Arena] Socket disconnected: 2Jc6TBlY16G8wDvbAAAM
2026-04-23 10:31:53 [INFO]: [Arena] Angeerasa Reddy left room 375325. 1 remaining.
2026-04-23 10:31:53 [INFO]: [0mGET /api/skills [32m200[0m 53.592 ms - 4858[0m
2026-04-23 10:31:53 [INFO]: [0mGET /api/skills [32m200[0m 54.024 ms - 4858[0m
2026-04-23 10:31:53 [INFO]: [0mGET /api/problems?page=1&limit=15 [32m200[0m 89.381 ms - 23596[0m
2026-04-23 10:31:53 [INFO]: [0mGET /api/problems?page=1&limit=15 [32m200[0m 88.708 ms - 23596[0m
2026-04-23 10:31:57 [INFO]: [Arena] Socket connected: tdvLA-joCc_qhNSfAAAO
2026-04-23 10:31:57 [INFO]: [0mGET /api/problems [36m304[0m 86.363 ms - -[0m
2026-04-23 10:31:57 [INFO]: [0mGET /api/problems [32m200[0m 95.482 ms - 31597[0m
2026-04-23 10:32:01 [INFO]: [0mGET /api/problems [36m304[0m 93.651 ms - -[0m
2026-04-23 10:32:01 [INFO]: [0mGET /api/problems [36m304[0m 106.611 ms - -[0m
2026-04-23 10:32:16 [INFO]: [Arena] Room E379BD created by Supreeth Reddy (69b55b4c2a4ff06cb7d760fa). Mode: coop-split
2026-04-23 10:32:28 [INFO]: [Arena] Angeerasa Reddy (69e9a75de78c372318bfb9c4) joined room E379BD
2026-04-23 10:32:57 [INFO]: [Arena] Match started in room E379BD. Mode: coop-split
2026-04-23 10:32:58 [INFO]: [0mGET /api/problems/69b551a430f4ccf0382a10ab [32m200[0m 91.005 ms - 2091[0m
2026-04-23 10:32:58 [INFO]: [0mGET /api/problems/69b551a430f4ccf0382a10ab [36m304[0m 78.816 ms - -[0m
2026-04-23 10:36:53 [INFO]: [Arena] /arena namespace initialised
2026-04-23 10:36:53 [INFO]: MongoDB connection attempt 1/3
2026-04-23 10:36:53 [INFO]: MongoDB connected successfully
2026-04-23 10:42:56 [INFO]: [Arena] /arena namespace initialised
2026-04-23 10:42:56 [INFO]: MongoDB connection attempt 1/3
2026-04-23 10:42:57 [INFO]: MongoDB connected successfully
2026-04-23 10:44:25 [INFO]: [Arena] /arena namespace initialised
2026-04-23 10:44:25 [INFO]: MongoDB connection attempt 1/3
2026-04-23 10:44:25 [INFO]: MongoDB connected successfully
2026-04-23 10:44:25 [INFO]: Server running on port 5000 in development mode
2026-04-23 10:44:25 [INFO]: Piston Execution API connected successfully
2026-04-23 10:44:36 [INFO]: [Arena] Socket connected: hGKqVv-b-uVUzKG7AAAB
2026-04-23 10:44:38 [INFO]: [Arena] Socket disconnected: hGKqVv-b-uVUzKG7AAAB
2026-04-23 10:44:40 [INFO]: [0mGET /api/auth/me [32m200[0m 49.414 ms - 457[0m
2026-04-23 10:44:40 [INFO]: [0mGET /api/auth/me [36m304[0m 89.066 ms - -[0m
2026-04-23 10:44:41 [INFO]: [0mGET /api/skills/my-states [36m304[0m 122.134 ms - -[0m
2026-04-23 10:44:41 [INFO]: [0mGET /api/skills/my-states [32m200[0m 123.753 ms - 6375[0m
2026-04-23 10:44:41 [INFO]: [0mGET /api/problems [32m200[0m 160.447 ms - 31597[0m
2026-04-23 10:44:41 [INFO]: [Arena] Socket connected: 7F3Ae3JoJV1qvCxBAAAE
2026-04-23 10:44:41 [INFO]: [0mGET /api/problems [32m200[0m 349.065 ms - 31597[0m
2026-04-23 10:44:44 [INFO]: [Arena] Socket disconnected: 7F3Ae3JoJV1qvCxBAAAE
2026-04-23 10:44:45 [INFO]: [0mGET /api/auth/me [36m304[0m 43.239 ms - -[0m
2026-04-23 10:44:45 [INFO]: [0mGET /api/auth/me [32m200[0m 40.541 ms - 457[0m
2026-04-23 10:44:45 [INFO]: [0mGET /api/skills/my-states [36m304[0m 102.550 ms - -[0m
2026-04-23 10:44:45 [INFO]: [0mGET /api/skills/my-states [32m200[0m 122.729 ms - 6375[0m
2026-04-23 10:44:45 [INFO]: [0mGET /api/problems [36m304[0m 141.231 ms - -[0m
2026-04-23 10:44:45 [INFO]: [0mGET /api/problems [32m200[0m 140.110 ms - 31597[0m
2026-04-23 10:44:45 [INFO]: [Arena] Socket connected: zm9SPoY0w-T4S69qAAAH
2026-04-23 10:44:57 [INFO]: User logged in: supreethreddypannala@gmail.com
2026-04-23 10:44:57 [INFO]: [0mPOST /api/auth/login [32m200[0m 233.374 ms - 442[0m
2026-04-23 10:44:57 [INFO]: [0mGET /api/skills/my-states [36m304[0m 67.109 ms - -[0m
2026-04-23 10:44:57 [INFO]: [0mGET /api/problems [36m304[0m 103.522 ms - -[0m
2026-04-23 10:44:57 [INFO]: [0mGET /api/users/recommendations [32m200[0m 115.331 ms - 2080[0m
2026-04-23 10:44:57 [INFO]: [0mGET /api/skills/my-states [36m304[0m 71.033 ms - -[0m
2026-04-23 10:44:57 [INFO]: [0mGET /api/problems [36m304[0m 80.184 ms - -[0m
2026-04-23 10:44:57 [INFO]: [0mGET /api/users/recommendations [36m304[0m 111.268 ms - -[0m
2026-04-23 10:44:57 [INFO]: [0mGET /api/skills/my-states [36m304[0m 55.888 ms - -[0m
2026-04-23 10:44:57 [INFO]: [0mGET /api/skills/my-states [36m304[0m 65.360 ms - -[0m
2026-04-23 10:45:00 [INFO]: [Arena] Socket connected: hdZecdbrbzHBXxL7AAAK
2026-04-23 10:45:00 [INFO]: [0mGET /api/problems [36m304[0m 93.456 ms - -[0m
2026-04-23 10:45:00 [INFO]: [0mGET /api/problems [36m304[0m 97.239 ms - -[0m
2026-04-23 10:45:05 [INFO]: [Arena] Room E2F8B1 created by Supreeth Reddy (69b55b4c2a4ff06cb7d760fa). Mode: coop-split
2026-04-23 10:45:15 [INFO]: [Arena] Angeerasa Reddy (69e9a75de78c372318bfb9c4) joined room E2F8B1
2026-04-23 10:45:17 [INFO]: [Arena] Match started in room E2F8B1. Mode: coop-split
2026-04-23 10:45:41 [INFO]: Socket connected: f6gyQLs_LYELltuMAAAO
2026-04-23 10:51:18 [INFO]: [Arena] /arena namespace initialised
2026-04-23 10:51:18 [INFO]: MongoDB connection attempt 1/3
2026-04-23 10:51:19 [INFO]: MongoDB connected successfully
2026-04-23 10:51:19 [INFO]: Server running on port 5000 in development mode
2026-04-23 10:51:19 [INFO]: [0mGET /api/auth/me [32m200[0m 187.740 ms - 607[0m
2026-04-23 10:51:19 [INFO]: Socket connected: 26WIhOXVLHFSakw3AAAC
2026-04-23 10:51:19 [INFO]: [0mGET /api/auth/me [36m304[0m 225.474 ms - -[0m
2026-04-23 10:51:19 [INFO]: Piston Execution API connected successfully
2026-04-23 10:51:20 [INFO]: [0mGET /api/auth/me [36m304[0m 103.356 ms - -[0m
2026-04-23 10:51:20 [INFO]: [0mGET /api/auth/me [32m200[0m 103.391 ms - 457[0m
2026-04-23 10:51:53 [INFO]: [0mGET /api/auth/me [36m304[0m 32.161 ms - -[0m
2026-04-23 10:51:53 [INFO]: [0mGET /api/auth/me [36m304[0m 27.869 ms - -[0m
2026-04-23 10:51:54 [INFO]: [Arena] Socket connected: Q8Uq7hyqitJzY5qgAAAG
2026-04-23 10:51:54 [INFO]: [0mGET /api/skills/my-states [36m304[0m 107.199 ms - -[0m
2026-04-23 10:51:54 [INFO]: [0mGET /api/problems [36m304[0m 118.416 ms - -[0m
2026-04-23 10:51:54 [INFO]: [0mGET /api/skills/my-states [36m304[0m 65.193 ms - -[0m
2026-04-23 10:51:54 [INFO]: [0mGET /api/problems [36m304[0m 111.556 ms - -[0m
2026-04-23 10:51:55 [INFO]: [0mGET /api/auth/me [36m304[0m 26.296 ms - -[0m
2026-04-23 10:51:55 [INFO]: [0mGET /api/auth/me [32m200[0m 29.820 ms - 457[0m
2026-04-23 10:51:55 [INFO]: [Arena] Socket connected: 2bGRxOF5oem4gSLxAAAJ
2026-04-23 10:51:55 [INFO]: [0mGET /api/skills/my-states [36m304[0m 56.366 ms - -[0m
2026-04-23 10:51:55 [INFO]: [0mGET /api/skills/my-states [32m200[0m 56.536 ms - 6375[0m
2026-04-23 10:51:56 [INFO]: [0mGET /api/problems [36m304[0m 139.613 ms - -[0m
2026-04-23 10:51:56 [INFO]: [0mGET /api/problems [32m200[0m 289.710 ms - 31597[0m
2026-04-23 10:52:02 [INFO]: [Arena] Room 057CB9 created by Supreeth Reddy (69b55b4c2a4ff06cb7d760fa). Mode: coop-split
2026-04-23 10:52:15 [INFO]: [Arena] Angeerasa Reddy (69e9a75de78c372318bfb9c4) joined room 057CB9
2026-04-23 10:52:18 [INFO]: [Arena] Match started in room 057CB9. Mode: coop-split
2026-04-23 10:56:55 [INFO]: [Arena] Socket disconnected: 2bGRxOF5oem4gSLxAAAJ
2026-04-23 10:56:55 [INFO]: [Arena] Angeerasa Reddy left room 057CB9. 1 remaining.
2026-04-23 10:57:15 [INFO]: [Arena] Socket disconnected: Q8Uq7hyqitJzY5qgAAAG
2026-04-23 10:57:15 [INFO]: [Arena] Supreeth Reddy left room 057CB9. 0 remaining.
2026-04-23 10:57:15 [INFO]: [Arena] Room 057CB9 deleted (empty).
2026-04-23 10:57:15 [INFO]: [Arena] Socket connected: q9X1E-s97pDaNAinAAAL
2026-04-23 10:57:15 [INFO]: [0mGET /api/problems [36m304[0m 136.212 ms - -[0m
2026-04-23 10:59:41 [INFO]: [Arena] /arena namespace initialised
2026-04-23 10:59:41 [INFO]: MongoDB connection attempt 1/3
2026-04-23 10:59:41 [INFO]: MongoDB connected successfully
2026-04-23 11:01:04 [INFO]: [Arena] /arena namespace initialised
2026-04-23 11:01:04 [INFO]: MongoDB connection attempt 1/3
2026-04-23 11:01:05 [INFO]: MongoDB connected successfully
2026-04-23 11:01:05 [INFO]: Server running on port 5000 in development mode
2026-04-23 11:01:05 [INFO]: Piston Execution API connected successfully
2026-04-23 11:01:10 [INFO]: [Arena] Socket connected: mWcH_8Tha0pNIXl8AAAB
2026-04-23 11:01:16 [INFO]: [Arena] Socket disconnected: mWcH_8Tha0pNIXl8AAAB
2026-04-23 11:01:22 [INFO]: [0mGET /api/auth/me [36m304[0m 83.106 ms - -[0m
2026-04-23 11:01:22 [INFO]: [0mGET /api/auth/me [36m304[0m 29.764 ms - -[0m
2026-04-23 11:01:22 [INFO]: [Arena] Socket connected: K16PK3HY5eHIgsLBAAAF
2026-04-23 11:01:22 [INFO]: [0mGET /api/skills/my-states [36m304[0m 116.128 ms - -[0m
2026-04-23 11:01:22 [INFO]: [0mGET /api/problems [36m304[0m 131.909 ms - -[0m
2026-04-23 11:01:22 [INFO]: [0mGET /api/skills/my-states [36m304[0m 63.845 ms - -[0m
2026-04-23 11:01:22 [INFO]: [0mGET /api/problems [36m304[0m 90.516 ms - -[0m
2026-04-23 11:01:27 [INFO]: [0mGET /api/auth/me [36m304[0m 31.585 ms - -[0m
2026-04-23 11:01:27 [INFO]: [0mGET /api/auth/me [32m200[0m 31.639 ms - 457[0m
2026-04-23 11:01:28 [INFO]: [0mGET /api/skills/my-states [36m304[0m 69.613 ms - -[0m
2026-04-23 11:01:28 [INFO]: [0mGET /api/skills/my-states [32m200[0m 77.338 ms - 6375[0m
2026-04-23 11:01:28 [INFO]: [0mGET /api/skills/my-states [32m200[0m 68.833 ms - 6375[0m
2026-04-23 11:01:28 [INFO]: [0mGET /api/users/recommendations [36m304[0m 126.683 ms - -[0m
2026-04-23 11:01:28 [INFO]: [0mGET /api/skills/my-states [32m200[0m 73.135 ms - 6375[0m
2026-04-23 11:01:28 [INFO]: [0mGET /api/problems [32m200[0m 94.346 ms - 31597[0m
2026-04-23 11:01:28 [INFO]: [0mGET /api/problems [36m304[0m 338.405 ms - -[0m
2026-04-23 11:01:29 [INFO]: [0mGET /api/users/recommendations [32m200[0m 1315.057 ms - 2080[0m
2026-04-23 11:01:38 [INFO]: [Arena] Room 312CED created by Supreeth Reddy (69b55b4c2a4ff06cb7d760fa). Mode: coop-split
2026-04-23 11:01:41 [INFO]: Socket connected: RBBRDDbX0dPrCXAsAAAH
2026-04-23 11:01:43 [INFO]: [Arena] Socket connected: JJKRFW0MyHOmaGLeAAAJ
2026-04-23 11:01:43 [INFO]: [0mGET /api/problems [32m200[0m 87.228 ms - 31597[0m
2026-04-23 11:01:43 [INFO]: [0mGET /api/problems [36m304[0m 103.779 ms - -[0m
2026-04-23 11:01:52 [INFO]: [Arena] Angeerasa Reddy (69e9a75de78c372318bfb9c4) joined room 312CED
2026-04-23 11:01:54 [INFO]: [Arena] Match started in room 312CED. Mode: coop-split
2026-04-23 11:01:58 [INFO]: [Arena] Match started in room 312CED. Mode: coop-split
2026-04-23 11:02:00 [INFO]: [Arena] Match started in room 312CED. Mode: coop-split
2026-04-23 11:02:00 [INFO]: [Arena] Match started in room 312CED. Mode: coop-split
2026-04-23 11:02:00 [INFO]: [Arena] Match started in room 312CED. Mode: coop-split
2026-04-23 11:02:00 [INFO]: [Arena] Match started in room 312CED. Mode: coop-split
2026-04-23 11:02:00 [INFO]: [Arena] Match started in room 312CED. Mode: coop-split
2026-04-23 11:02:01 [INFO]: [Arena] Match started in room 312CED. Mode: coop-split
2026-04-23 11:02:01 [INFO]: [Arena] Match started in room 312CED. Mode: coop-split
2026-04-23 11:02:01 [INFO]: [Arena] Match started in room 312CED. Mode: coop-split
2026-04-23 11:02:07 [INFO]: [Arena] Match started in room 312CED. Mode: coop-split
2026-04-23 11:02:09 [INFO]: [Arena] Match started in room 312CED. Mode: coop-split
2026-04-23 11:02:09 [INFO]: [Arena] Match started in room 312CED. Mode: coop-split
2026-04-23 11:02:09 [INFO]: [Arena] Match started in room 312CED. Mode: coop-split
2026-04-23 11:02:15 [INFO]: [Arena] Match started in room 312CED. Mode: coop-split
2026-04-23 11:02:15 [INFO]: [Arena] Match started in room 312CED. Mode: coop-split
2026-04-23 11:02:15 [INFO]: [Arena] Match started in room 312CED. Mode: coop-split
2026-04-23 11:02:16 [INFO]: [Arena] Match started in room 312CED. Mode: coop-split
2026-04-23 11:02:24 [INFO]: [Arena] Match started in room 312CED. Mode: coop-split
2026-04-23 11:02:24 [INFO]: [Arena] Match started in room 312CED. Mode: coop-split
2026-04-23 11:08:19 [INFO]: [Arena] Socket disconnected: JJKRFW0MyHOmaGLeAAAJ
2026-04-23 11:08:19 [INFO]: [Arena] Angeerasa Reddy left room 312CED. 1 remaining.
2026-04-23 11:08:19 [INFO]: [Arena] Socket connected: acS8bCkkPhxxAQ7hAAAL
2026-04-23 11:08:20 [INFO]: [0mGET /api/problems [36m304[0m 208.657 ms - -[0m
2026-04-23 11:08:20 [INFO]: [Arena] Socket disconnected: K16PK3HY5eHIgsLBAAAF
2026-04-23 11:08:20 [INFO]: [Arena] Supreeth Reddy left room 312CED. 0 remaining.
2026-04-23 11:08:20 [INFO]: [Arena] Room 312CED deleted (empty).
2026-04-23 11:08:20 [INFO]: [Arena] Socket connected: IWIY87f__Zf-S5sCAAAN
2026-04-23 11:08:20 [INFO]: [0mGET /api/problems [36m304[0m 103.037 ms - -[0m
2026-04-23 11:09:43 [INFO]: [0mGET /api/problems [36m304[0m 97.033 ms - -[0m
2026-04-23 11:09:44 [INFO]: [0mGET /api/problems [36m304[0m 113.829 ms - -[0m
2026-04-23 11:11:21 [INFO]: [Arena] /arena namespace initialised
2026-04-23 11:11:21 [INFO]: MongoDB connection attempt 1/3
2026-04-23 11:11:21 [INFO]: MongoDB connected successfully
2026-04-23 11:11:35 [INFO]: [Arena] /arena namespace initialised
2026-04-23 11:11:35 [INFO]: MongoDB connection attempt 1/3
2026-04-23 11:11:35 [INFO]: MongoDB connected successfully
2026-04-23 11:11:35 [INFO]: Server running on port 5000 in development mode
2026-04-23 11:11:35 [WARN]: Piston Execution API unavailable on boot: connect ECONNREFUSED 127.0.0.1:2000 (offline)
2026-04-23 11:11:37 [INFO]: [Arena] Socket connected: 3Vxs85xI3bYqaju8AAAB
2026-04-23 11:11:38 [INFO]: Socket connected: 2tk88gGbX2VXsHPOAAAD
2026-04-23 11:11:41 [INFO]: [Arena] Socket connected: IYJe8IWs51_AJwU_AAAF
2026-04-23 11:11:49 [INFO]: [Arena] /arena namespace initialised
2026-04-23 11:11:49 [INFO]: MongoDB connection attempt 1/3
2026-04-23 11:11:50 [INFO]: MongoDB connected successfully
2026-04-23 11:11:50 [INFO]: Server running on port 5000 in development mode
2026-04-23 11:11:50 [WARN]: Piston Execution API unavailable on boot: connect ECONNREFUSED 127.0.0.1:2000 (offline)
2026-04-23 11:11:50 [INFO]: [Arena] Socket connected: 2ZUl6OS8NUKsP9n4AAAB
2026-04-23 11:11:51 [INFO]: [Arena] Socket connected: Ja7eAQalbA_BOaqaAAAD
2026-04-23 11:11:52 [INFO]: Socket connected: _TCw5LBf-j8Pi9O7AAAF
2026-04-23 11:11:55 [INFO]: [Arena] Socket disconnected: Ja7eAQalbA_BOaqaAAAD
2026-04-23 11:11:55 [INFO]: [0mGET /api/auth/me [36m304[0m 36.010 ms - -[0m
2026-04-23 11:11:55 [INFO]: [0mGET /api/auth/me [32m200[0m 31.535 ms - 457[0m
2026-04-23 11:11:55 [INFO]: [Arena] Socket connected: 6l1sRTbV_sGo9spXAAAH
2026-04-23 11:11:55 [INFO]: [0mGET /api/skills/my-states [36m304[0m 62.534 ms - -[0m
2026-04-23 11:11:56 [INFO]: [0mGET /api/problems [36m304[0m 81.561 ms - -[0m
2026-04-23 11:11:56 [INFO]: [0mGET /api/skills/my-states [32m200[0m 239.394 ms - 6375[0m
2026-04-23 11:11:56 [INFO]: [0mGET /api/problems [32m200[0m 260.498 ms - 31597[0m
2026-04-23 11:12:02 [INFO]: [Arena] Socket disconnected: 2ZUl6OS8NUKsP9n4AAAB
2026-04-23 11:12:03 [INFO]: [0mGET /api/auth/me [36m304[0m 31.929 ms - -[0m
2026-04-23 11:12:03 [INFO]: [0mGET /api/auth/me [36m304[0m 30.996 ms - -[0m
2026-04-23 11:12:03 [INFO]: [Arena] Socket connected: 5_M816ixjZ4ATCnkAAAL
2026-04-23 11:12:03 [INFO]: [0mGET /api/skills/my-states [36m304[0m 91.489 ms - -[0m
2026-04-23 11:12:03 [INFO]: [0mGET /api/problems [36m304[0m 110.785 ms - -[0m
2026-04-23 11:12:03 [INFO]: [0mGET /api/skills/my-states [36m304[0m 62.984 ms - -[0m
2026-04-23 11:12:03 [INFO]: [0mGET /api/problems [36m304[0m 94.509 ms - -[0m
2026-04-23 11:12:13 [INFO]: [Arena] Room 55DD99 created by Supreeth Reddy (69b55b4c2a4ff06cb7d760fa). Mode: coop-split
2026-04-23 11:12:24 [INFO]: [Arena] Angeerasa Reddy (69e9a75de78c372318bfb9c4) joined room 55DD99
2026-04-23 11:12:26 [INFO]: [Arena] Match started in room 55DD99. Mode: coop-split
2026-04-23 11:12:27 [INFO]: [0mGET /api/problems/69b551a430f4ccf0382a10ab [36m304[0m 91.738 ms - -[0m
2026-04-23 11:12:27 [INFO]: [0mGET /api/problems/69b551a430f4ccf0382a10ab [32m200[0m 82.967 ms - 2091[0m
2026-04-23 11:12:27 [INFO]: [0mGET /api/problems/69b551a430f4ccf0382a10ab [32m200[0m 82.835 ms - 2091[0m
2026-04-23 11:12:27 [INFO]: [0mGET /api/problems/69b551a430f4ccf0382a10ab [36m304[0m 104.026 ms - -[0m
2026-04-23 11:17:39 [INFO]: [Arena] /arena namespace initialised
2026-04-23 11:17:39 [INFO]: MongoDB connection attempt 1/3
2026-04-23 11:17:40 [INFO]: MongoDB connected successfully
2026-04-23 11:17:40 [INFO]: Server running on port 5000 in development mode
2026-04-23 11:17:40 [WARN]: Piston Execution API unavailable on boot: connect ECONNREFUSED 127.0.0.1:2000 (offline)
2026-04-23 11:17:40 [INFO]: Socket connected: HO95nyf5ZdtBF9fcAAAB
2026-04-23 11:17:40 [INFO]: [Arena] Socket connected: yXXeDnnEnypDpS4uAAAD
2026-04-23 11:17:41 [INFO]: [Arena] Socket connected: uBtjfurEvI0XFotiAAAF
2026-04-23 11:17:52 [INFO]: [Arena] /arena namespace initialised
2026-04-23 11:17:52 [INFO]: MongoDB connection attempt 1/3
2026-04-23 11:17:52 [INFO]: MongoDB connected successfully
2026-04-23 11:17:52 [INFO]: Server running on port 5000 in development mode
2026-04-23 11:17:52 [WARN]: Piston Execution API unavailable on boot: connect ECONNREFUSED 127.0.0.1:2000 (offline)
2026-04-23 11:17:52 [INFO]: Socket connected: Ix1mreXt--oWNYoLAAAB
2026-04-23 11:17:52 [INFO]: [Arena] Socket connected: ciWvGogXckDE3ogHAAAD
2026-04-23 11:17:52 [INFO]: [Arena] Socket connected: 5UjFRxKyZtXRrW3rAAAF
2026-04-23 11:21:48 [INFO]: [Arena] /arena namespace initialised
2026-04-23 11:21:48 [INFO]: MongoDB connection attempt 1/3
2026-04-23 11:21:48 [INFO]: MongoDB connected successfully
2026-04-23 11:22:06 [INFO]: [Arena] /arena namespace initialised
2026-04-23 11:22:06 [INFO]: MongoDB connection attempt 1/3
2026-04-23 11:22:07 [INFO]: MongoDB connected successfully
2026-04-23 11:22:07 [INFO]: Server running on port 5000 in development mode
2026-04-23 11:22:07 [WARN]: Piston Execution API unavailable on boot: connect ECONNREFUSED 127.0.0.1:2000 (offline)
2026-04-23 11:22:09 [INFO]: [Arena] Socket connected: bW-h-_iggDI34zVqAAAB
2026-04-23 11:22:09 [INFO]: Socket connected: 2TaYVZ7khf6H1bnjAAAD
2026-04-23 11:22:21 [INFO]: [Arena] Socket connected: 8LYmZIABGfZ7s-BxAAAF
2026-04-23 11:23:44 [INFO]: [Arena] /arena namespace initialised
2026-04-23 11:23:44 [INFO]: MongoDB connection attempt 1/3
2026-04-23 11:23:45 [INFO]: MongoDB connected successfully
2026-04-23 11:23:45 [INFO]: Server running on port 5000 in development mode
2026-04-23 11:23:45 [INFO]: Piston Execution API connected successfully
2026-04-23 11:23:47 [INFO]: [Arena] Socket connected: k3fCDGIn-UzPp4eRAAAB
2026-04-23 11:23:47 [INFO]: Socket connected: xYcSdq0h4SzcRpsGAAAD
2026-04-23 11:23:52 [INFO]: [Arena] Socket connected: RKKuK7k-us-T3HjiAAAF
2026-04-23 11:23:55 [INFO]: [Arena] Socket disconnected: k3fCDGIn-UzPp4eRAAAB
2026-04-23 11:23:58 [INFO]: [0mGET /api/auth/me [36m304[0m 57.866 ms - -[0m
2026-04-23 11:23:58 [INFO]: [0mGET /api/auth/me [36m304[0m 30.561 ms - -[0m
2026-04-23 11:23:58 [INFO]: [Arena] Socket connected: ZLH1q7fYYVlASJhQAAAI
2026-04-23 11:23:58 [INFO]: [0mGET /api/skills/my-states [36m304[0m 83.148 ms - -[0m
2026-04-23 11:23:58 [INFO]: [0mGET /api/skills/my-states [36m304[0m 63.110 ms - -[0m
2026-04-23 11:24:00 [INFO]: [Arena] Socket disconnected: RKKuK7k-us-T3HjiAAAF
2026-04-23 11:24:02 [INFO]: [0mGET /api/auth/me [36m304[0m 37.288 ms - -[0m
2026-04-23 11:24:02 [INFO]: [0mGET /api/auth/me [36m304[0m 29.629 ms - -[0m
2026-04-23 11:24:02 [INFO]: [0mGET /api/skills/my-states [36m304[0m 74.204 ms - -[0m
2026-04-23 11:24:02 [INFO]: [0mGET /api/skills/my-states [32m200[0m 82.274 ms - 6375[0m
2026-04-23 11:24:06 [INFO]: [Arena] Socket connected: QYbMa1kEdGs9BRQ8AAAK
2026-04-23 11:24:08 [INFO]: [Arena] Socket disconnected: QYbMa1kEdGs9BRQ8AAAK
2026-04-23 11:24:08 [INFO]: [0mGET /api/skills [36m304[0m 77.498 ms - -[0m
2026-04-23 11:24:09 [INFO]: [0mGET /api/skills [32m200[0m 67.360 ms - 4858[0m
2026-04-23 11:24:09 [INFO]: [0mGET /api/problems?page=1&limit=15 [36m304[0m 98.536 ms - -[0m
2026-04-23 11:24:09 [INFO]: [0mGET /api/problems?page=1&limit=15 [32m200[0m 285.491 ms - 23596[0m
2026-04-23 11:24:10 [INFO]: [Arena] Socket connected: WRXLkK6-zsaccE0tAAAM
2026-04-23 11:24:10 [INFO]: [0mGET /api/problems [36m304[0m 87.567 ms - -[0m
2026-04-23 11:24:10 [INFO]: [0mGET /api/problems [32m200[0m 101.806 ms - 31597[0m
2026-04-23 11:24:16 [INFO]: [0mGET /api/problems [36m304[0m 86.773 ms - -[0m
2026-04-23 11:24:16 [INFO]: [0mGET /api/problems [36m304[0m 84.331 ms - -[0m
2026-04-23 11:24:22 [INFO]: [Arena] Room 24DD04 created by Supreeth Reddy (69b55b4c2a4ff06cb7d760fa). Mode: coop-split
2026-04-23 11:24:32 [INFO]: [Arena] Angeerasa Reddy (69e9a75de78c372318bfb9c4) joined room 24DD04
2026-04-23 11:24:34 [INFO]: [Arena] Match started in room 24DD04. Mode: coop-split
2026-04-23 11:24:34 [INFO]: [0mGET /api/problems/69b551a430f4ccf0382a10ab [36m304[0m 139.861 ms - -[0m
2026-04-23 11:24:34 [INFO]: [0mGET /api/problems/69b551a430f4ccf0382a10ab [36m304[0m 79.342 ms - -[0m
2026-04-23 11:24:34 [INFO]: [0mGET /api/problems/69b551a430f4ccf0382a10ab [36m304[0m 79.228 ms - -[0m
2026-04-23 11:24:34 [INFO]: [0mGET /api/problems/69b551a430f4ccf0382a10ab [36m304[0m 79.295 ms - -[0m
2026-04-23 11:30:43 [INFO]: [Arena] Socket disconnected: WRXLkK6-zsaccE0tAAAM
2026-04-23 11:30:43 [INFO]: [Arena] Angeerasa Reddy left room 24DD04. 1 remaining.
2026-04-23 11:30:43 [INFO]: [Arena] Socket disconnected: ZLH1q7fYYVlASJhQAAAI
2026-04-23 11:30:43 [INFO]: [Arena] Supreeth Reddy left room 24DD04. 0 remaining.
2026-04-23 11:30:43 [INFO]: [Arena] Room 24DD04 deleted (empty).
2026-04-23 11:30:43 [INFO]: [0mGET /api/auth/me [36m304[0m 43.045 ms - -[0m
2026-04-23 11:30:43 [INFO]: [0mGET /api/auth/me [32m200[0m 32.175 ms - 457[0m
2026-04-23 11:31:30 [INFO]: [0mGET /api/auth/me [36m304[0m 25.289 ms - -[0m
2026-04-23 11:31:30 [INFO]: [0mGET /api/auth/me [32m200[0m 25.164 ms - 457[0m
2026-04-23 11:31:31 [INFO]: [0mGET /api/auth/me [36m304[0m 29.419 ms - -[0m
2026-04-23 11:31:31 [INFO]: [0mGET /api/auth/me [36m304[0m 25.819 ms - -[0m
2026-04-23 11:32:06 [INFO]: [0mGET /api/auth/me [36m304[0m 27.271 ms - -[0m
2026-04-23 11:32:06 [INFO]: [0mGET /api/auth/me [32m200[0m 26.260 ms - 457[0m
2026-04-23 11:32:07 [INFO]: [0mGET /api/auth/me [36m304[0m 25.101 ms - -[0m
2026-04-23 11:32:07 [INFO]: [0mGET /api/auth/me [36m304[0m 26.486 ms - -[0m
2026-04-23 11:32:42 [INFO]: [Arena] /arena namespace initialised
2026-04-23 11:32:42 [INFO]: MongoDB connection attempt 1/3
2026-04-23 11:32:42 [INFO]: MongoDB connected successfully
2026-04-23 11:32:42 [INFO]: Server running on port 5000 in development mode
2026-04-23 11:32:43 [INFO]: Piston Execution API connected successfully
2026-04-23 11:32:43 [INFO]: Socket connected: ZSoa3f5gTUPSRLBAAAAB
2026-04-23 11:35:27 [INFO]: [0mGET /api/auth/me [36m304[0m 70.059 ms - -[0m
2026-04-23 11:35:27 [INFO]: [0mGET /api/auth/me [36m304[0m 30.262 ms - -[0m
2026-04-23 11:35:28 [INFO]: [Arena] Socket connected: 2iaIoIp3I6N77t5QAAAE
2026-04-23 11:35:28 [INFO]: [0mGET /api/skills/my-states [36m304[0m 91.357 ms - -[0m
2026-04-23 11:35:28 [INFO]: [0mGET /api/skills/my-states [36m304[0m 64.484 ms - -[0m
2026-04-23 11:35:32 [INFO]: [0mGET /api/problems [36m304[0m 154.366 ms - -[0m
2026-04-23 11:35:32 [INFO]: [0mGET /api/problems [36m304[0m 96.846 ms - -[0m
2026-04-23 11:35:37 [INFO]: [Arena] Room D90A82 created by Supreeth Reddy (69b55b4c2a4ff06cb7d760fa). Mode: coop-split
2026-04-23 11:35:45 [INFO]: [0mGET /api/auth/me [36m304[0m 27.870 ms - -[0m
2026-04-23 11:35:45 [INFO]: [0mGET /api/auth/me [32m200[0m 29.233 ms - 457[0m
2026-04-23 11:35:45 [INFO]: [0mGET /api/skills/my-states [36m304[0m 64.715 ms - -[0m
2026-04-23 11:35:45 [INFO]: [0mGET /api/skills/my-states [32m200[0m 70.123 ms - 6375[0m
2026-04-23 11:35:45 [INFO]: [Arena] Socket connected: 33qMMNiX3behw0esAAAH
2026-04-23 11:35:49 [INFO]: [0mGET /api/problems [32m200[0m 90.621 ms - 31597[0m
2026-04-23 11:35:49 [INFO]: [0mGET /api/problems [36m304[0m 100.490 ms - -[0m
2026-04-23 11:35:59 [INFO]: [Arena] Angeerasa Reddy (69e9a75de78c372318bfb9c4) joined room D90A82
2026-04-23 11:36:03 [INFO]: [Arena] Match started in room D90A82. Mode: coop-split
2026-04-23 11:36:04 [INFO]: [0mGET /api/problems/69b551a430f4ccf0382a10ab [36m304[0m 86.634 ms - -[0m
2026-04-23 11:36:04 [INFO]: [0mGET /api/problems/69b551a430f4ccf0382a10ab [36m304[0m 87.023 ms - -[0m
2026-04-23 11:36:04 [INFO]: [0mGET /api/problems/69b551a430f4ccf0382a10ab [36m304[0m 81.876 ms - -[0m
2026-04-23 11:36:04 [INFO]: [0mGET /api/problems/69b551a430f4ccf0382a10ab [32m200[0m 79.014 ms - 2091[0m
2026-04-23 11:39:11 [INFO]: [Arena] Socket disconnected: 2iaIoIp3I6N77t5QAAAE
2026-04-23 11:39:11 [INFO]: [Arena] Supreeth Reddy left room D90A82. 1 remaining.
2026-04-23 11:39:12 [INFO]: [0mGET /api/auth/me [36m304[0m 58.407 ms - -[0m
2026-04-23 11:39:12 [INFO]: [0mGET /api/auth/me [36m304[0m 45.937 ms - -[0m
2026-04-23 11:39:13 [INFO]: [Arena] Socket connected: Ftem3UY1Yt0GMORVAAAK
2026-04-23 11:39:13 [INFO]: [0mGET /api/skills/my-states [36m304[0m 77.170 ms - -[0m
2026-04-23 11:39:13 [INFO]: [0mGET /api/skills/my-states [36m304[0m 60.809 ms - -[0m
2026-04-23 11:40:04 [INFO]: [0mGET /api/problems [36m304[0m 101.422 ms - -[0m
2026-04-23 11:40:04 [INFO]: [0mGET /api/problems [36m304[0m 103.667 ms - -[0m
2026-04-23 11:40:30 [INFO]: [Arena] Room 8A5134 created by Supreeth Reddy (69b55b4c2a4ff06cb7d760fa). Mode: coop-split
2026-04-23 11:40:37 [INFO]: [0mGET /api/problems [36m304[0m 83.838 ms - -[0m
2026-04-23 11:40:37 [INFO]: [0mGET /api/problems [32m200[0m 86.397 ms - 31597[0m
2026-04-23 11:40:49 [INFO]: [Arena] Angeerasa Reddy (69e9a75de78c372318bfb9c4) joined room 8A5134
2026-04-23 11:40:52 [INFO]: [Arena] Match started in room 8A5134. Mode: coop-split
2026-04-23 11:40:52 [INFO]: [0mGET /api/problems/69b551a430f4ccf0382a10ab [36m304[0m 89.604 ms - -[0m
2026-04-23 11:40:52 [INFO]: [0mGET /api/problems/69b551a430f4ccf0382a10ab [36m304[0m 89.019 ms - -[0m
2026-04-23 11:40:53 [INFO]: [0mGET /api/problems/69b551a430f4ccf0382a10ab [36m304[0m 367.179 ms - -[0m
2026-04-23 11:40:53 [INFO]: [0mGET /api/problems/69b551a430f4ccf0382a10ab [32m200[0m 389.986 ms - 2091[0m
2026-04-23 11:46:57 [INFO]: [Arena] /arena namespace initialised
2026-04-23 11:46:57 [INFO]: MongoDB connection attempt 1/3
2026-04-23 11:47:00 [INFO]: MongoDB connected successfully
2026-04-23 11:47:00 [INFO]: Server running on port 5000 in development mode
2026-04-23 11:47:00 [INFO]: Piston Execution API connected successfully
2026-04-23 11:47:01 [INFO]: [Arena] Socket connected: u1_s3uOWsmdQD05iAAAB
2026-04-23 11:47:02 [INFO]: [Arena] Socket connected: U15_WiXfOUNWx60cAAAD
2026-04-23 11:47:02 [INFO]: Socket connected: v_rvPU-oHckcv7ubAAAF
2026-04-23 11:47:55 [INFO]: [Arena] Socket disconnected: U15_WiXfOUNWx60cAAAD
2026-04-23 11:47:55 [INFO]: [Arena] Socket disconnected: u1_s3uOWsmdQD05iAAAB
2026-04-23 11:47:55 [INFO]: [Arena] Socket connected: 0PGy_W-ZL_OSbvAXAAAH
2026-04-23 11:47:55 [INFO]: [Arena] Socket connected: NGheFUbotj76EPLcAAAJ
2026-04-23 11:52:01 [INFO]: [0mGET /api/problems [36m304[0m 137.524 ms - -[0m
2026-04-23 11:52:01 [INFO]: [0mGET /api/problems [32m200[0m 120.343 ms - 31597[0m
2026-04-23 11:52:03 [INFO]: [Arena] Socket disconnected: NGheFUbotj76EPLcAAAJ
2026-04-23 11:52:03 [INFO]: [0mGET /api/auth/me [36m304[0m 36.531 ms - -[0m
2026-04-23 11:52:03 [INFO]: [0mGET /api/auth/me [32m200[0m 34.097 ms - 457[0m
2026-04-23 11:52:03 [INFO]: [0mGET /api/problems [36m304[0m 97.466 ms - -[0m
2026-04-23 11:52:03 [INFO]: [0mGET /api/skills/my-states [32m200[0m 71.110 ms - 6375[0m
2026-04-23 11:52:03 [INFO]: [0mGET /api/problems [32m200[0m 102.007 ms - 31597[0m
2026-04-23 11:52:04 [INFO]: [0mGET /api/skills/my-states [36m304[0m 326.699 ms - -[0m
2026-04-23 11:52:04 [INFO]: [Arena] Socket connected: xQfzYPWuo6J5ZH5NAAAM
2026-04-23 12:12:16 [INFO]: Socket disconnected: v_rvPU-oHckcv7ubAAAF
2026-04-23 12:12:23 [INFO]: [Arena] Socket disconnected: xQfzYPWuo6J5ZH5NAAAM
2026-04-23 12:31:30 [INFO]: [Arena] Socket disconnected: 0PGy_W-ZL_OSbvAXAAAH
2026-04-23 12:31:34 [INFO]: Socket connected: yfi64fqaGwg8c0RhAAAO
2026-04-23 12:31:35 [INFO]: [0mGET /api/auth/me [36m304[0m 116.371 ms - -[0m
2026-04-23 12:31:35 [INFO]: [0mGET /api/auth/me [32m200[0m 51.991 ms - 457[0m
2026-04-23 12:31:35 [INFO]: [Arena] Socket connected: Yq2_iwbOEIw40BmIAAAR
2026-04-23 12:31:35 [INFO]: [0mGET /api/skills/my-states [36m304[0m 167.208 ms - -[0m
2026-04-23 12:31:35 [INFO]: [0mGET /api/problems [36m304[0m 166.839 ms - -[0m
2026-04-23 12:31:35 [INFO]: [0mGET /api/skills/my-states [32m200[0m 168.915 ms - 6375[0m
2026-04-23 12:34:35 [INFO]: [0mGET /api/problems [0m-[0m - ms - -[0m
2026-04-23 12:34:35 [INFO]: Socket disconnected: yfi64fqaGwg8c0RhAAAO
2026-04-23 12:34:35 [INFO]: [Arena] Socket disconnected: Yq2_iwbOEIw40BmIAAAR
2026-04-23 12:34:37 [INFO]: [Arena] Socket connected: r3zpRhSJYPq3lflxAAAU
2026-04-23 12:34:37 [INFO]: [0mGET /api/auth/me [36m304[0m 848.561 ms - -[0m
2026-04-23 12:34:37 [INFO]: [0mGET /api/auth/me [32m200[0m 882.330 ms - 457[0m
2026-04-23 12:34:38 [INFO]: [0mGET /api/skills/my-states [36m304[0m 630.649 ms - -[0m
2026-04-23 12:34:38 [INFO]: [Arena] Socket connected: c0SQdJqIRXmZmiFaAAAX
2026-04-23 12:34:38 [INFO]: [0mGET /api/problems [32m200[0m 843.962 ms - 31597[0m
2026-04-23 12:34:38 [INFO]: [0mGET /api/skills/my-states [32m200[0m 888.614 ms - 6375[0m
2026-04-23 12:34:38 [INFO]: [0mGET /api/problems [32m200[0m 3039.113 ms - 31597[0m
2026-04-23 12:34:38 [INFO]: [0mGET /api/problems [36m304[0m 1003.693 ms - -[0m
2026-04-23 12:34:42 [INFO]: Socket connected: NEGsHnT-5engaQkDAAAa
2026-04-23 12:36:09 [INFO]: [Arena] Socket disconnected: r3zpRhSJYPq3lflxAAAU
2026-04-23 12:36:10 [INFO]: [0mGET /api/auth/me [36m304[0m 55.935 ms - -[0m
2026-04-23 12:36:11 [INFO]: [0mGET /api/auth/me [36m304[0m 48.572 ms - -[0m
2026-04-23 12:36:11 [INFO]: [0mGET /api/skills/my-states [36m304[0m 105.845 ms - -[0m
2026-04-23 12:36:11 [INFO]: [Arena] Socket connected: QRVKjjwKgIttiU4EAAAe
2026-04-23 12:36:11 [INFO]: [0mGET /api/skills/my-states [36m304[0m 117.404 ms - -[0m
2026-04-23 12:36:14 [INFO]: [0mGET /api/problems [36m304[0m 128.714 ms - -[0m
2026-04-23 12:36:14 [INFO]: [0mGET /api/problems [36m304[0m 171.019 ms - -[0m
2026-04-23 12:36:44 [INFO]: [Arena] Room BF20A8 created by Supreeth Reddy (69b55b4c2a4ff06cb7d760fa). Mode: coop-split
2026-04-23 12:37:11 [INFO]: [Arena] Angeerasa Reddy (69e9a75de78c372318bfb9c4) joined room BF20A8
2026-04-23 12:37:13 [INFO]: [Arena] Match started in room BF20A8. Mode: coop-split
2026-04-23 12:37:13 [INFO]: [0mGET /api/problems/69b551a430f4ccf0382a10aa [32m200[0m 134.582 ms - 1853[0m
2026-04-23 12:37:13 [INFO]: [0mGET /api/problems/69b551a430f4ccf0382a10aa [32m200[0m 175.197 ms - 1853[0m
2026-04-23 12:37:13 [INFO]: [0mGET /api/problems/69b551a430f4ccf0382a10aa [32m200[0m 143.780 ms - 1853[0m
2026-04-23 12:37:13 [INFO]: [0mGET /api/problems/69b551a430f4ccf0382a10aa [36m304[0m 146.326 ms - -[0m
2026-04-23 12:38:27 [INFO]: Test run complete: 0/1 passed (java)
2026-04-23 12:38:27 [INFO]: [0mPOST /api/submissions/run [32m200[0m 4242.819 ms - 217[0m
2026-04-23 12:38:27 [INFO]: [Arena] Room BF20A8: Supreeth Reddy passed test 0/1
2026-04-23 12:38:36 [INFO]: Test run complete: 0/1 passed (java)
2026-04-23 12:38:36 [INFO]: [0mPOST /api/submissions/run [32m200[0m 3400.735 ms - 217[0m
2026-04-23 12:38:36 [INFO]: [Arena] Room BF20A8: Supreeth Reddy passed test 0/1
2026-04-23 12:38:44 [INFO]: Test run complete: 0/3 passed (java)
2026-04-23 12:38:45 [INFO]: Submission created: user=69b55b4c2a4ff06cb7d760fa problem=69b551a430f4ccf0382a10aa correct=false xp=0
2026-04-23 12:38:45 [INFO]: [0mPOST /api/submissions [32m201[0m 7286.507 ms - 2967[0m
2026-04-23 12:38:45 [INFO]: [Arena] Room BF20A8: Supreeth Reddy submitted. 0/3 passed.
2026-04-23 12:39:30 [INFO]: [Arena] Socket disconnected: QRVKjjwKgIttiU4EAAAe
2026-04-23 12:39:30 [INFO]: [Arena] Supreeth Reddy disconnected from room BF20A8. Starting grace period.
2026-04-23 12:39:31 [INFO]: [0mGET /api/skills [32m200[0m 113.577 ms - 4858[0m
2026-04-23 12:39:31 [INFO]: [0mGET /api/problems?page=1&limit=15 [32m200[0m 131.289 ms - 23596[0m
2026-04-23 12:39:31 [INFO]: [0mGET /api/skills [36m304[0m 109.365 ms - -[0m
2026-04-23 12:39:31 [INFO]: [0mGET /api/problems?page=1&limit=15 [36m304[0m 163.859 ms - -[0m
2026-04-23 12:39:34 [INFO]: [0mGET /api/problems/69b551a430f4ccf0382a10ab [36m304[0m 174.177 ms - -[0m
2026-04-23 12:39:34 [INFO]: [0mGET /api/problems/69b551a430f4ccf0382a10ab [36m304[0m 154.426 ms - -[0m
2026-04-23 12:39:56 [INFO]: User logged in: supreethreddypannala@gmail.com
2026-04-23 12:39:56 [INFO]: [0mPOST /api/auth/login [32m200[0m 413.904 ms - 442[0m
2026-04-23 12:39:56 [INFO]: [0mGET /api/skills/my-states [32m200[0m 109.441 ms - 6439[0m
2026-04-23 12:39:56 [INFO]: [0mGET /api/problems [36m304[0m 199.350 ms - -[0m
2026-04-23 12:39:56 [INFO]: [0mGET /api/users/recommendations [36m304[0m 226.589 ms - -[0m
2026-04-23 12:39:57 [INFO]: [0mGET /api/skills/my-states [36m304[0m 212.562 ms - -[0m
2026-04-23 12:39:57 [INFO]: [0mGET /api/problems [36m304[0m 183.407 ms - -[0m
2026-04-23 12:39:57 [INFO]: [0mGET /api/users/recommendations [36m304[0m 190.701 ms - -[0m
2026-04-23 12:39:57 [INFO]: [0mGET /api/skills/my-states [36m304[0m 157.728 ms - -[0m
2026-04-23 12:39:57 [INFO]: [0mGET /api/skills/my-states [36m304[0m 108.927 ms - -[0m
2026-04-23 12:40:00 [INFO]: [Arena] Grace period expired for Supreeth Reddy in room BF20A8. Forfeiting.
2026-04-23 12:40:01 [INFO]: [0mGET /api/skills/my-states [36m304[0m 113.768 ms - -[0m
2026-04-23 12:40:01 [INFO]: [0mGET /api/submissions/history?limit=500 [32m200[0m 223.322 ms - 40933[0m
2026-04-23 12:40:01 [INFO]: [0mGET /api/skills/my-states [36m304[0m 134.959 ms - -[0m
2026-04-23 12:40:01 [INFO]: [0mGET /api/submissions/history?limit=500 [36m304[0m 139.227 ms - -[0m
2026-04-23 12:47:44 [INFO]: [0mGET /api/problems/69b551a430f4ccf0382a10aa [36m304[0m 253.367 ms - -[0m
2026-04-23 12:55:02 [INFO]: [Arena] Socket disconnected: c0SQdJqIRXmZmiFaAAAX
2026-04-23 12:55:02 [INFO]: [Arena] Angeerasa Reddy disconnected from room BF20A8. Starting grace period.
2026-04-23 12:55:03 [INFO]: [0mGET /api/auth/me [36m304[0m 77.202 ms - -[0m
2026-04-23 12:55:03 [INFO]: [0mGET /api/auth/me [32m200[0m 55.175 ms - 457[0m
2026-04-23 12:55:03 [INFO]: [0mGET /api/skills/my-states [36m304[0m 78.915 ms - -[0m
2026-04-23 12:55:03 [INFO]: [0mGET /api/skills/my-states [32m200[0m 83.431 ms - 6375[0m
2026-04-23 12:55:03 [INFO]: [Arena] Socket connected: G63uBKUB_ooRcKzWAAAh
2026-04-23 12:55:06 [INFO]: [0mGET /api/auth/me [32m200[0m 28.391 ms - 607[0m
2026-04-23 12:55:06 [INFO]: [0mGET /api/auth/me [36m304[0m 28.808 ms - -[0m
2026-04-23 12:55:06 [INFO]: [0mGET /api/skills/my-states [36m304[0m 90.163 ms - -[0m
2026-04-23 12:55:06 [INFO]: [0mGET /api/submissions/history?limit=500 [36m304[0m 119.290 ms - -[0m
2026-04-23 12:55:06 [INFO]: [0mGET /api/skills/my-states [36m304[0m 64.784 ms - -[0m
2026-04-23 12:55:06 [INFO]: [0mGET /api/submissions/history?limit=500 [36m304[0m 107.610 ms - -[0m
2026-04-23 12:55:06 [INFO]: [0mGET /api/skills/my-states [36m304[0m 70.967 ms - -[0m
2026-04-23 12:55:06 [INFO]: [0mGET /api/skills/my-states [36m304[0m 66.882 ms - -[0m
2026-04-23 12:55:09 [INFO]: [0mGET /api/problems [36m304[0m 105.049 ms - -[0m
2026-04-23 12:55:09 [INFO]: [0mGET /api/problems [32m200[0m 141.532 ms - 31597[0m
2026-04-23 12:55:35 [INFO]: [Arena] Socket connected: lZLsAwTTRJ9GOXI_AAAk
2026-04-23 12:55:35 [INFO]: [0mGET /api/problems [36m304[0m 99.995 ms - -[0m
2026-04-23 12:55:35 [INFO]: [0mGET /api/problems [36m304[0m 154.874 ms - -[0m
2026-04-23 12:55:47 [INFO]: [Arena] Room 87220A created by Supreeth Reddy (69b55b4c2a4ff06cb7d760fa). Mode: coop-split
2026-04-23 12:55:59 [INFO]: [Arena] Angeerasa Reddy (69e9a75de78c372318bfb9c4) joined room 87220A
2026-04-23 12:56:01 [INFO]: [Arena] Match started in room 87220A. Mode: coop-split
2026-04-23 12:56:02 [INFO]: [Arena] Socket disconnected: lZLsAwTTRJ9GOXI_AAAk
2026-04-23 12:56:02 [INFO]: [Arena] Supreeth Reddy disconnected from room 87220A. Starting grace period.
2026-04-23 12:56:02 [INFO]: [Arena] Socket disconnected: G63uBKUB_ooRcKzWAAAh
2026-04-23 12:56:02 [INFO]: [Arena] Angeerasa Reddy disconnected from room 87220A. Starting grace period.
2026-04-23 12:56:12 [INFO]: [0mGET /api/auth/me [36m304[0m 51.847 ms - -[0m
2026-04-23 12:56:12 [INFO]: [0mGET /api/auth/me [36m304[0m 44.996 ms - -[0m
2026-04-23 12:56:12 [INFO]: [Arena] Socket connected: 1JNJ1zwXmdEUtNXOAAAn
2026-04-23 12:56:12 [INFO]: [0mGET /api/skills/my-states [36m304[0m 93.997 ms - -[0m
2026-04-23 12:56:12 [INFO]: [0mGET /api/problems [36m304[0m 154.542 ms - -[0m
2026-04-23 12:56:12 [INFO]: [0mGET /api/skills/my-states [36m304[0m 92.723 ms - -[0m
2026-04-23 12:56:12 [INFO]: [0mGET /api/problems [36m304[0m 149.147 ms - -[0m
2026-04-23 12:56:14 [INFO]: [0mGET /api/auth/me [36m304[0m 44.508 ms - -[0m
2026-04-23 12:56:14 [INFO]: [0mGET /api/auth/me [32m200[0m 45.007 ms - 457[0m
2026-04-23 12:56:14 [INFO]: [0mGET /api/skills/my-states [36m304[0m 95.052 ms - -[0m
2026-04-23 12:56:14 [INFO]: [0mGET /api/skills/my-states [32m200[0m 94.348 ms - 6375[0m
2026-04-23 12:56:14 [INFO]: [Arena] Socket connected: hJvnrcvlH8yXEGxLAAAq
2026-04-23 12:56:15 [INFO]: [0mGET /api/problems [36m304[0m 146.339 ms - -[0m
2026-04-23 12:56:15 [INFO]: [0mGET /api/problems [32m200[0m 152.498 ms - 31597[0m
2026-04-23 12:56:23 [INFO]: [Arena] Room 620BAB created by Supreeth Reddy (69b55b4c2a4ff06cb7d760fa). Mode: coop-split
2026-04-23 12:56:32 [INFO]: [Arena] Angeerasa Reddy (69e9a75de78c372318bfb9c4) joined room 620BAB
2026-04-23 12:56:34 [INFO]: [Arena] Match started in room 620BAB. Mode: coop-split
2026-04-23 12:56:34 [INFO]: [Arena] Socket disconnected: 1JNJ1zwXmdEUtNXOAAAn
2026-04-23 12:56:34 [INFO]: [Arena] Supreeth Reddy disconnected from room 620BAB. Starting grace period.
2026-04-23 12:56:34 [INFO]: [Arena] Socket disconnected: hJvnrcvlH8yXEGxLAAAq
2026-04-23 12:56:34 [INFO]: [Arena] Angeerasa Reddy disconnected from room 620BAB. Starting grace period.
2026-04-23 13:00:06 [INFO]: [0mGET /api/auth/me [32m200[0m 28.118 ms - 457[0m
2026-04-23 13:00:06 [INFO]: [0mGET /api/auth/me [36m304[0m 32.950 ms - -[0m
2026-04-23 13:00:06 [INFO]: [0mGET /api/auth/me [36m304[0m 28.799 ms - -[0m
2026-04-23 13:00:06 [INFO]: [0mGET /api/auth/me [36m304[0m 37.887 ms - -[0m
2026-04-23 13:00:06 [INFO]: [Arena] Socket connected: 4L7BzOEze10_2xEgAAAt
2026-04-23 13:00:06 [INFO]: [0mGET /api/skills/my-states [36m304[0m 66.577 ms - -[0m
2026-04-23 13:00:06 [INFO]: [0mGET /api/skills/my-states [32m200[0m 68.739 ms - 6375[0m
2026-04-23 13:00:06 [INFO]: [Arena] Socket connected: ep7WXyplUMcucmbeAAAw
2026-04-23 13:00:06 [INFO]: [0mGET /api/skills/my-states [36m304[0m 74.845 ms - -[0m
2026-04-23 13:00:06 [INFO]: [0mGET /api/skills/my-states [36m304[0m 70.679 ms - -[0m
2026-04-23 13:00:14 [INFO]: [0mGET /api/problems [36m304[0m 114.865 ms - -[0m
2026-04-23 13:00:14 [INFO]: [0mGET /api/problems [32m200[0m 373.642 ms - 31597[0m
2026-04-23 13:01:39 [INFO]: [Arena] Socket disconnected: ep7WXyplUMcucmbeAAAw
2026-04-23 13:01:40 [INFO]: [0mGET /api/auth/me [36m304[0m 32.827 ms - -[0m
2026-04-23 13:01:40 [INFO]: [0mGET /api/auth/me [36m304[0m 31.388 ms - -[0m
2026-04-23 13:01:40 [INFO]: [Arena] Socket connected: 6w-gmAsCOCtJptw9AAAz
2026-04-23 13:01:40 [INFO]: [0mGET /api/skills/my-states [36m304[0m 67.345 ms - -[0m
2026-04-23 13:01:40 [INFO]: [0mGET /api/skills/my-states [36m304[0m 64.360 ms - -[0m
2026-04-23 13:01:42 [INFO]: [0mGET /api/problems [36m304[0m 97.226 ms - -[0m
2026-04-23 13:01:42 [INFO]: [0mGET /api/problems [36m304[0m 129.877 ms - -[0m
2026-04-23 13:01:42 [INFO]: [Arena] Socket disconnected: 6w-gmAsCOCtJptw9AAAz
2026-04-23 13:01:43 [INFO]: [0mGET /api/auth/me [36m304[0m 30.907 ms - -[0m
2026-04-23 13:01:43 [INFO]: [0mGET /api/auth/me [36m304[0m 32.937 ms - -[0m
2026-04-23 13:01:43 [INFO]: [0mGET /api/skills/my-states [36m304[0m 73.659 ms - -[0m
2026-04-23 13:01:43 [INFO]: [0mGET /api/problems [36m304[0m 97.520 ms - -[0m
2026-04-23 13:01:43 [INFO]: [0mGET /api/skills/my-states [36m304[0m 68.516 ms - -[0m
2026-04-23 13:01:43 [INFO]: [Arena] Socket connected: PJXi225u1h165PF9AAA3
2026-04-23 13:01:43 [INFO]: [0mGET /api/problems [36m304[0m 95.834 ms - -[0m
2026-04-23 13:01:48 [INFO]: [Arena] Room 152FF8 created by Supreeth Reddy (69b55b4c2a4ff06cb7d760fa). Mode: coop-split
2026-04-23 13:01:59 [INFO]: [Arena] Angeerasa Reddy (69e9a75de78c372318bfb9c4) joined room 152FF8
2026-04-23 13:02:01 [INFO]: [Arena] Match started in room 152FF8. Mode: coop-split
2026-04-23 13:02:01 [INFO]: [0mGET /api/problems/69b551a430f4ccf0382a10ab [36m304[0m 111.132 ms - -[0m
2026-04-23 13:02:01 [INFO]: [0mGET /api/problems/69b551a430f4ccf0382a10ab [36m304[0m 104.936 ms - -[0m
2026-04-23 13:02:01 [INFO]: [0mGET /api/problems/69b551a430f4ccf0382a10ab [32m200[0m 109.531 ms - 2091[0m
2026-04-23 13:02:01 [INFO]: [0mGET /api/problems/69b551a430f4ccf0382a10ab [36m304[0m 101.448 ms - -[0m
2026-04-23 13:02:46 [INFO]: Test run complete: 0/1 passed (java)
2026-04-23 13:02:46 [INFO]: [0mPOST /api/submissions/run [32m200[0m 2803.614 ms - 535[0m
2026-04-23 13:02:46 [INFO]: [Arena] Room 152FF8: Supreeth Reddy passed test 0/1
2026-04-23 13:02:55 [INFO]: Test run complete: 0/1 passed (java)
2026-04-23 13:02:55 [INFO]: [0mPOST /api/submissions/run [32m200[0m 1378.321 ms - 535[0m
2026-04-23 13:02:55 [INFO]: [Arena] Room 152FF8: Supreeth Reddy passed test 0/1
2026-04-23 13:03:01 [INFO]: Test run complete: 0/3 passed (java)
2026-04-23 13:03:02 [INFO]: Submission created: user=69b55b4c2a4ff06cb7d760fa problem=69b551a430f4ccf0382a10ab correct=false xp=0
2026-04-23 13:03:02 [INFO]: [0mPOST /api/submissions [32m201[0m 5578.782 ms - 3521[0m
2026-04-23 13:03:02 [INFO]: [Arena] Room 152FF8: Supreeth Reddy submitted. 0/3 passed.
2026-04-23 13:38:59 [INFO]: [Arena] /arena namespace initialised
2026-04-23 13:38:59 [INFO]: MongoDB connection attempt 1/3
2026-04-23 13:39:00 [INFO]: MongoDB connected successfully
2026-04-23 13:39:19 [INFO]: [Arena] /arena namespace initialised
2026-04-23 13:39:20 [INFO]: MongoDB connection attempt 1/3
2026-04-23 13:39:20 [INFO]: MongoDB connected successfully
2026-04-23 13:39:20 [INFO]: Server running on port 5000 in development mode
2026-04-23 13:39:20 [WARN]: Piston Execution API unavailable on boot: connect ECONNREFUSED 127.0.0.1:2000 (offline)
2026-04-23 13:39:35 [INFO]: User logged in: supreethreddypannala@gmail.com
2026-04-23 13:39:35 [INFO]: [0mPOST /api/auth/login [32m200[0m 243.266 ms - 442[0m
2026-04-23 13:39:35 [INFO]: [0mGET /api/skills/my-states [32m200[0m 111.540 ms - 6439[0m
2026-04-23 13:39:35 [INFO]: [0mGET /api/problems [32m200[0m 154.698 ms - 31597[0m
2026-04-23 13:39:35 [INFO]: [0mGET /api/users/recommendations [32m200[0m 185.078 ms - 2080[0m
2026-04-23 13:39:35 [INFO]: [0mGET /api/skills/my-states [36m304[0m 92.950 ms - -[0m
2026-04-23 13:39:35 [INFO]: [0mGET /api/problems [36m304[0m 134.791 ms - -[0m
2026-04-23 13:39:35 [INFO]: [0mGET /api/users/recommendations [36m304[0m 110.117 ms - -[0m
2026-04-23 13:39:35 [INFO]: [0mGET /api/skills/my-states [36m304[0m 90.271 ms - -[0m
2026-04-23 13:39:35 [INFO]: [0mGET /api/skills/my-states [36m304[0m 86.184 ms - -[0m
2026-04-23 13:40:02 [INFO]: [Arena] Socket connected: dpbORhIktCWIa3TsAAAC
2026-04-23 13:40:02 [INFO]: [0mGET /api/problems [36m304[0m 105.382 ms - -[0m
2026-04-23 13:40:02 [INFO]: [0mGET /api/problems [36m304[0m 100.466 ms - -[0m
2026-04-23 13:40:03 [INFO]: [Arena] Socket disconnected: dpbORhIktCWIa3TsAAAC
2026-04-23 13:40:03 [INFO]: [0mGET /api/skills [32m200[0m 69.667 ms - 4858[0m
2026-04-23 13:40:03 [INFO]: [0mGET /api/problems?page=1&limit=15 [32m200[0m 94.519 ms - 23596[0m
2026-04-23 13:40:03 [INFO]: [0mGET /api/skills [36m304[0m 64.967 ms - -[0m
2026-04-23 13:40:03 [INFO]: [0mGET /api/problems?page=1&limit=15 [36m304[0m 94.504 ms - -[0m
2026-04-23 13:40:04 [INFO]: [0mGET /api/problems/69b551a430f4ccf0382a10ab [32m200[0m 109.433 ms - 2091[0m
2026-04-23 13:40:04 [INFO]: [0mGET /api/problems/69b551a430f4ccf0382a10ab [36m304[0m 90.578 ms - -[0m
2026-04-23 13:50:27 [INFO]: [0mGET /api/skills/my-states [36m304[0m 168.135 ms - -[0m
2026-04-23 13:50:27 [INFO]: [0mGET /api/problems [36m304[0m 120.062 ms - -[0m
2026-04-23 13:50:27 [INFO]: [0mGET /api/users/recommendations [36m304[0m 131.639 ms - -[0m
2026-04-23 13:50:27 [INFO]: [0mGET /api/skills/my-states [36m304[0m 211.853 ms - -[0m
2026-04-23 13:50:27 [INFO]: [0mGET /api/problems [36m304[0m 225.446 ms - -[0m
2026-04-23 13:50:27 [INFO]: [0mGET /api/users/recommendations [36m304[0m 147.267 ms - -[0m
2026-04-23 14:37:43 [INFO]: [Arena] /arena namespace initialised
2026-04-23 14:37:43 [INFO]: MongoDB connection attempt 1/3
2026-04-23 14:37:44 [INFO]: MongoDB connected successfully
2026-04-23 14:37:44 [INFO]: Server running on port 5000 in development mode
2026-04-23 14:37:44 [WARN]: Piston Execution API unavailable on boot: connect ECONNREFUSED 127.0.0.1:2000 (offline)
2026-04-23 14:37:52 [INFO]: [0mGET /api/auth/me [32m200[0m 79.442 ms - 607[0m
2026-04-23 14:37:52 [INFO]: [0mGET /api/auth/me [36m304[0m 41.650 ms - -[0m
2026-04-23 14:37:52 [INFO]: [0mGET /api/skills/my-states [36m304[0m 138.529 ms - -[0m
2026-04-23 14:37:52 [INFO]: [0mGET /api/problems [36m304[0m 152.891 ms - -[0m
2026-04-23 14:37:52 [INFO]: [0mGET /api/users/recommendations [36m304[0m 178.790 ms - -[0m
2026-04-23 14:37:53 [INFO]: [0mGET /api/skills/my-states [36m304[0m 93.687 ms - -[0m
2026-04-23 14:37:53 [INFO]: [0mGET /api/problems [36m304[0m 129.870 ms - -[0m
2026-04-23 14:37:53 [INFO]: [0mGET /api/users/recommendations [36m304[0m 130.601 ms - -[0m
2026-04-23 14:37:53 [INFO]: [0mGET /api/skills/my-states [36m304[0m 85.654 ms - -[0m
2026-04-23 14:37:53 [INFO]: [0mGET /api/submissions/history?limit=5 [32m200[0m 371.272 ms - 6769[0m
2026-04-23 14:37:53 [INFO]: [0mGET /api/skills/my-states [36m304[0m 76.886 ms - -[0m
2026-04-23 14:37:53 [INFO]: [0mGET /api/submissions/history?limit=5 [36m304[0m 82.482 ms - -[0m
2026-04-23 14:38:05 [INFO]: [0mGET /api/skills [36m304[0m 87.178 ms - -[0m
2026-04-23 14:38:05 [INFO]: [0mGET /api/problems?page=1&limit=15 [36m304[0m 109.753 ms - -[0m
2026-04-23 14:38:05 [INFO]: [0mGET /api/skills [36m304[0m 78.539 ms - -[0m
2026-04-23 14:38:05 [INFO]: [0mGET /api/problems?page=1&limit=15 [36m304[0m 118.719 ms - -[0m
2026-04-23 14:38:09 [INFO]: [0mGET /api/problems/69b551a430f4ccf0382a10ab [36m304[0m 119.197 ms - -[0m
2026-04-23 14:38:10 [INFO]: [0mGET /api/problems/69b551a430f4ccf0382a10ab [36m304[0m 118.292 ms - -[0m
2026-04-23 14:38:52 [INFO]: [0mGET /api/skills/my-states [36m304[0m 97.305 ms - -[0m
2026-04-23 14:38:53 [INFO]: [0mGET /api/submissions/history?limit=5 [36m304[0m 97.752 ms - -[0m
2026-04-23 14:38:53 [INFO]: [0mGET /api/problems [36m304[0m 129.936 ms - -[0m
2026-04-23 14:38:53 [INFO]: [0mGET /api/users/recommendations [36m304[0m 143.130 ms - -[0m
2026-04-23 14:38:53 [INFO]: [0mGET /api/submissions/history?limit=5 [36m304[0m 85.290 ms - -[0m
2026-04-23 14:38:53 [INFO]: [0mGET /api/skills/my-states [36m304[0m 92.855 ms - -[0m
2026-04-23 14:38:53 [INFO]: [0mGET /api/problems [36m304[0m 118.682 ms - -[0m
2026-04-23 14:38:53 [INFO]: [0mGET /api/users/recommendations [36m304[0m 140.718 ms - -[0m
2026-04-23 14:38:56 [INFO]: [Arena] Socket connected: 088ScmkAvcno8bVcAAAB
2026-04-23 14:38:56 [INFO]: [0mGET /api/problems [36m304[0m 121.944 ms - -[0m
2026-04-23 14:38:56 [INFO]: [0mGET /api/problems [36m304[0m 169.329 ms - -[0m
2026-04-23 14:38:57 [INFO]: [Arena] Socket disconnected: 088ScmkAvcno8bVcAAAB
2026-04-23 14:39:00 [INFO]: Socket connected: ppWqOdKbdOa8s5ZIAAAD
2026-04-23 14:39:00 [INFO]: Socket ppWqOdKbdOa8s5ZIAAAD joined room user:69b55b4c2a4ff06cb7d760fa
2026-04-23 14:39:00 [INFO]: [0mGET /api/leaderboard [32m200[0m 91.634 ms - 315[0m
2026-04-23 14:39:00 [INFO]: [0mGET /api/leaderboard [36m304[0m 81.540 ms - -[0m
2026-04-23 14:39:00 [WARN]: Redis error — leaderboard will use MongoDB fallback {"error":"WRONGPASS invalid username-password pair"}
2026-04-23 14:39:01 [INFO]: Socket disconnected: ppWqOdKbdOa8s5ZIAAAD
2026-04-23 14:39:01 [INFO]: [0mGET /api/skills/my-states [36m304[0m 102.951 ms - -[0m
2026-04-23 14:39:01 [INFO]: [0mGET /api/submissions/history?limit=500 [32m200[0m 132.098 ms - 42240[0m
2026-04-23 14:39:01 [INFO]: [0mGET /api/skills/my-states [36m304[0m 84.404 ms - -[0m
2026-04-23 14:39:01 [INFO]: [0mGET /api/submissions/history?limit=500 [36m304[0m 124.031 ms - -[0m
2026-04-23 14:39:05 [INFO]: [0mGET /api/skills/my-states [36m304[0m 78.839 ms - -[0m
2026-04-23 14:39:05 [INFO]: [0mGET /api/submissions/history?limit=5 [36m304[0m 83.631 ms - -[0m
2026-04-23 14:39:05 [INFO]: [0mGET /api/problems [36m304[0m 116.525 ms - -[0m
2026-04-23 14:39:05 [INFO]: [0mGET /api/skills/my-states [36m304[0m 104.195 ms - -[0m
2026-04-23 14:39:05 [INFO]: [0mGET /api/users/recommendations [36m304[0m 191.499 ms - -[0m
2026-04-23 14:39:05 [INFO]: [0mGET /api/submissions/history?limit=5 [36m304[0m 138.006 ms - -[0m
2026-04-23 14:39:05 [INFO]: [0mGET /api/problems [36m304[0m 139.618 ms - -[0m
2026-04-23 14:39:05 [INFO]: [0mGET /api/users/recommendations [36m304[0m 119.179 ms - -[0m
2026-04-23 14:44:13 [INFO]: [0mGET /api/auth/me [36m304[0m 41.322 ms - -[0m
2026-04-23 14:44:13 [INFO]: [0mGET /api/auth/me [36m304[0m 39.567 ms - -[0m
2026-04-23 14:44:13 [INFO]: [0mGET /api/skills/my-states [36m304[0m 80.789 ms - -[0m
2026-04-23 14:44:13 [INFO]: [0mGET /api/submissions/history?limit=5 [36m304[0m 83.875 ms - -[0m
2026-04-23 14:44:13 [INFO]: [0mGET /api/users/recommendations [36m304[0m 118.476 ms - -[0m
2026-04-23 14:44:13 [INFO]: [0mGET /api/problems [36m304[0m 132.782 ms - -[0m
2026-04-23 14:44:13 [INFO]: [0mGET /api/skills/my-states [36m304[0m 78.880 ms - -[0m
2026-04-23 14:44:13 [INFO]: [0mGET /api/submissions/history?limit=5 [36m304[0m 78.982 ms - -[0m
2026-04-23 14:44:13 [INFO]: [0mGET /api/problems [36m304[0m 90.990 ms - -[0m
2026-04-23 14:44:13 [INFO]: [0mGET /api/skills/my-states [36m304[0m 83.995 ms - -[0m
2026-04-23 14:44:13 [INFO]: [0mGET /api/users/recommendations [36m304[0m 123.195 ms - -[0m
2026-04-23 14:44:13 [INFO]: [0mGET /api/skills/my-states [36m304[0m 80.603 ms - -[0m
2026-04-23 15:11:57 [INFO]: [0mGET /api/auth/me [32m200[0m 116.725 ms - 607[0m
2026-04-23 15:11:57 [INFO]: [0mGET /api/auth/me [36m304[0m 37.945 ms - -[0m
2026-04-23 15:11:57 [INFO]: [0mGET /api/skills/my-states [32m200[0m 101.958 ms - 6439[0m
2026-04-23 15:11:57 [INFO]: [0mGET /api/submissions/history?limit=5 [32m200[0m 88.302 ms - 6769[0m
2026-04-23 15:11:57 [INFO]: [0mGET /api/problems [32m200[0m 129.058 ms - 31597[0m
2026-04-23 15:11:57 [INFO]: [0mGET /api/users/recommendations [32m200[0m 146.469 ms - 2080[0m
2026-04-23 15:11:57 [INFO]: [0mGET /api/skills/my-states [36m304[0m 88.100 ms - -[0m
2026-04-23 15:11:57 [INFO]: [0mGET /api/submissions/history?limit=5 [36m304[0m 106.363 ms - -[0m
2026-04-23 15:11:58 [INFO]: [0mGET /api/problems [36m304[0m 98.108 ms - -[0m
2026-04-23 15:11:58 [INFO]: [0mGET /api/skills/my-states [36m304[0m 79.284 ms - -[0m
2026-04-23 15:11:58 [INFO]: [0mGET /api/users/recommendations [36m304[0m 132.668 ms - -[0m
2026-04-23 15:11:58 [INFO]: [0mGET /api/skills/my-states [36m304[0m 80.074 ms - -[0m
2026-04-23 15:22:56 [INFO]: [0mGET /api/skills [36m304[0m 238.196 ms - -[0m
2026-04-23 15:22:56 [INFO]: [0mGET /api/problems?page=1&limit=15 [36m304[0m 218.585 ms - -[0m
2026-04-23 15:22:57 [INFO]: [0mGET /api/skills [36m304[0m 104.126 ms - -[0m
2026-04-23 15:22:57 [INFO]: [0mGET /api/problems?page=1&limit=15 [36m304[0m 153.105 ms - -[0m
2026-04-23 15:22:58 [INFO]: [0mGET /api/skills/my-states [36m304[0m 170.036 ms - -[0m
2026-04-23 15:22:58 [INFO]: [0mGET /api/submissions/history?limit=500 [36m304[0m 257.263 ms - -[0m
2026-04-23 15:22:58 [INFO]: [0mGET /api/skills/my-states [36m304[0m 142.622 ms - -[0m
2026-04-23 15:22:59 [INFO]: [0mGET /api/submissions/history?limit=500 [36m304[0m 187.396 ms - -[0m
2026-04-23 15:23:00 [INFO]: [0mGET /api/skills [36m304[0m 114.619 ms - -[0m
2026-04-23 15:23:00 [INFO]: [0mGET /api/problems?page=1&limit=15 [36m304[0m 144.641 ms - -[0m
2026-04-23 15:23:00 [INFO]: [0mGET /api/skills [36m304[0m 83.890 ms - -[0m
2026-04-23 15:23:00 [INFO]: [0mGET /api/problems?page=1&limit=15 [36m304[0m 125.295 ms - -[0m
2026-04-23 15:23:03 [INFO]: [0mGET /api/problems/69b551a430f4ccf0382a10ab [36m304[0m 149.635 ms - -[0m
2026-04-23 15:23:03 [INFO]: [0mGET /api/problems/69b551a430f4ccf0382a10ab [36m304[0m 145.638 ms - -[0m
2026-04-23 15:25:10 [INFO]: [0mGET /api/auth/me [36m304[0m 351.320 ms - -[0m
2026-04-23 15:25:10 [INFO]: [0mGET /api/auth/me [36m304[0m 36.197 ms - -[0m
2026-04-23 15:25:10 [INFO]: [0mGET /api/skills/my-states [36m304[0m 100.856 ms - -[0m
2026-04-23 15:25:10 [INFO]: [0mGET /api/skills/my-states [36m304[0m 77.050 ms - -[0m
2026-04-23 15:25:10 [INFO]: [0mGET /api/problems/69b551a430f4ccf0382a10ab [36m304[0m 396.461 ms - -[0m
2026-04-23 15:25:10 [INFO]: [0mGET /api/problems/69b551a430f4ccf0382a10ab [36m304[0m 151.222 ms - -[0m
2026-04-23 15:25:13 [INFO]: [0mGET /api/skills/my-states [36m304[0m 117.123 ms - -[0m
2026-04-23 15:25:13 [INFO]: [0mGET /api/problems [36m304[0m 177.714 ms - -[0m
2026-04-23 15:25:13 [INFO]: [0mGET /api/users/recommendations [36m304[0m 197.713 ms - -[0m
2026-04-23 15:25:13 [INFO]: [0mGET /api/skills/my-states [36m304[0m 123.006 ms - -[0m
2026-04-23 15:25:13 [INFO]: [0mGET /api/submissions/history?limit=5 [36m304[0m 392.202 ms - -[0m
2026-04-23 15:25:13 [INFO]: [0mGET /api/problems [36m304[0m 215.778 ms - -[0m
2026-04-23 15:25:13 [INFO]: [0mGET /api/users/recommendations [36m304[0m 211.403 ms - -[0m
2026-04-23 15:25:13 [INFO]: [0mGET /api/submissions/history?limit=5 [36m304[0m 87.926 ms - -[0m
2026-04-23 15:34:02 [INFO]: [0mGET /api/skills [36m304[0m 216.673 ms - -[0m
2026-04-23 15:34:02 [INFO]: [0mGET /api/problems?page=1&limit=15 [36m304[0m 203.105 ms - -[0m
2026-04-23 15:34:02 [INFO]: [0mGET /api/skills [36m304[0m 407.978 ms - -[0m
2026-04-23 15:34:02 [INFO]: [0mGET /api/problems?page=1&limit=15 [36m304[0m 408.361 ms - -[0m
2026-04-23 15:34:05 [INFO]: [0mGET /api/problems/69b551a430f4ccf0382a10ab [36m304[0m 163.370 ms - -[0m
2026-04-23 15:34:05 [INFO]: [0mGET /api/problems/69b551a430f4ccf0382a10ab [36m304[0m 136.035 ms - -[0m
2026-04-23 15:42:33 [INFO]: User logged in: supreethreddypannala@gmail.com
2026-04-23 15:42:33 [INFO]: [0mPOST /api/auth/login [32m200[0m 609.504 ms - 442[0m
2026-04-23 15:42:34 [INFO]: [0mGET /api/skills/my-states [36m304[0m 297.705 ms - -[0m
2026-04-23 15:42:34 [INFO]: [0mGET /api/submissions/history?limit=5 [36m304[0m 280.926 ms - -[0m
2026-04-23 15:42:34 [INFO]: [0mGET /api/users/recommendations [36m304[0m 284.795 ms - -[0m
2026-04-23 15:42:34 [INFO]: [0mGET /api/skills/my-states [36m304[0m 163.356 ms - -[0m
2026-04-23 15:42:34 [INFO]: [0mGET /api/submissions/history?limit=5 [36m304[0m 161.772 ms - -[0m
2026-04-23 15:42:34 [INFO]: [0mGET /api/users/recommendations [36m304[0m 234.031 ms - -[0m
2026-04-23 15:42:34 [INFO]: [0mGET /api/skills/my-states [36m304[0m 125.581 ms - -[0m
2026-04-23 15:42:35 [INFO]: [0mGET /api/skills/my-states [36m304[0m 139.431 ms - -[0m
2026-04-23 15:42:35 [INFO]: [0mGET /api/problems [36m304[0m 776.942 ms - -[0m
2026-04-23 15:42:35 [INFO]: [0mGET /api/problems [36m304[0m 177.922 ms - -[0m
2026-04-23 15:42:48 [INFO]: [0mGET /api/auth/me [36m304[0m 44.013 ms - -[0m
2026-04-23 15:42:48 [INFO]: [0mGET /api/auth/me [36m304[0m 40.451 ms - -[0m
2026-04-23 15:42:48 [INFO]: [0mGET /api/skills [32m200[0m 78.748 ms - 4858[0m
2026-04-23 15:42:48 [INFO]: [0mGET /api/skills/my-states [36m304[0m 104.929 ms - -[0m
2026-04-23 15:42:48 [INFO]: [0mGET /api/problems?page=1&limit=15 [32m200[0m 142.103 ms - 23596[0m
2026-04-23 15:42:48 [INFO]: [0mGET /api/skills [36m304[0m 79.223 ms - -[0m
2026-04-23 15:42:48 [INFO]: [0mGET /api/skills/my-states [36m304[0m 89.969 ms - -[0m
2026-04-23 15:42:48 [INFO]: [0mGET /api/problems?page=1&limit=15 [36m304[0m 119.195 ms - -[0m
2026-04-23 15:42:56 [INFO]: [0mGET /api/problems/69b551a430f4ccf0382a10ab [32m200[0m 143.728 ms - 2091[0m
2026-04-23 15:42:57 [INFO]: [0mGET /api/problems/69b551a430f4ccf0382a10ab [36m304[0m 147.897 ms - -[0m
